customer_id,signup_date,acquisition_channel,age,city_tier
CUST00001,2023-10-23,Paid Ads,19,Tier 3
CUST00002,2023-08-26,Organic Search,47,Tier 3
CUST00003,2023-09-10,Email,42,Tier 1
CUST00004,2023-07-07,Email,34,Tier 1
CUST00005,2023-12-31,Social Media,43,Tier 3
CUST00006,2023-10-27,Organic Search,41,Tier 2
CUST00007,2024-01-11,Paid Ads,46,Tier 2
CUST00008,2023-10-22,Organic Search,34,Tier 2
CUST00009,2023-07-16,Organic Search,56,Tier 2
CUST00010,2023-09-21,Social Media,29,Tier 1
CUST00011,2023-12-26,Social Media,21,Tier 2
CUST00012,2023-09-10,Paid Ads,33,Tier 1
CUST00013,2023-11-01,Email,19,Tier 2
CUST00014,2023-10-21,Organic Search,25,Tier 3
CUST00015,2023-07-12,Social Media,19,Tier 2
CUST00016,2023-11-03,Organic Search,50,Tier 3
CUST00017,2023-08-22,Organic Search,27,Tier 2
CUST00018,2023-09-13,Paid Ads,47,Tier 2
CUST00019,2023-11-10,Email,44,Tier 2
CUST00020,2023-07-27,Email,41,Tier 3
CUST00021,2023-11-17,Organic Search,47,Tier 2
CUST00022,2023-11-22,Paid Ads,56,Tier 1
CUST00023,2023-11-11,Paid Ads,51,Tier 3
CUST00024,2023-10-05,Organic Search,25,Tier 2
CUST00025,2023-07-05,Social Media,30,Tier 1
CUST00026,2023-08-26,Organic Search,49,Tier 2
CUST00027,2023-12-03,Paid Ads,50,Tier 3
CUST00028,2023-09-16,Email,38,Tier 2
CUST00029,2023-09-07,Organic Search,35,Tier 1
CUST00030,2023-10-26,Email,54,Tier 3
CUST00031,2023-10-28,Social Media,21,Tier 2
CUST00032,2023-08-28,Organic Search,19,Tier 2
CUST00033,2023-08-02,Referral,45,Tier 1
CUST00034,2023-08-31,Email,58,Tier 1
CUST00035,2023-08-19,Organic Search,51,Tier 2
CUST00036,2023-10-20,Paid Ads,38,Tier 3
CUST00037,2023-07-19,Paid Ads,32,Tier 1
CUST00038,2024-01-13,Social Media,54,Tier 1
CUST00039,2023-10-31,Social Media,23,Tier 1
CUST00040,2024-01-10,Social Media,41,Tier 2
CUST00041,2023-08-16,Referral,33,Tier 1
CUST00042,2023-12-14,Social Media,24,Tier 1
CUST00043,2024-01-12,Email,51,Tier 1
CUST00044,2023-08-02,Paid Ads,37,Tier 2
CUST00045,2023-11-18,Paid Ads,31,Tier 1
CUST00046,2023-09-22,Organic Search,47,Tier 1
CUST00047,2023-12-29,Social Media,24,Tier 3
CUST00048,2023-11-12,Paid Ads,33,Tier 1
CUST00049,2023-09-17,Organic Search,34,Tier 1
CUST00050,2023-07-14,Organic Search,42,Tier 3
CUST00051,2023-11-24,Paid Ads,41,Tier 1
CUST00052,2023-11-05,Email,28,Tier 2
CUST00053,2023-08-23,Paid Ads,59,Tier 1
CUST00054,2023-11-25,Email,59,Tier 2
CUST00055,2023-07-29,Paid Ads,35,Tier 1
CUST00056,2023-07-24,Email,48,Tier 3
CUST00057,2023-09-20,Organic Search,28,Tier 1
CUST00058,2023-09-01,Organic Search,37,Tier 1
CUST00059,2023-10-13,Email,47,Tier 2
CUST00060,2023-08-26,Paid Ads,20,Tier 3
CUST00061,2023-11-13,Organic Search,54,Tier 1
CUST00062,2023-08-31,Paid Ads,37,Tier 3
CUST00063,2023-12-04,Organic Search,25,Tier 1
CUST00064,2023-07-17,Paid Ads,44,Tier 2
CUST00065,2023-09-04,Paid Ads,33,Tier 1
CUST00066,2023-07-06,Email,56,Tier 2
CUST00067,2023-08-27,Social Media,21,Tier 1
CUST00068,2023-09-07,Organic Search,56,Tier 1
CUST00069,2023-12-03,Referral,34,Tier 1
CUST00070,2023-08-31,Paid Ads,20,Tier 1
CUST00071,2023-12-16,Email,49,Tier 3
CUST00072,2024-01-13,Email,46,Tier 3
CUST00073,2023-09-20,Email,25,Tier 2
CUST00074,2023-12-16,Paid Ads,48,Tier 1
CUST00075,2023-12-24,Paid Ads,25,Tier 1
CUST00076,2023-12-24,Organic Search,54,Tier 2
CUST00077,2023-09-09,Organic Search,47,Tier 3
CUST00078,2023-11-08,Paid Ads,42,Tier 2
CUST00079,2023-07-10,Paid Ads,57,Tier 3
CUST00080,2023-10-06,Paid Ads,22,Tier 3
CUST00081,2023-09-27,Organic Search,47,Tier 3
CUST00082,2023-08-04,Social Media,23,Tier 1
CUST00083,2023-07-02,Social Media,47,Tier 1
CUST00084,2023-11-01,Referral,48,Tier 2
CUST00085,2023-07-24,Paid Ads,47,Tier 2
CUST00086,2023-09-12,Social Media,44,Tier 1
CUST00087,2023-12-13,Social Media,37,Tier 1
CUST00088,2023-07-22,Paid Ads,44,Tier 2
CUST00089,2023-12-01,Paid Ads,55,Tier 2
CUST00090,2023-12-18,Referral,45,Tier 1
CUST00091,2023-12-30,Paid Ads,48,Tier 2
CUST00092,2023-08-08,Paid Ads,48,Tier 2
CUST00093,2023-12-04,Organic Search,21,Tier 2
CUST00094,2023-07-20,Organic Search,25,Tier 1
CUST00095,2023-08-10,Social Media,27,Tier 2
CUST00096,2023-12-29,Email,59,Tier 2
CUST00097,2023-11-25,Paid Ads,31,Tier 1
CUST00098,2023-10-16,Organic Search,33,Tier 2
CUST00099,2023-11-24,Email,23,Tier 1
CUST00100,2023-09-22,Email,47,Tier 1
CUST00101,2023-10-19,Organic Search,53,Tier 1
CUST00102,2023-09-04,Social Media,45,Tier 1
CUST00103,2023-12-05,Organic Search,45,Tier 1
CUST00104,2023-08-22,Paid Ads,26,Tier 3
CUST00105,2023-08-03,Email,50,Tier 1
CUST00106,2023-11-27,Organic Search,38,Tier 3
CUST00107,2023-09-05,Social Media,28,Tier 2
CUST00108,2023-11-11,Social Media,31,Tier 1
CUST00109,2023-07-27,Social Media,47,Tier 1
CUST00110,2023-07-10,Organic Search,53,Tier 2
CUST00111,2023-09-11,Organic Search,26,Tier 2
CUST00112,2023-10-04,Organic Search,47,Tier 1
CUST00113,2023-08-17,Paid Ads,49,Tier 1
CUST00114,2023-09-08,Social Media,59,Tier 2
CUST00115,2024-01-03,Social Media,48,Tier 1
CUST00116,2023-10-08,Social Media,40,Tier 3
CUST00117,2023-08-28,Referral,39,Tier 2
CUST00118,2023-07-02,Social Media,30,Tier 1
CUST00119,2023-12-04,Paid Ads,29,Tier 1
CUST00120,2024-01-12,Organic Search,20,Tier 1
CUST00121,2023-09-03,Email,59,Tier 3
CUST00122,2023-09-21,Organic Search,20,Tier 1
CUST00123,2023-12-01,Organic Search,52,Tier 1
CUST00124,2023-07-10,Paid Ads,21,Tier 2
CUST00125,2023-08-22,Social Media,34,Tier 1
CUST00126,2023-09-17,Organic Search,22,Tier 2
CUST00127,2023-08-28,Social Media,41,Tier 3
CUST00128,2023-11-27,Social Media,38,Tier 2
CUST00129,2023-12-26,Paid Ads,43,Tier 3
CUST00130,2023-08-17,Organic Search,48,Tier 3
CUST00131,2023-11-26,Organic Search,36,Tier 1
CUST00132,2023-10-31,Social Media,29,Tier 1
CUST00133,2023-07-22,Social Media,47,Tier 1
CUST00134,2023-10-08,Social Media,35,Tier 2
CUST00135,2023-10-06,Email,44,Tier 1
CUST00136,2023-12-05,Organic Search,41,Tier 3
CUST00137,2023-07-25,Organic Search,38,Tier 2
CUST00138,2023-07-28,Social Media,20,Tier 1
CUST00139,2024-01-09,Organic Search,42,Tier 2
CUST00140,2023-10-21,Paid Ads,49,Tier 1
CUST00141,2023-08-14,Paid Ads,45,Tier 3
CUST00142,2023-09-06,Organic Search,20,Tier 2
CUST00143,2023-07-07,Organic Search,32,Tier 1
CUST00144,2023-08-18,Paid Ads,22,Tier 1
CUST00145,2023-11-14,Organic Search,31,Tier 3
CUST00146,2023-12-11,Organic Search,54,Tier 2
CUST00147,2023-09-21,Social Media,53,Tier 3
CUST00148,2023-11-06,Social Media,26,Tier 1
CUST00149,2023-11-15,Organic Search,20,Tier 1
CUST00150,2023-12-11,Social Media,24,Tier 1
CUST00151,2023-09-11,Paid Ads,49,Tier 2
CUST00152,2023-08-15,Paid Ads,28,Tier 1
CUST00153,2023-10-14,Social Media,39,Tier 1
CUST00154,2023-12-07,Social Media,28,Tier 2
CUST00155,2023-08-01,Social Media,41,Tier 2
CUST00156,2023-07-06,Organic Search,21,Tier 1
CUST00157,2023-12-23,Organic Search,50,Tier 2
CUST00158,2023-12-13,Social Media,38,Tier 2
CUST00159,2023-11-22,Paid Ads,28,Tier 1
CUST00160,2023-09-12,Organic Search,47,Tier 1
CUST00161,2023-10-22,Social Media,59,Tier 1
CUST00162,2023-07-27,Social Media,52,Tier 2
CUST00163,2023-08-23,Social Media,55,Tier 3
CUST00164,2023-12-25,Paid Ads,38,Tier 1
CUST00165,2023-12-10,Social Media,26,Tier 1
CUST00166,2023-09-23,Organic Search,25,Tier 3
CUST00167,2023-11-04,Organic Search,24,Tier 3
CUST00168,2023-11-30,Email,29,Tier 2
CUST00169,2023-12-03,Organic Search,36,Tier 3
CUST00170,2023-10-19,Paid Ads,47,Tier 2
CUST00171,2023-07-15,Email,43,Tier 2
CUST00172,2023-11-09,Paid Ads,39,Tier 1
CUST00173,2023-10-01,Organic Search,21,Tier 1
CUST00174,2023-10-31,Organic Search,36,Tier 1
CUST00175,2023-09-11,Paid Ads,42,Tier 3
CUST00176,2023-12-02,Paid Ads,56,Tier 3
CUST00177,2023-12-01,Social Media,28,Tier 2
CUST00178,2023-11-24,Social Media,45,Tier 1
CUST00179,2023-09-30,Paid Ads,30,Tier 1
CUST00180,2023-07-17,Social Media,25,Tier 1
CUST00181,2023-08-12,Organic Search,35,Tier 1
CUST00182,2023-10-29,Organic Search,19,Tier 2
CUST00183,2023-08-10,Social Media,44,Tier 3
CUST00184,2023-12-17,Paid Ads,33,Tier 1
CUST00185,2023-12-25,Referral,51,Tier 1
CUST00186,2023-12-15,Paid Ads,55,Tier 2
CUST00187,2023-08-08,Social Media,49,Tier 1
CUST00188,2023-10-21,Paid Ads,53,Tier 3
CUST00189,2023-11-28,Paid Ads,19,Tier 1
CUST00190,2023-10-19,Paid Ads,26,Tier 1
CUST00191,2023-12-27,Social Media,30,Tier 1
CUST00192,2023-08-16,Paid Ads,37,Tier 1
CUST00193,2023-09-01,Referral,43,Tier 2
CUST00194,2023-10-18,Organic Search,50,Tier 1
CUST00195,2023-09-07,Organic Search,30,Tier 1
CUST00196,2023-08-12,Paid Ads,31,Tier 2
CUST00197,2023-12-23,Email,46,Tier 1
CUST00198,2023-08-03,Social Media,19,Tier 1
CUST00199,2023-08-09,Paid Ads,24,Tier 2
CUST00200,2023-08-30,Email,26,Tier 2
CUST00201,2023-12-25,Paid Ads,22,Tier 3
CUST00202,2024-01-11,Email,23,Tier 1
CUST00203,2023-08-31,Social Media,43,Tier 1
CUST00204,2023-08-27,Organic Search,40,Tier 1
CUST00205,2023-12-08,Paid Ads,46,Tier 1
CUST00206,2023-09-13,Referral,57,Tier 2
CUST00207,2023-07-16,Social Media,41,Tier 3
CUST00208,2023-09-20,Email,22,Tier 2
CUST00209,2023-10-02,Paid Ads,22,Tier 1
CUST00210,2023-08-17,Organic Search,39,Tier 2
CUST00211,2023-11-15,Paid Ads,55,Tier 3
CUST00212,2023-09-20,Social Media,59,Tier 1
CUST00213,2023-08-07,Email,20,Tier 2
CUST00214,2023-11-04,Organic Search,25,Tier 3
CUST00215,2023-07-19,Organic Search,34,Tier 2
CUST00216,2023-12-11,Organic Search,35,Tier 2
CUST00217,2024-01-03,Organic Search,38,Tier 1
CUST00218,2023-09-01,Organic Search,41,Tier 1
CUST00219,2023-09-15,Paid Ads,52,Tier 1
CUST00220,2023-12-21,Organic Search,29,Tier 2
CUST00221,2023-11-08,Organic Search,52,Tier 1
CUST00222,2023-10-10,Paid Ads,51,Tier 3
CUST00223,2023-09-03,Organic Search,44,Tier 3
CUST00224,2023-10-28,Organic Search,20,Tier 2
CUST00225,2023-09-29,Paid Ads,41,Tier 1
CUST00226,2023-07-08,Organic Search,59,Tier 1
CUST00227,2023-12-26,Paid Ads,40,Tier 2
CUST00228,2023-09-11,Organic Search,52,Tier 2
CUST00229,2023-11-11,Social Media,33,Tier 2
CUST00230,2023-10-15,Referral,28,Tier 1
CUST00231,2023-09-27,Social Media,33,Tier 2
CUST00232,2023-08-08,Paid Ads,47,Tier 2
CUST00233,2023-10-21,Social Media,41,Tier 2
CUST00234,2024-01-04,Email,35,Tier 2
CUST00235,2023-07-28,Organic Search,27,Tier 2
CUST00236,2023-10-05,Paid Ads,54,Tier 1
CUST00237,2023-12-29,Social Media,27,Tier 1
CUST00238,2023-08-06,Paid Ads,34,Tier 2
CUST00239,2023-11-14,Organic Search,54,Tier 1
CUST00240,2023-09-20,Social Media,51,Tier 2
CUST00241,2023-08-25,Social Media,49,Tier 2
CUST00242,2024-01-03,Organic Search,24,Tier 3
CUST00243,2023-09-23,Paid Ads,28,Tier 2
CUST00244,2023-07-02,Organic Search,34,Tier 1
CUST00245,2024-01-05,Social Media,22,Tier 1
CUST00246,2023-08-27,Organic Search,40,Tier 3
CUST00247,2023-10-15,Paid Ads,31,Tier 1
CUST00248,2023-10-31,Social Media,34,Tier 2
CUST00249,2024-01-04,Paid Ads,47,Tier 2
CUST00250,2023-12-15,Email,24,Tier 1
CUST00251,2023-12-11,Paid Ads,44,Tier 1
CUST00252,2023-10-22,Organic Search,29,Tier 2
CUST00253,2023-10-15,Email,42,Tier 3
CUST00254,2023-08-06,Organic Search,47,Tier 1
CUST00255,2023-09-17,Paid Ads,21,Tier 3
CUST00256,2023-09-30,Organic Search,28,Tier 2
CUST00257,2023-07-18,Email,19,Tier 3
CUST00258,2023-10-06,Referral,44,Tier 1
CUST00259,2023-09-01,Referral,30,Tier 1
CUST00260,2023-11-27,Paid Ads,32,Tier 3
CUST00261,2023-11-16,Organic Search,43,Tier 3
CUST00262,2024-01-02,Paid Ads,26,Tier 1
CUST00263,2024-01-01,Social Media,22,Tier 2
CUST00264,2023-07-04,Organic Search,46,Tier 3
CUST00265,2023-11-12,Referral,25,Tier 1
CUST00266,2023-08-30,Paid Ads,28,Tier 2
CUST00267,2023-10-15,Referral,54,Tier 3
CUST00268,2023-08-23,Social Media,20,Tier 1
CUST00269,2023-09-26,Social Media,44,Tier 1
CUST00270,2023-09-06,Paid Ads,32,Tier 2
CUST00271,2023-11-06,Organic Search,34,Tier 1
CUST00272,2023-08-24,Paid Ads,35,Tier 1
CUST00273,2023-07-03,Paid Ads,40,Tier 3
CUST00274,2023-12-13,Organic Search,22,Tier 2
CUST00275,2023-10-29,Paid Ads,37,Tier 3
CUST00276,2023-11-06,Paid Ads,20,Tier 3
CUST00277,2023-10-10,Email,57,Tier 1
CUST00278,2023-08-07,Email,27,Tier 1
CUST00279,2023-09-23,Organic Search,37,Tier 1
CUST00280,2023-12-04,Referral,34,Tier 1
CUST00281,2023-11-10,Organic Search,43,Tier 2
CUST00282,2023-09-30,Paid Ads,36,Tier 2
CUST00283,2023-07-21,Paid Ads,41,Tier 2
CUST00284,2024-01-15,Social Media,39,Tier 1
CUST00285,2024-01-11,Organic Search,29,Tier 1
CUST00286,2023-10-17,Paid Ads,57,Tier 2
CUST00287,2023-08-16,Email,59,Tier 2
CUST00288,2023-09-22,Organic Search,22,Tier 1
CUST00289,2023-09-21,Email,43,Tier 2
CUST00290,2023-08-04,Referral,50,Tier 1
CUST00291,2024-01-12,Referral,48,Tier 1
CUST00292,2023-09-07,Organic Search,44,Tier 2
CUST00293,2023-11-06,Organic Search,54,Tier 1
CUST00294,2024-01-12,Paid Ads,52,Tier 2
CUST00295,2023-11-17,Paid Ads,27,Tier 1
CUST00296,2024-01-04,Organic Search,30,Tier 1
CUST00297,2023-07-27,Organic Search,20,Tier 1
CUST00298,2023-08-25,Referral,56,Tier 3
CUST00299,2023-07-23,Referral,23,Tier 2
CUST00300,2023-11-30,Organic Search,23,Tier 3
CUST00301,2023-07-21,Paid Ads,40,Tier 2
CUST00302,2023-08-30,Paid Ads,23,Tier 2
CUST00303,2023-09-01,Organic Search,22,Tier 1
CUST00304,2023-10-30,Email,27,Tier 1
CUST00305,2023-08-21,Email,47,Tier 1
CUST00306,2023-09-26,Social Media,40,Tier 1
CUST00307,2023-11-30,Social Media,45,Tier 2
CUST00308,2023-08-24,Paid Ads,28,Tier 1
CUST00309,2023-08-15,Email,34,Tier 1
CUST00310,2023-08-01,Organic Search,28,Tier 1
CUST00311,2023-08-24,Email,24,Tier 1
CUST00312,2023-10-04,Paid Ads,23,Tier 2
CUST00313,2023-11-10,Organic Search,24,Tier 3
CUST00314,2023-08-05,Organic Search,43,Tier 1
CUST00315,2023-10-18,Organic Search,22,Tier 1
CUST00316,2023-12-24,Referral,58,Tier 1
CUST00317,2023-10-14,Organic Search,50,Tier 3
CUST00318,2023-08-27,Organic Search,53,Tier 1
CUST00319,2023-08-08,Paid Ads,28,Tier 2
CUST00320,2023-09-18,Email,52,Tier 2
CUST00321,2023-10-05,Organic Search,54,Tier 1
CUST00322,2023-10-21,Referral,24,Tier 1
CUST00323,2023-08-30,Social Media,34,Tier 1
CUST00324,2023-11-14,Email,37,Tier 3
CUST00325,2023-07-06,Email,52,Tier 2
CUST00326,2023-10-17,Organic Search,43,Tier 2
CUST00327,2023-08-04,Paid Ads,49,Tier 2
CUST00328,2023-08-08,Social Media,59,Tier 2
CUST00329,2023-11-27,Organic Search,35,Tier 2
CUST00330,2023-12-16,Organic Search,48,Tier 1
CUST00331,2023-10-26,Email,57,Tier 1
CUST00332,2023-07-05,Organic Search,49,Tier 1
CUST00333,2023-12-17,Referral,37,Tier 2
CUST00334,2023-09-25,Organic Search,53,Tier 1
CUST00335,2023-09-14,Social Media,47,Tier 2
CUST00336,2024-01-11,Paid Ads,19,Tier 1
CUST00337,2023-12-05,Social Media,22,Tier 3
CUST00338,2023-08-26,Paid Ads,46,Tier 1
CUST00339,2023-11-04,Paid Ads,36,Tier 1
CUST00340,2023-07-29,Social Media,44,Tier 3
CUST00341,2023-12-12,Paid Ads,58,Tier 1
CUST00342,2023-09-25,Paid Ads,37,Tier 3
CUST00343,2023-11-18,Paid Ads,24,Tier 1
CUST00344,2023-12-07,Social Media,19,Tier 1
CUST00345,2023-08-15,Paid Ads,26,Tier 2
CUST00346,2023-10-24,Referral,51,Tier 3
CUST00347,2023-10-20,Organic Search,39,Tier 1
CUST00348,2023-11-28,Paid Ads,42,Tier 3
CUST00349,2023-08-14,Social Media,43,Tier 2
CUST00350,2023-11-22,Email,37,Tier 3
CUST00351,2023-10-12,Social Media,47,Tier 1
CUST00352,2023-09-23,Referral,28,Tier 1
CUST00353,2024-01-10,Paid Ads,30,Tier 3
CUST00354,2023-11-11,Organic Search,51,Tier 3
CUST00355,2023-10-16,Organic Search,25,Tier 2
CUST00356,2023-07-18,Social Media,35,Tier 1
CUST00357,2023-10-02,Social Media,28,Tier 1
CUST00358,2023-11-27,Organic Search,49,Tier 2
CUST00359,2023-08-02,Organic Search,24,Tier 1
CUST00360,2023-12-05,Organic Search,35,Tier 1
CUST00361,2023-11-03,Social Media,55,Tier 1
CUST00362,2023-12-07,Paid Ads,36,Tier 2
CUST00363,2023-12-17,Paid Ads,44,Tier 1
CUST00364,2023-10-30,Paid Ads,34,Tier 2
CUST00365,2023-11-15,Social Media,26,Tier 2
CUST00366,2023-10-23,Email,42,Tier 2
CUST00367,2023-12-11,Email,31,Tier 1
CUST00368,2023-12-09,Organic Search,47,Tier 1
CUST00369,2023-07-28,Paid Ads,50,Tier 2
CUST00370,2023-07-11,Social Media,42,Tier 3
CUST00371,2023-12-14,Referral,34,Tier 2
CUST00372,2023-08-16,Organic Search,29,Tier 3
CUST00373,2023-11-04,Organic Search,50,Tier 2
CUST00374,2023-11-24,Organic Search,24,Tier 2
CUST00375,2023-10-26,Paid Ads,53,Tier 1
CUST00376,2023-11-20,Social Media,51,Tier 1
CUST00377,2023-11-03,Organic Search,36,Tier 2
CUST00378,2023-12-03,Paid Ads,55,Tier 1
CUST00379,2023-11-29,Paid Ads,31,Tier 2
CUST00380,2023-09-10,Organic Search,28,Tier 1
CUST00381,2023-10-15,Paid Ads,55,Tier 2
CUST00382,2023-11-14,Organic Search,44,Tier 2
CUST00383,2023-12-22,Paid Ads,35,Tier 2
CUST00384,2023-08-02,Social Media,19,Tier 3
CUST00385,2024-01-06,Paid Ads,43,Tier 1
CUST00386,2023-07-19,Organic Search,52,Tier 1
CUST00387,2024-01-11,Referral,57,Tier 1
CUST00388,2023-09-12,Email,28,Tier 3
CUST00389,2023-12-15,Social Media,38,Tier 2
CUST00390,2023-12-22,Organic Search,25,Tier 2
CUST00391,2024-01-09,Organic Search,34,Tier 1
CUST00392,2023-12-04,Organic Search,55,Tier 2
CUST00393,2023-12-25,Organic Search,47,Tier 1
CUST00394,2023-10-06,Paid Ads,30,Tier 2
CUST00395,2023-11-18,Referral,35,Tier 3
CUST00396,2023-11-06,Paid Ads,38,Tier 2
CUST00397,2023-12-09,Organic Search,44,Tier 2
CUST00398,2023-10-01,Email,37,Tier 2
CUST00399,2023-12-23,Organic Search,30,Tier 2
CUST00400,2023-08-17,Email,39,Tier 1
CUST00401,2023-12-24,Email,52,Tier 2
CUST00402,2023-09-02,Social Media,25,Tier 1
CUST00403,2023-08-30,Referral,53,Tier 1
CUST00404,2023-12-04,Organic Search,33,Tier 1
CUST00405,2023-08-08,Paid Ads,19,Tier 2
CUST00406,2023-11-05,Referral,44,Tier 1
CUST00407,2023-09-26,Social Media,53,Tier 2
CUST00408,2023-07-26,Paid Ads,43,Tier 1
CUST00409,2023-07-17,Referral,33,Tier 1
CUST00410,2023-09-09,Organic Search,40,Tier 2
CUST00411,2023-07-13,Referral,24,Tier 1
CUST00412,2023-09-07,Organic Search,33,Tier 2
CUST00413,2023-07-26,Paid Ads,42,Tier 2
CUST00414,2023-08-18,Social Media,39,Tier 3
CUST00415,2024-01-11,Organic Search,25,Tier 2
CUST00416,2023-07-07,Paid Ads,47,Tier 1
CUST00417,2023-08-27,Paid Ads,50,Tier 1
CUST00418,2023-08-18,Referral,50,Tier 1
CUST00419,2023-10-11,Social Media,23,Tier 3
CUST00420,2023-08-22,Social Media,22,Tier 1
CUST00421,2024-01-09,Email,40,Tier 1
CUST00422,2023-08-31,Social Media,36,Tier 1
CUST00423,2023-07-17,Paid Ads,53,Tier 3
CUST00424,2023-12-18,Paid Ads,35,Tier 1
CUST00425,2023-07-25,Social Media,42,Tier 3
CUST00426,2023-11-08,Paid Ads,20,Tier 1
CUST00427,2023-07-29,Organic Search,31,Tier 1
CUST00428,2023-10-25,Organic Search,33,Tier 1
CUST00429,2023-12-07,Organic Search,23,Tier 3
CUST00430,2023-07-26,Social Media,21,Tier 3
CUST00431,2023-11-01,Paid Ads,55,Tier 1
CUST00432,2023-11-21,Social Media,55,Tier 1
CUST00433,2023-07-25,Paid Ads,55,Tier 2
CUST00434,2023-08-23,Organic Search,21,Tier 1
CUST00435,2023-12-03,Paid Ads,53,Tier 1
CUST00436,2023-09-11,Social Media,41,Tier 1
CUST00437,2023-10-28,Email,46,Tier 1
CUST00438,2023-08-25,Referral,48,Tier 1
CUST00439,2023-09-03,Email,36,Tier 1
CUST00440,2023-10-01,Email,54,Tier 1
CUST00441,2023-09-24,Email,51,Tier 3
CUST00442,2023-09-18,Referral,44,Tier 1
CUST00443,2023-12-16,Social Media,58,Tier 2
CUST00444,2023-10-16,Organic Search,35,Tier 1
CUST00445,2023-12-26,Paid Ads,58,Tier 2
CUST00446,2023-10-26,Email,25,Tier 1
CUST00447,2024-01-15,Social Media,26,Tier 2
CUST00448,2023-12-04,Organic Search,49,Tier 1
CUST00449,2023-09-21,Social Media,30,Tier 3
CUST00450,2023-11-24,Referral,49,Tier 1
CUST00451,2024-01-10,Organic Search,37,Tier 1
CUST00452,2023-12-16,Social Media,28,Tier 3
CUST00453,2023-12-20,Organic Search,57,Tier 2
CUST00454,2023-07-15,Organic Search,30,Tier 1
CUST00455,2023-11-08,Organic Search,38,Tier 3
CUST00456,2023-11-16,Organic Search,55,Tier 1
CUST00457,2023-12-28,Social Media,59,Tier 1
CUST00458,2023-12-21,Organic Search,25,Tier 3
CUST00459,2023-07-30,Organic Search,32,Tier 1
CUST00460,2023-08-26,Organic Search,29,Tier 3
CUST00461,2023-11-23,Organic Search,25,Tier 1
CUST00462,2023-12-26,Organic Search,47,Tier 2
CUST00463,2023-11-05,Email,28,Tier 2
CUST00464,2023-08-17,Organic Search,47,Tier 3
CUST00465,2024-01-10,Social Media,27,Tier 2
CUST00466,2023-11-13,Social Media,54,Tier 1
CUST00467,2023-07-22,Organic Search,28,Tier 2
CUST00468,2023-07-06,Social Media,37,Tier 1
CUST00469,2024-01-01,Organic Search,49,Tier 2
CUST00470,2023-10-12,Organic Search,35,Tier 3
CUST00471,2023-08-05,Organic Search,27,Tier 2
CUST00472,2023-09-17,Paid Ads,51,Tier 2
CUST00473,2023-10-24,Paid Ads,52,Tier 1
CUST00474,2023-08-26,Social Media,42,Tier 2
CUST00475,2023-08-18,Paid Ads,27,Tier 1
CUST00476,2023-12-20,Social Media,25,Tier 2
CUST00477,2023-09-20,Organic Search,34,Tier 1
CUST00478,2023-09-04,Social Media,37,Tier 2
CUST00479,2023-09-15,Organic Search,57,Tier 1
CUST00480,2023-08-14,Organic Search,24,Tier 2
CUST00481,2023-09-17,Organic Search,29,Tier 1
CUST00482,2023-07-20,Organic Search,30,Tier 3
CUST00483,2024-01-08,Paid Ads,31,Tier 1
CUST00484,2023-10-31,Social Media,30,Tier 2
CUST00485,2023-09-05,Organic Search,39,Tier 1
CUST00486,2023-09-21,Social Media,28,Tier 2
CUST00487,2023-07-03,Email,38,Tier 1
CUST00488,2023-12-29,Social Media,54,Tier 2
CUST00489,2023-09-02,Organic Search,46,Tier 1
CUST00490,2023-08-09,Paid Ads,42,Tier 2
CUST00491,2023-08-28,Referral,23,Tier 1
CUST00492,2023-12-30,Email,55,Tier 1
CUST00493,2023-08-31,Paid Ads,30,Tier 2
CUST00494,2023-11-09,Organic Search,53,Tier 1
CUST00495,2023-08-29,Organic Search,58,Tier 1
CUST00496,2023-10-24,Email,20,Tier 3
CUST00497,2023-09-13,Social Media,59,Tier 3
CUST00498,2023-10-30,Organic Search,57,Tier 2
CUST00499,2023-10-15,Email,27,Tier 1
CUST00500,2023-10-04,Email,40,Tier 1
CUST00501,2023-09-29,Paid Ads,23,Tier 2
CUST00502,2023-12-05,Email,30,Tier 1
CUST00503,2023-11-07,Social Media,19,Tier 3
CUST00504,2023-08-31,Paid Ads,40,Tier 1
CUST00505,2023-08-18,Social Media,56,Tier 3
CUST00506,2023-11-14,Organic Search,37,Tier 2
CUST00507,2023-09-30,Organic Search,34,Tier 2
CUST00508,2023-12-06,Organic Search,49,Tier 1
CUST00509,2023-11-01,Organic Search,21,Tier 3
CUST00510,2023-08-30,Organic Search,41,Tier 1
CUST00511,2023-08-17,Organic Search,36,Tier 2
CUST00512,2023-11-30,Social Media,44,Tier 3
CUST00513,2023-12-11,Organic Search,31,Tier 1
CUST00514,2023-11-13,Social Media,36,Tier 1
CUST00515,2023-08-27,Organic Search,21,Tier 2
CUST00516,2023-10-09,Referral,41,Tier 1
CUST00517,2023-10-20,Social Media,21,Tier 2
CUST00518,2023-12-20,Organic Search,43,Tier 1
CUST00519,2023-08-31,Social Media,45,Tier 1
CUST00520,2023-08-08,Paid Ads,45,Tier 2
CUST00521,2023-08-27,Social Media,57,Tier 2
CUST00522,2023-10-07,Paid Ads,43,Tier 1
CUST00523,2024-01-08,Email,42,Tier 3
CUST00524,2023-08-13,Social Media,26,Tier 3
CUST00525,2023-07-29,Paid Ads,27,Tier 2
CUST00526,2023-08-28,Organic Search,55,Tier 1
CUST00527,2023-09-09,Social Media,48,Tier 1
CUST00528,2023-09-30,Paid Ads,37,Tier 2
CUST00529,2023-07-09,Paid Ads,34,Tier 2
CUST00530,2023-11-04,Organic Search,42,Tier 1
CUST00531,2023-11-11,Paid Ads,39,Tier 2
CUST00532,2023-12-04,Referral,54,Tier 1
CUST00533,2024-01-02,Organic Search,58,Tier 1
CUST00534,2023-11-22,Paid Ads,57,Tier 2
CUST00535,2023-11-21,Email,24,Tier 2
CUST00536,2023-11-08,Social Media,23,Tier 1
CUST00537,2023-07-21,Paid Ads,32,Tier 2
CUST00538,2023-09-02,Paid Ads,22,Tier 3
CUST00539,2023-09-28,Referral,26,Tier 2
CUST00540,2023-08-05,Email,42,Tier 2
CUST00541,2023-08-31,Organic Search,29,Tier 1
CUST00542,2023-12-17,Organic Search,35,Tier 1
CUST00543,2023-09-14,Paid Ads,39,Tier 1
CUST00544,2023-12-17,Organic Search,44,Tier 2
CUST00545,2024-01-05,Organic Search,45,Tier 2
CUST00546,2023-07-13,Social Media,34,Tier 1
CUST00547,2023-07-11,Organic Search,44,Tier 1
CUST00548,2023-08-23,Social Media,51,Tier 1
CUST00549,2023-07-16,Organic Search,49,Tier 1
CUST00550,2023-07-08,Social Media,24,Tier 3
CUST00551,2023-10-12,Social Media,26,Tier 2
CUST00552,2023-08-28,Organic Search,25,Tier 1
CUST00553,2023-08-26,Paid Ads,52,Tier 2
CUST00554,2023-08-09,Organic Search,32,Tier 2
CUST00555,2024-01-03,Social Media,34,Tier 2
CUST00556,2023-11-07,Social Media,27,Tier 1
CUST00557,2023-10-02,Paid Ads,28,Tier 1
CUST00558,2023-11-15,Paid Ads,35,Tier 1
CUST00559,2023-08-13,Paid Ads,30,Tier 3
CUST00560,2023-11-16,Social Media,24,Tier 2
CUST00561,2023-09-18,Paid Ads,37,Tier 2
CUST00562,2023-09-19,Organic Search,59,Tier 1
CUST00563,2023-07-02,Paid Ads,47,Tier 1
CUST00564,2023-12-25,Organic Search,24,Tier 1
CUST00565,2023-11-17,Social Media,43,Tier 3
CUST00566,2023-10-23,Organic Search,42,Tier 1
CUST00567,2023-09-28,Email,43,Tier 1
CUST00568,2023-07-23,Organic Search,34,Tier 3
CUST00569,2023-11-23,Organic Search,34,Tier 2
CUST00570,2023-08-31,Email,24,Tier 2
CUST00571,2023-10-21,Referral,55,Tier 1
CUST00572,2023-11-05,Social Media,39,Tier 2
CUST00573,2023-08-31,Organic Search,22,Tier 1
CUST00574,2023-08-07,Organic Search,52,Tier 2
CUST00575,2024-01-11,Social Media,46,Tier 1
CUST00576,2023-12-13,Paid Ads,56,Tier 1
CUST00577,2024-01-11,Organic Search,59,Tier 2
CUST00578,2023-08-30,Social Media,46,Tier 2
CUST00579,2023-11-06,Social Media,35,Tier 2
CUST00580,2023-12-20,Referral,32,Tier 1
CUST00581,2023-12-03,Referral,25,Tier 1
CUST00582,2023-11-26,Social Media,40,Tier 2
CUST00583,2023-10-30,Organic Search,19,Tier 2
CUST00584,2023-10-18,Organic Search,47,Tier 3
CUST00585,2023-07-13,Email,49,Tier 2
CUST00586,2023-12-02,Paid Ads,48,Tier 2
CUST00587,2023-10-08,Paid Ads,33,Tier 3
CUST00588,2023-11-12,Paid Ads,36,Tier 1
CUST00589,2023-07-22,Paid Ads,53,Tier 1
CUST00590,2023-09-12,Email,48,Tier 1
CUST00591,2023-12-28,Organic Search,52,Tier 1
CUST00592,2023-11-09,Organic Search,29,Tier 2
CUST00593,2023-07-23,Paid Ads,45,Tier 2
CUST00594,2023-10-27,Social Media,42,Tier 2
CUST00595,2023-09-08,Organic Search,53,Tier 1
CUST00596,2023-09-22,Paid Ads,57,Tier 2
CUST00597,2023-10-09,Social Media,26,Tier 1
CUST00598,2023-09-22,Paid Ads,36,Tier 2
CUST00599,2023-12-08,Organic Search,31,Tier 1
CUST00600,2023-07-28,Paid Ads,42,Tier 3
CUST00601,2023-11-13,Organic Search,41,Tier 1
CUST00602,2023-07-01,Referral,30,Tier 1
CUST00603,2023-12-12,Organic Search,48,Tier 2
CUST00604,2023-09-01,Email,49,Tier 3
CUST00605,2023-07-22,Organic Search,46,Tier 2
CUST00606,2023-09-08,Paid Ads,40,Tier 2
CUST00607,2023-11-02,Email,46,Tier 3
CUST00608,2023-11-26,Organic Search,31,Tier 3
CUST00609,2023-10-04,Paid Ads,43,Tier 2
CUST00610,2023-12-10,Organic Search,25,Tier 2
CUST00611,2023-09-17,Paid Ads,24,Tier 1
CUST00612,2023-07-05,Email,42,Tier 3
CUST00613,2023-08-29,Paid Ads,37,Tier 1
CUST00614,2023-10-28,Social Media,37,Tier 3
CUST00615,2023-08-15,Email,54,Tier 1
CUST00616,2023-12-25,Paid Ads,27,Tier 1
CUST00617,2023-12-23,Organic Search,54,Tier 2
CUST00618,2023-11-11,Paid Ads,56,Tier 1
CUST00619,2023-08-25,Social Media,58,Tier 1
CUST00620,2023-10-18,Organic Search,47,Tier 2
CUST00621,2024-01-03,Social Media,42,Tier 2
CUST00622,2023-12-04,Organic Search,23,Tier 2
CUST00623,2024-01-15,Social Media,44,Tier 1
CUST00624,2023-10-12,Organic Search,32,Tier 2
CUST00625,2023-09-15,Social Media,57,Tier 1
CUST00626,2023-11-23,Paid Ads,47,Tier 1
CUST00627,2023-07-02,Organic Search,24,Tier 2
CUST00628,2023-07-08,Organic Search,25,Tier 3
CUST00629,2023-09-13,Paid Ads,55,Tier 2
CUST00630,2023-12-29,Referral,36,Tier 2
CUST00631,2023-11-02,Organic Search,41,Tier 1
CUST00632,2023-08-07,Organic Search,56,Tier 2
CUST00633,2023-12-23,Email,19,Tier 1
CUST00634,2023-07-27,Paid Ads,22,Tier 3
CUST00635,2023-07-20,Paid Ads,53,Tier 3
CUST00636,2023-11-17,Email,41,Tier 2
CUST00637,2023-08-12,Organic Search,45,Tier 2
CUST00638,2024-01-05,Referral,44,Tier 2
CUST00639,2023-07-31,Paid Ads,26,Tier 2
CUST00640,2023-09-29,Organic Search,34,Tier 1
CUST00641,2023-08-30,Social Media,59,Tier 1
CUST00642,2024-01-11,Email,21,Tier 2
CUST00643,2023-10-17,Paid Ads,50,Tier 3
CUST00644,2023-09-29,Email,23,Tier 1
CUST00645,2023-12-10,Organic Search,38,Tier 1
CUST00646,2023-10-03,Paid Ads,32,Tier 1
CUST00647,2023-11-20,Social Media,50,Tier 3
CUST00648,2023-11-21,Organic Search,44,Tier 1
CUST00649,2023-07-13,Paid Ads,24,Tier 1
CUST00650,2023-10-21,Social Media,54,Tier 2
CUST00651,2023-08-04,Referral,58,Tier 2
CUST00652,2024-01-03,Paid Ads,23,Tier 1
CUST00653,2023-11-26,Paid Ads,31,Tier 1
CUST00654,2023-12-29,Email,50,Tier 2
CUST00655,2023-12-05,Referral,34,Tier 2
CUST00656,2023-08-17,Social Media,19,Tier 3
CUST00657,2023-08-04,Organic Search,31,Tier 2
CUST00658,2023-09-24,Paid Ads,29,Tier 1
CUST00659,2023-12-13,Paid Ads,26,Tier 2
CUST00660,2023-12-06,Social Media,43,Tier 1
CUST00661,2023-11-29,Email,58,Tier 1
CUST00662,2023-10-22,Email,50,Tier 3
CUST00663,2023-12-24,Referral,42,Tier 3
CUST00664,2023-10-08,Organic Search,46,Tier 1
CUST00665,2023-12-07,Organic Search,32,Tier 1
CUST00666,2023-12-30,Paid Ads,21,Tier 1
CUST00667,2024-01-02,Paid Ads,54,Tier 1
CUST00668,2023-10-07,Organic Search,45,Tier 2
CUST00669,2023-07-03,Organic Search,38,Tier 1
CUST00670,2024-01-13,Email,33,Tier 3
CUST00671,2023-09-23,Social Media,45,Tier 1
CUST00672,2023-11-02,Paid Ads,59,Tier 2
CUST00673,2023-11-15,Paid Ads,46,Tier 3
CUST00674,2023-09-21,Organic Search,43,Tier 2
CUST00675,2023-07-25,Social Media,51,Tier 1
CUST00676,2023-09-06,Social Media,32,Tier 1
CUST00677,2023-08-30,Email,26,Tier 1
CUST00678,2023-07-29,Organic Search,32,Tier 3
CUST00679,2023-11-04,Organic Search,19,Tier 3
CUST00680,2023-07-19,Organic Search,34,Tier 3
CUST00681,2023-12-18,Email,36,Tier 3
CUST00682,2024-01-10,Social Media,25,Tier 1
CUST00683,2023-09-12,Social Media,33,Tier 3
CUST00684,2023-08-30,Paid Ads,42,Tier 3
CUST00685,2023-12-18,Social Media,31,Tier 1
CUST00686,2023-11-30,Referral,27,Tier 1
CUST00687,2023-07-20,Organic Search,33,Tier 2
CUST00688,2023-08-17,Paid Ads,53,Tier 1
CUST00689,2023-09-25,Referral,42,Tier 1
CUST00690,2023-11-29,Paid Ads,51,Tier 3
CUST00691,2023-11-16,Referral,34,Tier 3
CUST00692,2023-10-18,Referral,26,Tier 1
CUST00693,2023-12-30,Email,47,Tier 1
CUST00694,2023-07-28,Social Media,41,Tier 3
CUST00695,2024-01-13,Social Media,49,Tier 2
CUST00696,2024-01-07,Email,58,Tier 1
CUST00697,2023-08-28,Paid Ads,32,Tier 2
CUST00698,2023-11-10,Organic Search,48,Tier 3
CUST00699,2023-08-20,Paid Ads,57,Tier 3
CUST00700,2023-11-26,Email,45,Tier 1
CUST00701,2023-07-12,Organic Search,34,Tier 1
CUST00702,2023-08-19,Organic Search,24,Tier 3
CUST00703,2023-11-09,Organic Search,51,Tier 1
CUST00704,2023-10-21,Social Media,36,Tier 2
CUST00705,2023-12-17,Referral,34,Tier 1
CUST00706,2023-12-13,Referral,30,Tier 1
CUST00707,2023-11-30,Paid Ads,38,Tier 1
CUST00708,2023-07-14,Social Media,58,Tier 1
CUST00709,2023-08-01,Social Media,47,Tier 3
CUST00710,2023-11-16,Paid Ads,48,Tier 1
CUST00711,2024-01-05,Email,44,Tier 3
CUST00712,2023-11-23,Organic Search,40,Tier 3
CUST00713,2023-12-02,Referral,51,Tier 1
CUST00714,2023-08-24,Paid Ads,57,Tier 2
CUST00715,2023-12-29,Paid Ads,47,Tier 1
CUST00716,2023-10-28,Email,40,Tier 2
CUST00717,2023-09-13,Paid Ads,31,Tier 2
CUST00718,2023-07-21,Organic Search,27,Tier 1
CUST00719,2023-12-19,Email,42,Tier 1
CUST00720,2023-11-10,Organic Search,33,Tier 2
CUST00721,2023-09-25,Social Media,54,Tier 3
CUST00722,2023-12-16,Paid Ads,31,Tier 1
CUST00723,2023-08-28,Email,45,Tier 2
CUST00724,2023-09-27,Email,55,Tier 1
CUST00725,2023-12-29,Paid Ads,25,Tier 3
CUST00726,2023-11-27,Email,26,Tier 1
CUST00727,2023-09-21,Email,55,Tier 2
CUST00728,2023-09-03,Social Media,59,Tier 1
CUST00729,2023-09-02,Social Media,32,Tier 2
CUST00730,2023-09-09,Social Media,30,Tier 3
CUST00731,2023-07-04,Organic Search,54,Tier 2
CUST00732,2024-01-09,Paid Ads,58,Tier 2
CUST00733,2023-11-20,Referral,35,Tier 2
CUST00734,2023-10-12,Paid Ads,58,Tier 3
CUST00735,2023-11-27,Organic Search,47,Tier 2
CUST00736,2023-12-22,Paid Ads,45,Tier 3
CUST00737,2023-10-01,Organic Search,19,Tier 2
CUST00738,2023-12-21,Organic Search,52,Tier 2
CUST00739,2023-11-19,Referral,22,Tier 1
CUST00740,2023-12-25,Paid Ads,42,Tier 2
CUST00741,2023-11-25,Organic Search,39,Tier 1
CUST00742,2023-12-25,Referral,51,Tier 3
CUST00743,2023-10-20,Referral,25,Tier 2
CUST00744,2023-12-08,Paid Ads,19,Tier 3
CUST00745,2023-10-27,Organic Search,59,Tier 1
CUST00746,2023-08-28,Social Media,21,Tier 1
CUST00747,2023-08-12,Social Media,33,Tier 3
CUST00748,2023-07-12,Email,49,Tier 1
CUST00749,2023-08-09,Social Media,34,Tier 2
CUST00750,2023-10-26,Email,28,Tier 3
CUST00751,2023-07-20,Organic Search,47,Tier 2
CUST00752,2023-12-13,Email,24,Tier 1
CUST00753,2023-11-08,Paid Ads,47,Tier 3
CUST00754,2023-12-03,Social Media,35,Tier 1
CUST00755,2023-12-31,Email,40,Tier 3
CUST00756,2023-09-28,Organic Search,42,Tier 1
CUST00757,2023-10-02,Paid Ads,35,Tier 2
CUST00758,2023-07-13,Paid Ads,39,Tier 1
CUST00759,2023-09-04,Paid Ads,29,Tier 2
CUST00760,2023-08-06,Email,25,Tier 1
CUST00761,2023-12-24,Paid Ads,57,Tier 3
CUST00762,2023-09-04,Social Media,23,Tier 2
CUST00763,2023-08-05,Organic Search,39,Tier 1
CUST00764,2023-12-29,Email,36,Tier 2
CUST00765,2023-07-26,Social Media,53,Tier 2
CUST00766,2023-09-13,Email,38,Tier 1
CUST00767,2024-01-16,Paid Ads,33,Tier 1
CUST00768,2023-10-16,Referral,23,Tier 1
CUST00769,2023-12-15,Organic Search,31,Tier 1
CUST00770,2023-08-12,Organic Search,30,Tier 1
CUST00771,2023-11-27,Paid Ads,39,Tier 1
CUST00772,2023-11-25,Organic Search,55,Tier 2
CUST00773,2023-07-08,Referral,24,Tier 2
CUST00774,2023-07-29,Organic Search,25,Tier 1
CUST00775,2023-08-09,Social Media,44,Tier 3
CUST00776,2023-12-05,Social Media,26,Tier 3
CUST00777,2023-11-05,Organic Search,27,Tier 1
CUST00778,2023-09-22,Email,45,Tier 1
CUST00779,2023-10-24,Organic Search,22,Tier 3
CUST00780,2023-12-30,Paid Ads,39,Tier 2
CUST00781,2023-11-21,Organic Search,49,Tier 1
CUST00782,2023-12-21,Referral,39,Tier 2
CUST00783,2023-08-31,Referral,58,Tier 2
CUST00784,2023-07-07,Organic Search,43,Tier 1
CUST00785,2023-08-14,Organic Search,57,Tier 2
CUST00786,2024-01-03,Social Media,33,Tier 2
CUST00787,2023-12-31,Organic Search,53,Tier 2
CUST00788,2023-12-23,Social Media,59,Tier 3
CUST00789,2023-12-02,Email,55,Tier 1
CUST00790,2023-12-28,Paid Ads,46,Tier 2
CUST00791,2023-09-26,Social Media,32,Tier 1
CUST00792,2023-09-11,Paid Ads,22,Tier 1
CUST00793,2023-12-10,Referral,38,Tier 1
CUST00794,2023-12-26,Referral,52,Tier 1
CUST00795,2023-08-06,Organic Search,30,Tier 1
CUST00796,2023-10-27,Organic Search,51,Tier 1
CUST00797,2023-08-26,Referral,42,Tier 1
CUST00798,2023-07-08,Referral,38,Tier 2
CUST00799,2023-10-03,Organic Search,23,Tier 1
CUST00800,2023-10-25,Social Media,56,Tier 2
CUST00801,2023-10-18,Paid Ads,48,Tier 1
CUST00802,2023-07-20,Organic Search,42,Tier 1
CUST00803,2023-11-01,Social Media,58,Tier 1
CUST00804,2023-08-22,Organic Search,25,Tier 1
CUST00805,2023-10-27,Referral,54,Tier 2
CUST00806,2023-07-12,Organic Search,56,Tier 1
CUST00807,2023-12-24,Email,34,Tier 3
CUST00808,2023-07-17,Organic Search,33,Tier 3
CUST00809,2023-09-02,Paid Ads,41,Tier 1
CUST00810,2023-08-11,Email,30,Tier 2
CUST00811,2023-10-02,Organic Search,47,Tier 1
CUST00812,2023-12-04,Paid Ads,33,Tier 2
CUST00813,2023-11-24,Paid Ads,47,Tier 2
CUST00814,2023-07-11,Organic Search,39,Tier 1
CUST00815,2023-10-06,Social Media,33,Tier 1
CUST00816,2023-12-25,Paid Ads,32,Tier 1
CUST00817,2023-09-09,Email,34,Tier 1
CUST00818,2023-10-16,Paid Ads,33,Tier 2
CUST00819,2023-08-27,Paid Ads,22,Tier 1
CUST00820,2023-08-03,Organic Search,45,Tier 1
CUST00821,2023-07-20,Paid Ads,41,Tier 2
CUST00822,2023-08-19,Paid Ads,47,Tier 2
CUST00823,2023-10-10,Social Media,59,Tier 1
CUST00824,2023-11-15,Social Media,27,Tier 2
CUST00825,2023-12-07,Paid Ads,25,Tier 2
CUST00826,2023-08-21,Organic Search,22,Tier 2
CUST00827,2023-07-15,Organic Search,23,Tier 2
CUST00828,2023-09-22,Organic Search,23,Tier 2
CUST00829,2023-11-08,Organic Search,29,Tier 1
CUST00830,2023-08-06,Paid Ads,59,Tier 2
CUST00831,2023-11-03,Organic Search,46,Tier 3
CUST00832,2023-08-09,Organic Search,34,Tier 2
CUST00833,2023-09-10,Organic Search,59,Tier 1
CUST00834,2023-08-09,Organic Search,48,Tier 1
CUST00835,2023-08-25,Organic Search,22,Tier 3
CUST00836,2023-11-28,Organic Search,20,Tier 1
CUST00837,2023-10-12,Paid Ads,21,Tier 1
CUST00838,2023-11-16,Paid Ads,39,Tier 1
CUST00839,2023-10-18,Organic Search,24,Tier 3
CUST00840,2024-01-08,Paid Ads,36,Tier 1
CUST00841,2023-11-13,Paid Ads,23,Tier 1
CUST00842,2023-10-01,Organic Search,27,Tier 2
CUST00843,2023-10-02,Organic Search,38,Tier 1
CUST00844,2023-08-25,Paid Ads,46,Tier 3
CUST00845,2023-08-29,Email,44,Tier 2
CUST00846,2023-11-15,Organic Search,36,Tier 2
CUST00847,2023-08-08,Organic Search,37,Tier 3
CUST00848,2023-07-28,Social Media,21,Tier 3
CUST00849,2023-08-18,Organic Search,27,Tier 1
CUST00850,2023-12-11,Organic Search,54,Tier 1
CUST00851,2023-11-02,Social Media,49,Tier 3
CUST00852,2023-07-13,Social Media,35,Tier 1
CUST00853,2023-08-05,Paid Ads,41,Tier 3
CUST00854,2023-10-09,Paid Ads,52,Tier 3
CUST00855,2023-07-26,Organic Search,59,Tier 1
CUST00856,2023-09-24,Organic Search,59,Tier 3
CUST00857,2023-07-04,Email,23,Tier 1
CUST00858,2023-09-20,Organic Search,33,Tier 2
CUST00859,2024-01-08,Paid Ads,21,Tier 1
CUST00860,2023-12-13,Referral,37,Tier 3
CUST00861,2023-11-04,Referral,46,Tier 2
CUST00862,2023-09-26,Organic Search,21,Tier 2
CUST00863,2023-11-04,Email,56,Tier 3
CUST00864,2023-10-28,Paid Ads,22,Tier 2
CUST00865,2023-07-22,Social Media,42,Tier 1
CUST00866,2023-11-07,Organic Search,49,Tier 3
CUST00867,2023-07-31,Organic Search,29,Tier 2
CUST00868,2023-10-27,Organic Search,55,Tier 3
CUST00869,2023-07-11,Paid Ads,19,Tier 3
CUST00870,2023-08-15,Paid Ads,27,Tier 1
CUST00871,2023-10-04,Social Media,35,Tier 1
CUST00872,2024-01-06,Email,19,Tier 1
CUST00873,2024-01-13,Organic Search,21,Tier 2
CUST00874,2024-01-08,Paid Ads,44,Tier 1
CUST00875,2023-07-10,Organic Search,49,Tier 2
CUST00876,2023-12-15,Social Media,44,Tier 1
CUST00877,2023-11-05,Referral,41,Tier 1
CUST00878,2023-11-29,Referral,48,Tier 1
CUST00879,2023-10-07,Social Media,28,Tier 1
CUST00880,2023-12-19,Organic Search,26,Tier 2
CUST00881,2023-10-20,Organic Search,43,Tier 1
CUST00882,2023-08-29,Email,40,Tier 1
CUST00883,2024-01-06,Referral,33,Tier 1
CUST00884,2023-09-25,Organic Search,59,Tier 2
CUST00885,2023-11-22,Organic Search,28,Tier 3
CUST00886,2023-09-03,Social Media,38,Tier 1
CUST00887,2023-08-26,Organic Search,59,Tier 2
CUST00888,2023-12-30,Paid Ads,41,Tier 1
CUST00889,2023-10-14,Email,19,Tier 1
CUST00890,2023-12-28,Organic Search,20,Tier 2
CUST00891,2023-12-31,Organic Search,37,Tier 1
CUST00892,2023-07-09,Social Media,32,Tier 2
CUST00893,2023-07-22,Email,26,Tier 1
CUST00894,2023-11-18,Referral,56,Tier 3
CUST00895,2023-09-27,Paid Ads,30,Tier 1
CUST00896,2023-12-23,Organic Search,44,Tier 2
CUST00897,2023-07-18,Social Media,45,Tier 3
CUST00898,2023-10-23,Paid Ads,47,Tier 1
CUST00899,2023-12-15,Organic Search,33,Tier 2
CUST00900,2023-11-22,Social Media,19,Tier 1
CUST00901,2023-11-20,Organic Search,46,Tier 2
CUST00902,2023-10-14,Organic Search,21,Tier 1
CUST00903,2023-07-15,Organic Search,36,Tier 1
CUST00904,2023-09-01,Paid Ads,52,Tier 2
CUST00905,2023-12-14,Paid Ads,50,Tier 1
CUST00906,2023-07-13,Paid Ads,47,Tier 2
CUST00907,2023-09-19,Social Media,43,Tier 1
CUST00908,2023-08-01,Referral,44,Tier 1
CUST00909,2023-11-14,Organic Search,57,Tier 2
CUST00910,2023-08-09,Organic Search,26,Tier 2
CUST00911,2023-11-25,Organic Search,37,Tier 1
CUST00912,2023-09-20,Organic Search,40,Tier 1
CUST00913,2023-09-15,Email,47,Tier 1
CUST00914,2024-01-07,Social Media,51,Tier 1
CUST00915,2023-09-14,Social Media,56,Tier 1
CUST00916,2023-12-19,Organic Search,53,Tier 1
CUST00917,2023-08-07,Paid Ads,21,Tier 2
CUST00918,2024-01-04,Paid Ads,37,Tier 2
CUST00919,2023-09-09,Organic Search,28,Tier 1
CUST00920,2023-08-17,Email,45,Tier 1
CUST00921,2023-07-18,Referral,33,Tier 1
CUST00922,2023-11-21,Paid Ads,29,Tier 2
CUST00923,2023-12-30,Social Media,44,Tier 3
CUST00924,2023-08-08,Paid Ads,42,Tier 2
CUST00925,2024-01-12,Organic Search,31,Tier 2
CUST00926,2024-01-03,Email,50,Tier 3
CUST00927,2023-09-27,Organic Search,55,Tier 1
CUST00928,2023-08-31,Organic Search,22,Tier 1
CUST00929,2023-11-18,Email,31,Tier 2
CUST00930,2023-10-17,Social Media,27,Tier 1
CUST00931,2023-09-19,Paid Ads,52,Tier 2
CUST00932,2023-11-11,Paid Ads,55,Tier 2
CUST00933,2023-09-15,Social Media,25,Tier 2
CUST00934,2024-01-04,Social Media,19,Tier 1
CUST00935,2023-09-28,Social Media,30,Tier 2
CUST00936,2023-07-14,Organic Search,39,Tier 2
CUST00937,2023-10-03,Referral,29,Tier 3
CUST00938,2023-08-23,Organic Search,32,Tier 2
CUST00939,2023-11-09,Email,52,Tier 3
CUST00940,2023-08-08,Organic Search,52,Tier 1
CUST00941,2023-09-10,Email,43,Tier 1
CUST00942,2023-07-25,Organic Search,22,Tier 1
CUST00943,2023-09-15,Paid Ads,44,Tier 1
CUST00944,2023-12-07,Paid Ads,34,Tier 3
CUST00945,2024-01-03,Organic Search,28,Tier 3
CUST00946,2024-01-07,Email,20,Tier 1
CUST00947,2023-12-13,Social Media,53,Tier 1
CUST00948,2023-10-28,Referral,37,Tier 1
CUST00949,2023-08-22,Organic Search,24,Tier 3
CUST00950,2024-01-11,Social Media,37,Tier 1
CUST00951,2023-12-03,Email,26,Tier 1
CUST00952,2023-11-08,Paid Ads,32,Tier 1
CUST00953,2023-11-27,Organic Search,28,Tier 1
CUST00954,2023-10-04,Email,21,Tier 3
CUST00955,2023-12-13,Referral,56,Tier 1
CUST00956,2024-01-16,Email,47,Tier 1
CUST00957,2023-09-10,Paid Ads,33,Tier 1
CUST00958,2023-08-31,Paid Ads,41,Tier 2
CUST00959,2024-01-01,Organic Search,41,Tier 2
CUST00960,2023-07-06,Social Media,36,Tier 1
CUST00961,2023-08-01,Social Media,37,Tier 1
CUST00962,2023-10-07,Organic Search,46,Tier 3
CUST00963,2023-11-15,Social Media,44,Tier 1
CUST00964,2023-11-08,Organic Search,28,Tier 2
CUST00965,2024-01-03,Referral,22,Tier 1
CUST00966,2023-09-14,Paid Ads,20,Tier 1
CUST00967,2023-12-24,Organic Search,21,Tier 2
CUST00968,2023-08-28,Paid Ads,25,Tier 3
CUST00969,2023-07-31,Paid Ads,34,Tier 2
CUST00970,2023-10-01,Organic Search,49,Tier 1
CUST00971,2023-09-07,Email,28,Tier 2
CUST00972,2024-01-06,Email,37,Tier 2
CUST00973,2023-08-21,Social Media,46,Tier 2
CUST00974,2023-09-27,Organic Search,35,Tier 2
CUST00975,2023-11-04,Paid Ads,46,Tier 1
CUST00976,2023-12-16,Organic Search,37,Tier 2
CUST00977,2023-07-31,Social Media,55,Tier 2
CUST00978,2023-09-22,Organic Search,41,Tier 1
CUST00979,2023-11-04,Referral,38,Tier 2
CUST00980,2023-11-27,Social Media,31,Tier 1
CUST00981,2023-11-09,Paid Ads,31,Tier 1
CUST00982,2023-07-13,Paid Ads,29,Tier 3
CUST00983,2023-08-14,Organic Search,33,Tier 1
CUST00984,2023-11-04,Organic Search,35,Tier 1
CUST00985,2023-12-17,Social Media,46,Tier 2
CUST00986,2023-10-22,Referral,37,Tier 3
CUST00987,2023-12-24,Organic Search,22,Tier 3
CUST00988,2023-07-20,Email,40,Tier 2
CUST00989,2023-09-19,Social Media,40,Tier 1
CUST00990,2023-12-29,Email,55,Tier 3
CUST00991,2023-12-11,Organic Search,57,Tier 2
CUST00992,2023-11-06,Organic Search,52,Tier 1
CUST00993,2023-11-20,Organic Search,51,Tier 3
CUST00994,2023-07-17,Social Media,58,Tier 1
CUST00995,2023-11-29,Paid Ads,51,Tier 1
CUST00996,2023-08-27,Paid Ads,30,Tier 3
CUST00997,2023-09-10,Referral,20,Tier 2
CUST00998,2023-10-17,Email,46,Tier 1
CUST00999,2023-07-23,Social Media,28,Tier 1
CUST01000,2023-12-21,Paid Ads,40,Tier 2
CUST01001,2023-09-10,Organic Search,35,Tier 1
CUST01002,2023-07-08,Referral,44,Tier 1
CUST01003,2023-08-28,Paid Ads,21,Tier 2
CUST01004,2023-10-19,Organic Search,25,Tier 3
CUST01005,2024-01-03,Paid Ads,26,Tier 2
CUST01006,2023-07-13,Organic Search,38,Tier 2
CUST01007,2023-12-14,Paid Ads,30,Tier 2
CUST01008,2023-12-03,Social Media,53,Tier 2
CUST01009,2024-01-05,Referral,35,Tier 1
CUST01010,2023-07-16,Referral,46,Tier 3
CUST01011,2023-10-27,Organic Search,59,Tier 1
CUST01012,2023-07-02,Paid Ads,28,Tier 1
CUST01013,2023-11-22,Organic Search,40,Tier 1
CUST01014,2023-07-30,Social Media,56,Tier 2
CUST01015,2023-10-11,Paid Ads,51,Tier 1
CUST01016,2023-07-13,Email,40,Tier 1
CUST01017,2023-10-04,Social Media,55,Tier 2
CUST01018,2023-10-02,Paid Ads,31,Tier 3
CUST01019,2023-09-20,Paid Ads,45,Tier 2
CUST01020,2023-07-13,Referral,33,Tier 1
CUST01021,2023-12-18,Referral,40,Tier 1
CUST01022,2023-10-02,Organic Search,48,Tier 2
CUST01023,2023-11-26,Paid Ads,58,Tier 1
CUST01024,2023-10-20,Referral,55,Tier 2
CUST01025,2023-08-24,Organic Search,52,Tier 1
CUST01026,2023-09-19,Paid Ads,52,Tier 3
CUST01027,2023-12-15,Organic Search,53,Tier 2
CUST01028,2023-10-24,Paid Ads,37,Tier 1
CUST01029,2023-11-20,Organic Search,26,Tier 3
CUST01030,2023-12-27,Paid Ads,57,Tier 1
CUST01031,2023-10-16,Organic Search,51,Tier 1
CUST01032,2023-08-22,Paid Ads,46,Tier 3
CUST01033,2023-11-05,Referral,55,Tier 1
CUST01034,2023-12-27,Social Media,43,Tier 1
CUST01035,2023-12-05,Social Media,54,Tier 1
CUST01036,2023-12-08,Email,35,Tier 1
CUST01037,2023-08-26,Organic Search,42,Tier 1
CUST01038,2023-08-21,Organic Search,39,Tier 2
CUST01039,2023-11-14,Referral,20,Tier 2
CUST01040,2023-12-29,Paid Ads,49,Tier 1
CUST01041,2023-10-19,Organic Search,51,Tier 1
CUST01042,2023-07-01,Social Media,48,Tier 3
CUST01043,2023-08-13,Organic Search,30,Tier 3
CUST01044,2023-09-13,Organic Search,30,Tier 2
CUST01045,2023-10-06,Referral,42,Tier 3
CUST01046,2023-07-09,Social Media,42,Tier 2
CUST01047,2023-08-01,Paid Ads,29,Tier 1
CUST01048,2023-07-15,Referral,31,Tier 1
CUST01049,2023-11-17,Email,45,Tier 1
CUST01050,2024-01-01,Social Media,26,Tier 3
CUST01051,2023-11-13,Organic Search,28,Tier 2
CUST01052,2023-09-10,Organic Search,26,Tier 2
CUST01053,2023-12-02,Email,38,Tier 1
CUST01054,2024-01-06,Social Media,26,Tier 2
CUST01055,2023-07-12,Email,27,Tier 2
CUST01056,2023-09-03,Organic Search,25,Tier 3
CUST01057,2023-10-15,Organic Search,32,Tier 1
CUST01058,2023-08-11,Social Media,46,Tier 2
CUST01059,2024-01-06,Organic Search,20,Tier 1
CUST01060,2023-10-23,Paid Ads,26,Tier 2
CUST01061,2023-11-16,Organic Search,31,Tier 2
CUST01062,2023-10-11,Organic Search,39,Tier 1
CUST01063,2023-12-18,Email,46,Tier 2
CUST01064,2023-10-03,Email,53,Tier 1
CUST01065,2023-07-17,Paid Ads,41,Tier 3
CUST01066,2023-12-07,Organic Search,33,Tier 1
CUST01067,2023-09-23,Social Media,20,Tier 2
CUST01068,2023-12-15,Organic Search,30,Tier 3
CUST01069,2023-11-28,Paid Ads,54,Tier 1
CUST01070,2023-08-25,Referral,21,Tier 2
CUST01071,2023-11-11,Organic Search,23,Tier 2
CUST01072,2023-09-24,Referral,21,Tier 1
CUST01073,2023-12-25,Organic Search,37,Tier 2
CUST01074,2023-10-10,Email,20,Tier 2
CUST01075,2023-12-12,Paid Ads,55,Tier 3
CUST01076,2024-01-08,Referral,35,Tier 3
CUST01077,2023-08-23,Organic Search,32,Tier 2
CUST01078,2024-01-16,Paid Ads,46,Tier 2
CUST01079,2023-12-24,Referral,45,Tier 3
CUST01080,2023-10-23,Paid Ads,28,Tier 2
CUST01081,2023-11-16,Paid Ads,21,Tier 1
CUST01082,2023-09-26,Organic Search,54,Tier 1
CUST01083,2023-08-18,Social Media,56,Tier 3
CUST01084,2023-11-26,Organic Search,43,Tier 2
CUST01085,2023-10-23,Organic Search,40,Tier 2
CUST01086,2024-01-10,Email,57,Tier 1
CUST01087,2023-09-01,Paid Ads,48,Tier 3
CUST01088,2023-10-12,Referral,39,Tier 1
CUST01089,2023-09-21,Referral,48,Tier 2
CUST01090,2023-10-11,Social Media,46,Tier 1
CUST01091,2023-12-03,Social Media,49,Tier 1
CUST01092,2023-07-17,Email,44,Tier 2
CUST01093,2023-07-06,Organic Search,40,Tier 3
CUST01094,2023-11-24,Social Media,39,Tier 1
CUST01095,2023-12-31,Organic Search,19,Tier 1
CUST01096,2023-07-28,Paid Ads,55,Tier 1
CUST01097,2024-01-10,Social Media,31,Tier 1
CUST01098,2023-08-07,Paid Ads,39,Tier 1
CUST01099,2023-10-27,Social Media,27,Tier 2
CUST01100,2023-08-06,Organic Search,35,Tier 3
CUST01101,2023-10-23,Email,39,Tier 1
CUST01102,2023-09-06,Organic Search,49,Tier 2
CUST01103,2023-12-24,Email,57,Tier 1
CUST01104,2023-08-12,Social Media,40,Tier 1
CUST01105,2023-12-11,Email,30,Tier 1
CUST01106,2023-08-27,Organic Search,24,Tier 2
CUST01107,2023-07-13,Organic Search,34,Tier 1
CUST01108,2023-08-21,Organic Search,44,Tier 1
CUST01109,2023-08-27,Email,23,Tier 1
CUST01110,2023-08-01,Referral,27,Tier 1
CUST01111,2023-10-13,Organic Search,58,Tier 1
CUST01112,2024-01-04,Social Media,32,Tier 3
CUST01113,2023-09-21,Social Media,48,Tier 2
CUST01114,2024-01-02,Paid Ads,44,Tier 3
CUST01115,2023-10-07,Email,47,Tier 1
CUST01116,2023-10-12,Social Media,37,Tier 1
CUST01117,2023-12-31,Organic Search,26,Tier 1
CUST01118,2023-07-28,Organic Search,41,Tier 1
CUST01119,2023-11-06,Organic Search,53,Tier 2
CUST01120,2023-12-17,Referral,49,Tier 1
CUST01121,2023-08-17,Referral,53,Tier 1
CUST01122,2023-08-09,Social Media,50,Tier 2
CUST01123,2023-10-05,Organic Search,23,Tier 1
CUST01124,2024-01-07,Paid Ads,34,Tier 3
CUST01125,2024-01-16,Organic Search,35,Tier 1
CUST01126,2023-10-22,Organic Search,50,Tier 2
CUST01127,2023-11-09,Email,56,Tier 1
CUST01128,2023-12-13,Referral,50,Tier 3
CUST01129,2023-12-02,Referral,38,Tier 1
CUST01130,2023-11-14,Email,20,Tier 2
CUST01131,2023-10-19,Organic Search,38,Tier 1
CUST01132,2023-11-21,Organic Search,36,Tier 2
CUST01133,2023-12-31,Paid Ads,19,Tier 1
CUST01134,2023-09-14,Social Media,47,Tier 1
CUST01135,2023-07-31,Social Media,47,Tier 3
CUST01136,2023-10-27,Paid Ads,37,Tier 3
CUST01137,2023-11-19,Paid Ads,58,Tier 1
CUST01138,2023-07-25,Organic Search,24,Tier 3
CUST01139,2023-08-03,Organic Search,57,Tier 1
CUST01140,2023-09-05,Paid Ads,26,Tier 3
CUST01141,2023-11-29,Organic Search,42,Tier 2
CUST01142,2023-10-26,Paid Ads,38,Tier 2
CUST01143,2023-09-11,Social Media,32,Tier 3
CUST01144,2023-07-26,Email,23,Tier 3
CUST01145,2023-11-25,Organic Search,59,Tier 1
CUST01146,2024-01-08,Organic Search,58,Tier 2
CUST01147,2023-10-12,Paid Ads,52,Tier 1
CUST01148,2023-07-10,Paid Ads,34,Tier 3
CUST01149,2023-09-05,Paid Ads,25,Tier 2
CUST01150,2023-11-29,Paid Ads,34,Tier 1
CUST01151,2023-07-05,Email,25,Tier 2
CUST01152,2024-01-11,Social Media,45,Tier 2
CUST01153,2024-01-02,Paid Ads,32,Tier 2
CUST01154,2023-07-27,Social Media,32,Tier 1
CUST01155,2023-10-21,Paid Ads,51,Tier 1
CUST01156,2023-07-15,Organic Search,51,Tier 2
CUST01157,2023-12-10,Email,38,Tier 1
CUST01158,2023-10-13,Email,54,Tier 1
CUST01159,2023-12-28,Referral,25,Tier 2
CUST01160,2023-08-13,Social Media,50,Tier 1
CUST01161,2023-07-26,Referral,21,Tier 2
CUST01162,2023-12-22,Referral,57,Tier 2
CUST01163,2023-12-09,Email,47,Tier 2
CUST01164,2023-10-03,Paid Ads,42,Tier 1
CUST01165,2023-12-25,Email,40,Tier 1
CUST01166,2023-09-22,Referral,24,Tier 1
CUST01167,2023-11-17,Social Media,42,Tier 3
CUST01168,2023-11-09,Organic Search,58,Tier 1
CUST01169,2023-09-25,Social Media,41,Tier 3
CUST01170,2023-12-23,Organic Search,56,Tier 2
CUST01171,2023-12-30,Paid Ads,28,Tier 3
CUST01172,2023-10-20,Organic Search,34,Tier 1
CUST01173,2023-11-06,Email,29,Tier 1
CUST01174,2023-09-27,Social Media,50,Tier 3
CUST01175,2023-09-04,Organic Search,24,Tier 1
CUST01176,2023-12-05,Organic Search,42,Tier 1
CUST01177,2023-11-08,Organic Search,51,Tier 1
CUST01178,2023-10-30,Email,30,Tier 3
CUST01179,2023-11-26,Paid Ads,45,Tier 2
CUST01180,2023-09-22,Organic Search,56,Tier 2
CUST01181,2023-12-24,Organic Search,36,Tier 2
CUST01182,2023-10-24,Paid Ads,57,Tier 1
CUST01183,2024-01-06,Organic Search,31,Tier 2
CUST01184,2023-10-24,Social Media,58,Tier 1
CUST01185,2023-08-07,Organic Search,48,Tier 3
CUST01186,2023-11-20,Email,59,Tier 1
CUST01187,2023-10-18,Organic Search,31,Tier 1
CUST01188,2023-12-27,Paid Ads,52,Tier 2
CUST01189,2023-08-15,Organic Search,54,Tier 1
CUST01190,2023-07-25,Social Media,48,Tier 2
CUST01191,2023-07-21,Referral,43,Tier 1
CUST01192,2023-10-29,Referral,20,Tier 1
CUST01193,2023-10-30,Email,54,Tier 2
CUST01194,2023-11-10,Paid Ads,36,Tier 2
CUST01195,2023-09-08,Social Media,23,Tier 1
CUST01196,2023-10-21,Email,37,Tier 2
CUST01197,2023-10-15,Organic Search,36,Tier 1
CUST01198,2023-10-20,Social Media,50,Tier 1
CUST01199,2023-10-16,Paid Ads,39,Tier 1
CUST01200,2023-08-16,Organic Search,28,Tier 3
CUST01201,2024-01-12,Organic Search,55,Tier 2
CUST01202,2023-09-29,Organic Search,40,Tier 1
CUST01203,2023-07-18,Paid Ads,31,Tier 2
CUST01204,2023-11-26,Organic Search,35,Tier 3
CUST01205,2023-10-12,Organic Search,27,Tier 1
CUST01206,2023-11-28,Organic Search,42,Tier 3
CUST01207,2024-01-08,Email,32,Tier 1
CUST01208,2024-01-11,Social Media,26,Tier 3
CUST01209,2023-08-09,Paid Ads,55,Tier 2
CUST01210,2023-11-15,Organic Search,37,Tier 1
CUST01211,2023-09-27,Organic Search,46,Tier 1
CUST01212,2023-12-27,Referral,59,Tier 3
CUST01213,2024-01-16,Paid Ads,48,Tier 2
CUST01214,2023-08-30,Paid Ads,25,Tier 2
CUST01215,2024-01-08,Organic Search,44,Tier 1
CUST01216,2023-07-05,Social Media,58,Tier 1
CUST01217,2023-10-30,Paid Ads,29,Tier 1
CUST01218,2023-12-28,Organic Search,32,Tier 1
CUST01219,2023-08-24,Organic Search,39,Tier 2
CUST01220,2023-08-06,Paid Ads,26,Tier 3
CUST01221,2023-08-25,Social Media,21,Tier 2
CUST01222,2024-01-03,Social Media,46,Tier 1
CUST01223,2023-10-10,Email,47,Tier 2
CUST01224,2023-10-01,Social Media,41,Tier 3
CUST01225,2024-01-13,Organic Search,36,Tier 2
CUST01226,2023-09-11,Email,53,Tier 2
CUST01227,2023-08-28,Email,31,Tier 3
CUST01228,2023-07-02,Organic Search,30,Tier 2
CUST01229,2024-01-09,Social Media,23,Tier 1
CUST01230,2023-10-12,Organic Search,57,Tier 1
CUST01231,2024-01-04,Paid Ads,29,Tier 3
CUST01232,2023-08-20,Email,29,Tier 2
CUST01233,2023-07-30,Email,49,Tier 1
CUST01234,2023-07-11,Email,49,Tier 2
CUST01235,2023-10-16,Organic Search,31,Tier 2
CUST01236,2023-09-14,Social Media,32,Tier 3
CUST01237,2023-12-14,Paid Ads,43,Tier 1
CUST01238,2023-09-28,Paid Ads,51,Tier 2
CUST01239,2023-10-31,Referral,51,Tier 3
CUST01240,2024-01-16,Social Media,33,Tier 1
CUST01241,2024-01-07,Organic Search,34,Tier 1
CUST01242,2024-01-08,Social Media,56,Tier 3
CUST01243,2024-01-05,Organic Search,24,Tier 2
CUST01244,2023-11-02,Organic Search,43,Tier 2
CUST01245,2023-12-29,Paid Ads,33,Tier 2
CUST01246,2023-10-30,Referral,22,Tier 1
CUST01247,2023-10-02,Organic Search,22,Tier 3
CUST01248,2023-10-11,Email,48,Tier 1
CUST01249,2024-01-02,Organic Search,52,Tier 1
CUST01250,2023-12-31,Social Media,45,Tier 1
CUST01251,2023-12-09,Paid Ads,49,Tier 1
CUST01252,2023-07-31,Email,50,Tier 3
CUST01253,2023-08-21,Organic Search,57,Tier 2
CUST01254,2023-09-27,Social Media,27,Tier 3
CUST01255,2023-09-14,Referral,59,Tier 1
CUST01256,2023-11-06,Email,26,Tier 2
CUST01257,2023-12-30,Paid Ads,32,Tier 2
CUST01258,2023-07-22,Referral,51,Tier 3
CUST01259,2023-08-09,Organic Search,41,Tier 2
CUST01260,2023-10-09,Social Media,39,Tier 1
CUST01261,2023-10-19,Social Media,30,Tier 1
CUST01262,2023-11-06,Organic Search,20,Tier 1
CUST01263,2023-09-03,Paid Ads,31,Tier 2
CUST01264,2024-01-07,Organic Search,22,Tier 3
CUST01265,2023-12-29,Email,38,Tier 1
CUST01266,2023-12-17,Email,32,Tier 1
CUST01267,2023-11-26,Paid Ads,48,Tier 1
CUST01268,2023-09-17,Paid Ads,47,Tier 2
CUST01269,2023-07-22,Organic Search,26,Tier 1
CUST01270,2023-12-13,Paid Ads,30,Tier 1
CUST01271,2023-10-07,Organic Search,59,Tier 1
CUST01272,2023-07-08,Social Media,56,Tier 2
CUST01273,2024-01-06,Organic Search,44,Tier 2
CUST01274,2023-12-22,Social Media,20,Tier 2
CUST01275,2023-07-17,Email,58,Tier 1
CUST01276,2023-07-17,Paid Ads,32,Tier 2
CUST01277,2023-09-28,Social Media,24,Tier 1
CUST01278,2023-11-18,Paid Ads,58,Tier 1
CUST01279,2023-11-22,Paid Ads,49,Tier 2
CUST01280,2023-12-13,Organic Search,35,Tier 1
CUST01281,2023-09-19,Paid Ads,43,Tier 2
CUST01282,2023-09-16,Organic Search,50,Tier 1
CUST01283,2023-12-20,Organic Search,30,Tier 1
CUST01284,2023-07-06,Paid Ads,31,Tier 3
CUST01285,2023-12-10,Organic Search,37,Tier 2
CUST01286,2023-10-18,Organic Search,43,Tier 2
CUST01287,2023-07-14,Organic Search,49,Tier 3
CUST01288,2023-09-10,Organic Search,55,Tier 2
CUST01289,2024-01-05,Organic Search,43,Tier 2
CUST01290,2023-11-20,Referral,34,Tier 2
CUST01291,2023-08-23,Organic Search,56,Tier 1
CUST01292,2023-07-27,Email,41,Tier 1
CUST01293,2023-07-13,Organic Search,32,Tier 2
CUST01294,2023-12-06,Referral,24,Tier 1
CUST01295,2023-12-10,Organic Search,43,Tier 1
CUST01296,2023-08-29,Referral,41,Tier 1
CUST01297,2023-07-06,Email,30,Tier 1
CUST01298,2024-01-13,Organic Search,31,Tier 1
CUST01299,2023-08-27,Social Media,54,Tier 1
CUST01300,2023-08-18,Paid Ads,57,Tier 1
CUST01301,2023-11-28,Organic Search,52,Tier 1
CUST01302,2023-12-09,Social Media,24,Tier 2
CUST01303,2023-07-26,Referral,56,Tier 1
CUST01304,2023-08-16,Paid Ads,58,Tier 3
CUST01305,2023-07-05,Paid Ads,26,Tier 3
CUST01306,2023-07-20,Social Media,26,Tier 2
CUST01307,2023-11-11,Email,58,Tier 2
CUST01308,2024-01-14,Social Media,51,Tier 1
CUST01309,2023-08-28,Email,52,Tier 1
CUST01310,2024-01-08,Organic Search,33,Tier 3
CUST01311,2023-11-23,Referral,54,Tier 1
CUST01312,2023-11-09,Organic Search,53,Tier 3
CUST01313,2023-07-17,Organic Search,40,Tier 2
CUST01314,2023-07-14,Paid Ads,41,Tier 1
CUST01315,2023-07-13,Email,58,Tier 2
CUST01316,2023-11-12,Organic Search,40,Tier 2
CUST01317,2023-11-05,Social Media,23,Tier 1
CUST01318,2023-08-13,Paid Ads,49,Tier 1
CUST01319,2023-10-27,Paid Ads,31,Tier 2
CUST01320,2023-11-20,Social Media,46,Tier 2
CUST01321,2023-07-19,Paid Ads,38,Tier 1
CUST01322,2023-09-01,Organic Search,51,Tier 1
CUST01323,2023-12-10,Organic Search,34,Tier 3
CUST01324,2023-09-19,Referral,47,Tier 2
CUST01325,2023-12-10,Organic Search,41,Tier 2
CUST01326,2023-11-24,Paid Ads,42,Tier 3
CUST01327,2023-11-25,Paid Ads,52,Tier 1
CUST01328,2023-10-08,Paid Ads,25,Tier 2
CUST01329,2023-12-10,Organic Search,56,Tier 3
CUST01330,2023-12-07,Paid Ads,55,Tier 2
CUST01331,2023-10-30,Paid Ads,22,Tier 1
CUST01332,2023-12-23,Referral,52,Tier 1
CUST01333,2023-08-13,Organic Search,40,Tier 2
CUST01334,2023-10-12,Paid Ads,23,Tier 1
CUST01335,2023-11-29,Paid Ads,41,Tier 3
CUST01336,2023-08-30,Paid Ads,33,Tier 1
CUST01337,2023-11-02,Email,49,Tier 1
CUST01338,2023-11-22,Organic Search,27,Tier 1
CUST01339,2023-09-09,Organic Search,43,Tier 2
CUST01340,2023-10-15,Social Media,43,Tier 3
CUST01341,2023-08-19,Paid Ads,39,Tier 2
CUST01342,2023-09-03,Paid Ads,27,Tier 3
CUST01343,2023-10-07,Organic Search,56,Tier 1
CUST01344,2023-08-01,Organic Search,40,Tier 1
CUST01345,2023-12-11,Organic Search,41,Tier 3
CUST01346,2023-11-18,Organic Search,22,Tier 3
CUST01347,2024-01-14,Email,47,Tier 3
CUST01348,2023-08-27,Social Media,33,Tier 2
CUST01349,2023-11-05,Organic Search,19,Tier 1
CUST01350,2023-11-19,Paid Ads,48,Tier 1
CUST01351,2023-12-12,Organic Search,47,Tier 3
CUST01352,2023-10-20,Paid Ads,38,Tier 1
CUST01353,2023-09-06,Organic Search,51,Tier 1
CUST01354,2023-08-09,Referral,59,Tier 2
CUST01355,2024-01-03,Email,54,Tier 1
CUST01356,2023-11-21,Referral,40,Tier 3
CUST01357,2024-01-06,Social Media,31,Tier 1
CUST01358,2023-11-09,Paid Ads,25,Tier 2
CUST01359,2023-12-20,Paid Ads,26,Tier 2
CUST01360,2023-09-28,Organic Search,46,Tier 2
CUST01361,2023-07-28,Paid Ads,27,Tier 2
CUST01362,2023-10-04,Referral,43,Tier 1
CUST01363,2024-01-10,Organic Search,34,Tier 2
CUST01364,2023-07-31,Social Media,28,Tier 2
CUST01365,2023-07-03,Paid Ads,29,Tier 2
CUST01366,2023-11-13,Social Media,49,Tier 1
CUST01367,2023-07-24,Referral,30,Tier 1
CUST01368,2023-07-15,Email,49,Tier 1
CUST01369,2023-12-18,Email,32,Tier 2
CUST01370,2023-12-06,Paid Ads,50,Tier 1
CUST01371,2023-08-14,Social Media,35,Tier 3
CUST01372,2024-01-10,Referral,53,Tier 2
CUST01373,2023-07-08,Social Media,19,Tier 2
CUST01374,2023-09-09,Email,47,Tier 3
CUST01375,2023-10-16,Email,22,Tier 1
CUST01376,2023-10-23,Social Media,41,Tier 3
CUST01377,2023-10-11,Paid Ads,46,Tier 2
CUST01378,2023-11-02,Social Media,34,Tier 3
CUST01379,2023-08-26,Paid Ads,30,Tier 3
CUST01380,2023-07-30,Organic Search,39,Tier 1
CUST01381,2023-11-23,Paid Ads,35,Tier 1
CUST01382,2023-10-22,Paid Ads,58,Tier 2
CUST01383,2024-01-13,Organic Search,31,Tier 2
CUST01384,2023-10-25,Organic Search,50,Tier 1
CUST01385,2023-12-14,Paid Ads,55,Tier 1
CUST01386,2023-08-29,Organic Search,33,Tier 1
CUST01387,2023-10-06,Paid Ads,30,Tier 2
CUST01388,2023-12-18,Social Media,33,Tier 3
CUST01389,2023-11-03,Referral,52,Tier 2
CUST01390,2023-12-20,Social Media,24,Tier 1
CUST01391,2023-11-28,Referral,35,Tier 1
CUST01392,2024-01-13,Email,38,Tier 1
CUST01393,2023-10-02,Organic Search,27,Tier 2
CUST01394,2023-11-11,Email,23,Tier 3
CUST01395,2023-12-31,Social Media,41,Tier 1
CUST01396,2023-10-30,Paid Ads,51,Tier 2
CUST01397,2023-10-16,Organic Search,56,Tier 3
CUST01398,2023-07-04,Social Media,32,Tier 3
CUST01399,2023-10-01,Organic Search,35,Tier 1
CUST01400,2023-11-28,Email,37,Tier 1
CUST01401,2023-07-06,Organic Search,51,Tier 1
CUST01402,2023-08-01,Email,19,Tier 2
CUST01403,2023-10-14,Paid Ads,31,Tier 3
CUST01404,2023-11-23,Organic Search,45,Tier 1
CUST01405,2023-07-15,Paid Ads,24,Tier 1
CUST01406,2023-12-15,Email,24,Tier 3
CUST01407,2023-10-30,Social Media,51,Tier 2
CUST01408,2023-10-04,Social Media,48,Tier 3
CUST01409,2023-07-06,Paid Ads,53,Tier 1
CUST01410,2023-10-20,Social Media,41,Tier 1
CUST01411,2023-10-28,Paid Ads,28,Tier 1
CUST01412,2023-10-31,Paid Ads,37,Tier 1
CUST01413,2024-01-07,Organic Search,46,Tier 2
CUST01414,2023-09-05,Email,41,Tier 1
CUST01415,2023-10-14,Paid Ads,22,Tier 1
CUST01416,2023-11-16,Organic Search,38,Tier 3
CUST01417,2023-08-12,Email,37,Tier 1
CUST01418,2023-11-22,Social Media,45,Tier 2
CUST01419,2023-10-04,Paid Ads,52,Tier 1
CUST01420,2023-11-09,Organic Search,22,Tier 3
CUST01421,2024-01-07,Paid Ads,56,Tier 1
CUST01422,2024-01-12,Paid Ads,25,Tier 2
CUST01423,2023-09-19,Email,25,Tier 1
CUST01424,2023-08-10,Paid Ads,44,Tier 1
CUST01425,2023-11-10,Email,44,Tier 2
CUST01426,2023-12-07,Social Media,37,Tier 1
CUST01427,2024-01-14,Organic Search,27,Tier 1
CUST01428,2023-08-04,Referral,38,Tier 3
CUST01429,2023-07-22,Paid Ads,34,Tier 3
CUST01430,2024-01-09,Organic Search,35,Tier 1
CUST01431,2023-11-27,Paid Ads,40,Tier 1
CUST01432,2023-10-20,Organic Search,31,Tier 1
CUST01433,2023-07-11,Organic Search,30,Tier 1
CUST01434,2023-07-03,Paid Ads,28,Tier 3
CUST01435,2023-11-14,Social Media,19,Tier 2
CUST01436,2023-08-29,Referral,50,Tier 2
CUST01437,2023-09-14,Email,48,Tier 3
CUST01438,2023-09-25,Organic Search,26,Tier 2
CUST01439,2023-07-14,Email,39,Tier 2
CUST01440,2023-07-18,Email,40,Tier 1
CUST01441,2023-10-21,Social Media,36,Tier 1
CUST01442,2023-09-11,Social Media,20,Tier 2
CUST01443,2023-07-23,Social Media,27,Tier 1
CUST01444,2023-09-21,Paid Ads,21,Tier 1
CUST01445,2023-11-02,Email,44,Tier 1
CUST01446,2023-12-22,Organic Search,39,Tier 1
CUST01447,2023-09-07,Referral,48,Tier 2
CUST01448,2023-08-16,Organic Search,46,Tier 2
CUST01449,2023-10-24,Organic Search,54,Tier 1
CUST01450,2023-07-30,Organic Search,44,Tier 1
CUST01451,2023-07-25,Social Media,52,Tier 2
CUST01452,2023-12-03,Paid Ads,26,Tier 1
CUST01453,2023-10-20,Paid Ads,28,Tier 2
CUST01454,2023-07-25,Referral,32,Tier 2
CUST01455,2023-09-12,Referral,58,Tier 1
CUST01456,2023-08-27,Paid Ads,33,Tier 2
CUST01457,2023-10-02,Organic Search,35,Tier 2
CUST01458,2023-10-27,Social Media,36,Tier 1
CUST01459,2023-11-04,Referral,50,Tier 1
CUST01460,2023-12-16,Paid Ads,56,Tier 3
CUST01461,2023-07-25,Email,41,Tier 1
CUST01462,2023-09-16,Organic Search,41,Tier 3
CUST01463,2023-10-07,Social Media,53,Tier 2
CUST01464,2023-10-24,Email,57,Tier 1
CUST01465,2023-08-17,Paid Ads,33,Tier 1
CUST01466,2023-07-10,Organic Search,42,Tier 2
CUST01467,2023-10-07,Referral,46,Tier 1
CUST01468,2023-07-11,Email,34,Tier 2
CUST01469,2023-09-23,Organic Search,34,Tier 3
CUST01470,2023-11-26,Email,58,Tier 3
CUST01471,2023-12-20,Email,57,Tier 1
CUST01472,2023-11-12,Paid Ads,24,Tier 3
CUST01473,2024-01-08,Social Media,20,Tier 3
CUST01474,2023-11-03,Email,31,Tier 3
CUST01475,2023-09-02,Referral,27,Tier 2
CUST01476,2023-07-02,Organic Search,52,Tier 2
CUST01477,2023-09-14,Organic Search,35,Tier 2
CUST01478,2023-10-29,Organic Search,45,Tier 1
CUST01479,2023-08-11,Email,47,Tier 3
CUST01480,2023-08-23,Email,55,Tier 1
CUST01481,2023-09-13,Social Media,40,Tier 1
CUST01482,2023-07-16,Social Media,42,Tier 3
CUST01483,2023-07-18,Paid Ads,25,Tier 1
CUST01484,2024-01-03,Referral,52,Tier 3
CUST01485,2023-09-28,Organic Search,30,Tier 2
CUST01486,2023-11-21,Social Media,41,Tier 1
CUST01487,2023-07-06,Paid Ads,33,Tier 1
CUST01488,2024-01-01,Email,51,Tier 2
CUST01489,2023-10-16,Social Media,31,Tier 2
CUST01490,2023-12-22,Email,41,Tier 3
CUST01491,2023-08-17,Organic Search,56,Tier 3
CUST01492,2023-08-11,Paid Ads,50,Tier 1
CUST01493,2023-09-14,Email,53,Tier 1
CUST01494,2024-01-04,Social Media,19,Tier 3
CUST01495,2023-09-15,Paid Ads,23,Tier 2
CUST01496,2023-11-09,Referral,31,Tier 1
CUST01497,2023-11-07,Paid Ads,23,Tier 3
CUST01498,2023-08-28,Paid Ads,50,Tier 3
CUST01499,2023-12-02,Social Media,39,Tier 2
CUST01500,2023-07-27,Email,42,Tier 1
CUST01501,2023-09-17,Referral,36,Tier 2
CUST01502,2023-09-10,Email,39,Tier 2
CUST01503,2023-07-07,Paid Ads,28,Tier 3
CUST01504,2024-01-07,Organic Search,42,Tier 3
CUST01505,2023-10-19,Paid Ads,58,Tier 2
CUST01506,2023-10-27,Organic Search,39,Tier 2
CUST01507,2023-12-21,Social Media,43,Tier 3
CUST01508,2023-09-01,Organic Search,41,Tier 1
CUST01509,2023-11-01,Organic Search,40,Tier 1
CUST01510,2023-07-12,Organic Search,22,Tier 3
CUST01511,2023-11-18,Organic Search,52,Tier 1
CUST01512,2023-08-12,Paid Ads,24,Tier 1
CUST01513,2023-07-17,Social Media,46,Tier 1
CUST01514,2023-09-01,Social Media,49,Tier 1
CUST01515,2023-10-28,Social Media,53,Tier 1
CUST01516,2023-08-05,Social Media,57,Tier 1
CUST01517,2023-07-08,Organic Search,41,Tier 3
CUST01518,2023-09-07,Social Media,24,Tier 2
CUST01519,2023-09-28,Organic Search,34,Tier 2
CUST01520,2023-08-05,Paid Ads,20,Tier 1
CUST01521,2023-07-28,Email,42,Tier 2
CUST01522,2023-10-26,Organic Search,35,Tier 2
CUST01523,2023-10-01,Social Media,19,Tier 2
CUST01524,2023-12-22,Paid Ads,24,Tier 1
CUST01525,2023-09-14,Social Media,23,Tier 1
CUST01526,2023-10-09,Paid Ads,47,Tier 3
CUST01527,2023-12-05,Organic Search,30,Tier 2
CUST01528,2023-11-28,Social Media,57,Tier 2
CUST01529,2023-11-21,Organic Search,21,Tier 2
CUST01530,2023-07-14,Paid Ads,19,Tier 1
CUST01531,2023-09-09,Organic Search,45,Tier 2
CUST01532,2023-12-27,Email,42,Tier 1
CUST01533,2023-11-01,Email,37,Tier 2
CUST01534,2023-11-02,Paid Ads,26,Tier 3
CUST01535,2023-08-06,Referral,20,Tier 2
CUST01536,2023-07-29,Social Media,48,Tier 1
CUST01537,2024-01-11,Social Media,48,Tier 1
CUST01538,2023-11-20,Social Media,57,Tier 2
CUST01539,2023-12-22,Organic Search,50,Tier 3
CUST01540,2023-12-21,Email,19,Tier 2
CUST01541,2023-12-27,Organic Search,56,Tier 2
CUST01542,2023-07-19,Organic Search,31,Tier 1
CUST01543,2023-10-14,Referral,29,Tier 2
CUST01544,2023-07-21,Email,28,Tier 2
CUST01545,2023-09-02,Paid Ads,44,Tier 3
CUST01546,2023-12-12,Organic Search,38,Tier 1
CUST01547,2023-07-27,Email,35,Tier 2
CUST01548,2023-08-24,Organic Search,35,Tier 1
CUST01549,2023-07-29,Organic Search,22,Tier 2
CUST01550,2023-11-25,Organic Search,23,Tier 3
CUST01551,2023-07-25,Paid Ads,41,Tier 1
CUST01552,2023-09-08,Email,28,Tier 1
CUST01553,2023-09-01,Organic Search,46,Tier 2
CUST01554,2023-12-11,Social Media,51,Tier 2
CUST01555,2023-11-07,Organic Search,44,Tier 1
CUST01556,2023-11-27,Email,47,Tier 1
CUST01557,2023-07-16,Referral,45,Tier 2
CUST01558,2023-11-23,Email,36,Tier 3
CUST01559,2024-01-13,Social Media,58,Tier 1
CUST01560,2023-12-29,Referral,28,Tier 3
CUST01561,2023-10-08,Paid Ads,23,Tier 1
CUST01562,2023-07-30,Social Media,28,Tier 1
CUST01563,2023-08-14,Social Media,39,Tier 1
CUST01564,2023-07-19,Paid Ads,42,Tier 3
CUST01565,2023-08-03,Organic Search,56,Tier 1
CUST01566,2023-11-18,Referral,21,Tier 2
CUST01567,2023-12-18,Social Media,58,Tier 2
CUST01568,2023-08-31,Organic Search,49,Tier 3
CUST01569,2023-10-26,Paid Ads,59,Tier 3
CUST01570,2023-10-08,Social Media,55,Tier 2
CUST01571,2023-07-22,Paid Ads,20,Tier 3
CUST01572,2023-12-27,Email,20,Tier 2
CUST01573,2023-12-27,Social Media,57,Tier 3
CUST01574,2023-10-19,Email,52,Tier 1
CUST01575,2023-12-11,Paid Ads,38,Tier 1
CUST01576,2023-09-11,Social Media,51,Tier 2
CUST01577,2023-11-24,Social Media,22,Tier 1
CUST01578,2023-08-07,Email,29,Tier 1
CUST01579,2023-09-08,Paid Ads,23,Tier 2
CUST01580,2023-10-24,Paid Ads,43,Tier 1
CUST01581,2023-09-17,Referral,55,Tier 2
CUST01582,2024-01-01,Organic Search,52,Tier 1
CUST01583,2023-11-25,Organic Search,27,Tier 3
CUST01584,2023-07-09,Paid Ads,24,Tier 3
CUST01585,2023-08-01,Social Media,36,Tier 3
CUST01586,2023-11-09,Organic Search,32,Tier 1
CUST01587,2023-08-19,Organic Search,37,Tier 2
CUST01588,2023-09-20,Organic Search,32,Tier 3
CUST01589,2023-07-05,Social Media,58,Tier 3
CUST01590,2023-11-25,Organic Search,35,Tier 2
CUST01591,2023-09-25,Paid Ads,53,Tier 1
CUST01592,2023-11-03,Paid Ads,47,Tier 2
CUST01593,2023-09-13,Social Media,35,Tier 2
CUST01594,2023-12-12,Paid Ads,26,Tier 1
CUST01595,2023-07-22,Organic Search,19,Tier 2
CUST01596,2024-01-02,Paid Ads,54,Tier 3
CUST01597,2023-09-06,Referral,25,Tier 2
CUST01598,2023-08-13,Email,23,Tier 2
CUST01599,2023-08-03,Referral,42,Tier 2
CUST01600,2023-09-15,Social Media,46,Tier 3
CUST01601,2023-08-11,Organic Search,35,Tier 2
CUST01602,2023-11-14,Email,55,Tier 2
CUST01603,2023-10-14,Organic Search,38,Tier 2
CUST01604,2023-10-03,Email,21,Tier 2
CUST01605,2023-11-12,Organic Search,55,Tier 2
CUST01606,2023-09-06,Paid Ads,44,Tier 2
CUST01607,2023-11-24,Referral,33,Tier 2
CUST01608,2023-12-06,Organic Search,26,Tier 2
CUST01609,2023-11-05,Social Media,31,Tier 1
CUST01610,2023-12-10,Organic Search,21,Tier 1
CUST01611,2024-01-01,Organic Search,19,Tier 1
CUST01612,2023-09-23,Social Media,27,Tier 3
CUST01613,2024-01-05,Email,49,Tier 1
CUST01614,2023-12-06,Social Media,59,Tier 1
CUST01615,2023-09-21,Organic Search,44,Tier 1
CUST01616,2023-10-03,Paid Ads,35,Tier 2
CUST01617,2023-12-28,Social Media,52,Tier 1
CUST01618,2023-08-01,Email,27,Tier 2
CUST01619,2023-09-04,Paid Ads,31,Tier 1
CUST01620,2024-01-03,Referral,23,Tier 3
CUST01621,2023-10-24,Email,59,Tier 3
CUST01622,2023-11-15,Referral,31,Tier 3
CUST01623,2023-11-07,Social Media,19,Tier 1
CUST01624,2024-01-10,Social Media,43,Tier 2
CUST01625,2023-08-29,Organic Search,22,Tier 2
CUST01626,2023-07-17,Paid Ads,54,Tier 1
CUST01627,2023-10-04,Social Media,28,Tier 1
CUST01628,2023-11-21,Organic Search,46,Tier 1
CUST01629,2023-07-16,Organic Search,24,Tier 2
CUST01630,2023-08-15,Paid Ads,45,Tier 1
CUST01631,2023-12-14,Organic Search,30,Tier 2
CUST01632,2023-12-06,Referral,21,Tier 2
CUST01633,2023-10-15,Social Media,51,Tier 2
CUST01634,2023-09-26,Paid Ads,28,Tier 3
CUST01635,2023-11-06,Organic Search,49,Tier 2
CUST01636,2023-11-16,Social Media,33,Tier 2
CUST01637,2023-10-27,Email,25,Tier 2
CUST01638,2023-09-23,Referral,54,Tier 1
CUST01639,2023-07-04,Email,32,Tier 1
CUST01640,2023-09-09,Paid Ads,32,Tier 3
CUST01641,2023-12-01,Paid Ads,21,Tier 3
CUST01642,2023-10-19,Referral,21,Tier 2
CUST01643,2023-08-19,Email,40,Tier 1
CUST01644,2023-11-17,Email,37,Tier 1
CUST01645,2023-10-03,Organic Search,53,Tier 1
CUST01646,2023-09-30,Social Media,30,Tier 3
CUST01647,2023-09-03,Social Media,23,Tier 2
CUST01648,2023-08-16,Paid Ads,28,Tier 3
CUST01649,2023-12-28,Paid Ads,59,Tier 2
CUST01650,2023-10-14,Organic Search,51,Tier 1
CUST01651,2024-01-15,Organic Search,31,Tier 1
CUST01652,2023-11-07,Organic Search,53,Tier 1
CUST01653,2023-10-14,Organic Search,50,Tier 2
CUST01654,2023-07-24,Email,29,Tier 1
CUST01655,2023-07-04,Organic Search,56,Tier 2
CUST01656,2023-10-16,Organic Search,42,Tier 2
CUST01657,2023-07-19,Social Media,53,Tier 1
CUST01658,2023-12-01,Email,37,Tier 1
CUST01659,2023-08-09,Email,24,Tier 1
CUST01660,2023-08-19,Paid Ads,58,Tier 2
CUST01661,2023-12-18,Email,53,Tier 2
CUST01662,2023-09-13,Organic Search,22,Tier 1
CUST01663,2024-01-11,Social Media,51,Tier 3
CUST01664,2023-07-12,Organic Search,31,Tier 2
CUST01665,2024-01-11,Email,54,Tier 2
CUST01666,2023-07-27,Paid Ads,37,Tier 2
CUST01667,2023-10-21,Social Media,30,Tier 3
CUST01668,2023-12-29,Paid Ads,29,Tier 2
CUST01669,2024-01-10,Paid Ads,24,Tier 1
CUST01670,2023-08-18,Organic Search,30,Tier 1
CUST01671,2023-11-21,Email,45,Tier 2
CUST01672,2023-11-07,Referral,59,Tier 2
CUST01673,2023-08-29,Social Media,43,Tier 2
CUST01674,2023-12-29,Organic Search,21,Tier 3
CUST01675,2023-07-30,Paid Ads,21,Tier 3
CUST01676,2023-09-22,Referral,38,Tier 1
CUST01677,2023-12-13,Paid Ads,46,Tier 1
CUST01678,2023-07-28,Email,41,Tier 1
CUST01679,2023-07-25,Referral,21,Tier 2
CUST01680,2023-10-04,Social Media,42,Tier 1
CUST01681,2023-11-02,Paid Ads,58,Tier 1
CUST01682,2023-07-10,Paid Ads,24,Tier 1
CUST01683,2024-01-04,Paid Ads,38,Tier 1
CUST01684,2023-08-11,Social Media,29,Tier 1
CUST01685,2023-08-09,Organic Search,50,Tier 1
CUST01686,2023-09-15,Organic Search,45,Tier 2
CUST01687,2023-10-13,Paid Ads,39,Tier 1
CUST01688,2023-10-26,Organic Search,31,Tier 1
CUST01689,2023-08-11,Email,40,Tier 3
CUST01690,2023-08-16,Email,53,Tier 3
CUST01691,2023-12-12,Paid Ads,40,Tier 1
CUST01692,2023-07-22,Paid Ads,46,Tier 1
CUST01693,2024-01-01,Referral,39,Tier 2
CUST01694,2023-10-15,Organic Search,36,Tier 1
CUST01695,2023-07-27,Social Media,49,Tier 1
CUST01696,2023-08-10,Referral,55,Tier 1
CUST01697,2023-09-18,Paid Ads,39,Tier 1
CUST01698,2023-12-09,Email,32,Tier 2
CUST01699,2023-12-07,Referral,43,Tier 3
CUST01700,2023-09-27,Organic Search,45,Tier 2
CUST01701,2023-09-04,Paid Ads,58,Tier 2
CUST01702,2023-07-12,Paid Ads,41,Tier 1
CUST01703,2023-12-15,Organic Search,49,Tier 2
CUST01704,2023-09-11,Social Media,47,Tier 1
CUST01705,2023-09-14,Social Media,48,Tier 1
CUST01706,2023-09-28,Social Media,44,Tier 2
CUST01707,2023-07-10,Organic Search,38,Tier 3
CUST01708,2023-10-04,Organic Search,56,Tier 1
CUST01709,2023-12-23,Email,37,Tier 3
CUST01710,2023-07-20,Organic Search,45,Tier 1
CUST01711,2023-08-08,Email,43,Tier 1
CUST01712,2023-08-29,Paid Ads,58,Tier 1
CUST01713,2023-09-04,Email,56,Tier 2
CUST01714,2023-09-03,Email,41,Tier 3
CUST01715,2023-12-26,Paid Ads,47,Tier 2
CUST01716,2023-11-01,Organic Search,33,Tier 1
CUST01717,2023-12-11,Paid Ads,21,Tier 1
CUST01718,2023-11-29,Paid Ads,28,Tier 2
CUST01719,2023-12-02,Email,33,Tier 1
CUST01720,2023-11-07,Social Media,34,Tier 1
CUST01721,2023-12-06,Social Media,35,Tier 3
CUST01722,2023-08-26,Referral,37,Tier 2
CUST01723,2023-09-16,Organic Search,29,Tier 1
CUST01724,2024-01-10,Organic Search,23,Tier 1
CUST01725,2023-07-29,Paid Ads,23,Tier 1
CUST01726,2023-07-15,Social Media,32,Tier 2
CUST01727,2023-07-12,Paid Ads,44,Tier 3
CUST01728,2023-10-09,Social Media,26,Tier 2
CUST01729,2023-12-03,Paid Ads,23,Tier 1
CUST01730,2023-09-22,Referral,25,Tier 1
CUST01731,2023-11-02,Referral,34,Tier 3
CUST01732,2023-10-11,Organic Search,32,Tier 3
CUST01733,2023-07-24,Paid Ads,55,Tier 2
CUST01734,2023-11-26,Email,59,Tier 1
CUST01735,2023-11-15,Organic Search,22,Tier 2
CUST01736,2023-10-18,Paid Ads,54,Tier 3
CUST01737,2023-09-16,Email,35,Tier 2
CUST01738,2023-10-09,Organic Search,54,Tier 2
CUST01739,2023-11-23,Email,24,Tier 1
CUST01740,2023-11-19,Email,34,Tier 1
CUST01741,2023-12-09,Organic Search,47,Tier 1
CUST01742,2023-11-05,Paid Ads,54,Tier 3
CUST01743,2023-08-27,Organic Search,56,Tier 2
CUST01744,2023-09-14,Social Media,55,Tier 2
CUST01745,2023-11-27,Organic Search,28,Tier 1
CUST01746,2024-01-14,Social Media,59,Tier 3
CUST01747,2023-08-05,Paid Ads,54,Tier 3
CUST01748,2023-12-20,Organic Search,47,Tier 1
CUST01749,2023-12-11,Paid Ads,32,Tier 3
CUST01750,2023-07-22,Paid Ads,22,Tier 1
CUST01751,2023-11-04,Paid Ads,54,Tier 1
CUST01752,2023-09-18,Email,31,Tier 1
CUST01753,2024-01-05,Paid Ads,36,Tier 3
CUST01754,2023-10-08,Organic Search,51,Tier 3
CUST01755,2023-12-31,Organic Search,39,Tier 1
CUST01756,2023-10-04,Social Media,34,Tier 2
CUST01757,2023-12-08,Email,33,Tier 2
CUST01758,2023-12-20,Paid Ads,23,Tier 3
CUST01759,2023-12-11,Social Media,24,Tier 1
CUST01760,2023-11-25,Paid Ads,56,Tier 2
CUST01761,2023-07-18,Social Media,21,Tier 2
CUST01762,2023-08-07,Paid Ads,30,Tier 1
CUST01763,2024-01-11,Organic Search,54,Tier 1
CUST01764,2023-11-28,Referral,51,Tier 2
CUST01765,2023-10-17,Paid Ads,54,Tier 1
CUST01766,2023-10-31,Social Media,51,Tier 3
CUST01767,2023-11-21,Organic Search,49,Tier 1
CUST01768,2024-01-03,Email,39,Tier 3
CUST01769,2024-01-13,Social Media,45,Tier 1
CUST01770,2024-01-12,Organic Search,45,Tier 1
CUST01771,2023-11-26,Social Media,26,Tier 1
CUST01772,2023-10-12,Email,55,Tier 2
CUST01773,2024-01-14,Email,50,Tier 2
CUST01774,2023-11-17,Paid Ads,44,Tier 1
CUST01775,2023-11-21,Social Media,20,Tier 1
CUST01776,2023-09-19,Organic Search,30,Tier 2
CUST01777,2023-09-25,Organic Search,40,Tier 2
CUST01778,2023-11-19,Social Media,35,Tier 2
CUST01779,2023-08-30,Social Media,25,Tier 1
CUST01780,2024-01-15,Organic Search,22,Tier 2
CUST01781,2023-08-15,Paid Ads,55,Tier 2
CUST01782,2023-08-01,Paid Ads,56,Tier 3
CUST01783,2023-07-15,Paid Ads,50,Tier 2
CUST01784,2023-08-13,Organic Search,29,Tier 1
CUST01785,2023-11-22,Email,19,Tier 1
CUST01786,2023-12-16,Organic Search,43,Tier 2
CUST01787,2023-08-23,Social Media,42,Tier 2
CUST01788,2023-08-13,Social Media,35,Tier 3
CUST01789,2023-10-06,Paid Ads,26,Tier 2
CUST01790,2023-07-05,Organic Search,45,Tier 2
CUST01791,2023-10-17,Organic Search,36,Tier 1
CUST01792,2023-07-27,Paid Ads,45,Tier 1
CUST01793,2023-10-24,Social Media,40,Tier 1
CUST01794,2023-09-25,Paid Ads,34,Tier 1
CUST01795,2023-10-12,Email,20,Tier 2
CUST01796,2023-10-31,Paid Ads,23,Tier 1
CUST01797,2023-09-17,Paid Ads,36,Tier 1
CUST01798,2023-08-12,Organic Search,21,Tier 1
CUST01799,2023-10-05,Organic Search,45,Tier 1
CUST01800,2023-07-31,Organic Search,35,Tier 1
CUST01801,2023-10-07,Paid Ads,34,Tier 2
CUST01802,2023-07-17,Social Media,24,Tier 1
CUST01803,2023-09-21,Social Media,25,Tier 2
CUST01804,2023-10-18,Organic Search,32,Tier 2
CUST01805,2023-12-29,Organic Search,56,Tier 3
CUST01806,2024-01-06,Organic Search,58,Tier 1
CUST01807,2023-08-01,Paid Ads,33,Tier 1
CUST01808,2023-12-15,Paid Ads,51,Tier 1
CUST01809,2023-11-18,Paid Ads,45,Tier 2
CUST01810,2023-08-04,Organic Search,47,Tier 3
CUST01811,2023-11-10,Organic Search,55,Tier 2
CUST01812,2023-07-29,Organic Search,23,Tier 2
CUST01813,2023-09-08,Organic Search,47,Tier 1
CUST01814,2023-11-30,Social Media,50,Tier 2
CUST01815,2023-10-03,Organic Search,24,Tier 1
CUST01816,2023-07-22,Paid Ads,20,Tier 2
CUST01817,2024-01-10,Email,24,Tier 2
CUST01818,2023-12-20,Social Media,22,Tier 1
CUST01819,2023-09-07,Social Media,47,Tier 1
CUST01820,2023-09-27,Social Media,43,Tier 3
CUST01821,2023-09-10,Organic Search,27,Tier 1
CUST01822,2023-11-06,Email,21,Tier 1
CUST01823,2023-12-19,Social Media,44,Tier 1
CUST01824,2023-09-25,Organic Search,45,Tier 1
CUST01825,2023-10-04,Paid Ads,54,Tier 2
CUST01826,2023-09-13,Social Media,50,Tier 2
CUST01827,2023-12-14,Paid Ads,19,Tier 2
CUST01828,2023-08-23,Organic Search,34,Tier 1
CUST01829,2023-09-26,Organic Search,29,Tier 2
CUST01830,2023-12-04,Paid Ads,44,Tier 3
CUST01831,2023-08-23,Organic Search,58,Tier 1
CUST01832,2023-07-16,Email,19,Tier 1
CUST01833,2023-10-07,Social Media,44,Tier 3
CUST01834,2023-07-20,Organic Search,46,Tier 1
CUST01835,2023-08-15,Social Media,27,Tier 1
CUST01836,2024-01-11,Paid Ads,40,Tier 1
CUST01837,2024-01-09,Organic Search,26,Tier 1
CUST01838,2023-11-04,Social Media,45,Tier 1
CUST01839,2023-08-27,Social Media,57,Tier 1
CUST01840,2023-12-28,Email,37,Tier 2
CUST01841,2023-10-19,Social Media,43,Tier 1
CUST01842,2023-11-06,Social Media,56,Tier 3
CUST01843,2023-09-19,Social Media,39,Tier 1
CUST01844,2024-01-10,Paid Ads,42,Tier 3
CUST01845,2023-12-04,Social Media,42,Tier 3
CUST01846,2023-09-22,Referral,37,Tier 2
CUST01847,2023-09-08,Social Media,20,Tier 3
CUST01848,2023-07-08,Organic Search,32,Tier 2
CUST01849,2023-07-29,Paid Ads,50,Tier 3
CUST01850,2023-10-20,Email,50,Tier 1
CUST01851,2023-12-26,Organic Search,46,Tier 1
CUST01852,2023-12-08,Referral,57,Tier 2
CUST01853,2023-11-08,Organic Search,58,Tier 1
CUST01854,2024-01-04,Organic Search,58,Tier 3
CUST01855,2023-12-10,Referral,31,Tier 3
CUST01856,2024-01-13,Paid Ads,30,Tier 1
CUST01857,2023-10-16,Organic Search,26,Tier 3
CUST01858,2023-10-17,Email,33,Tier 1
CUST01859,2023-07-20,Email,44,Tier 1
CUST01860,2023-09-11,Organic Search,30,Tier 2
CUST01861,2023-12-14,Referral,45,Tier 1
CUST01862,2023-07-04,Paid Ads,36,Tier 2
CUST01863,2023-07-19,Email,54,Tier 2
CUST01864,2023-10-10,Paid Ads,45,Tier 1
CUST01865,2023-12-20,Email,27,Tier 2
CUST01866,2023-12-18,Organic Search,57,Tier 2
CUST01867,2023-11-18,Organic Search,19,Tier 1
CUST01868,2023-11-18,Paid Ads,25,Tier 1
CUST01869,2024-01-04,Social Media,44,Tier 3
CUST01870,2024-01-01,Organic Search,25,Tier 3
CUST01871,2023-09-24,Email,25,Tier 1
CUST01872,2023-08-21,Social Media,26,Tier 1
CUST01873,2023-10-19,Organic Search,34,Tier 3
CUST01874,2023-12-28,Organic Search,21,Tier 2
CUST01875,2023-10-17,Paid Ads,28,Tier 1
CUST01876,2023-09-24,Email,25,Tier 2
CUST01877,2023-08-12,Organic Search,39,Tier 2
CUST01878,2024-01-16,Paid Ads,55,Tier 2
CUST01879,2024-01-16,Email,49,Tier 1
CUST01880,2023-08-11,Email,41,Tier 2
CUST01881,2023-09-28,Organic Search,45,Tier 1
CUST01882,2023-10-23,Paid Ads,40,Tier 3
CUST01883,2023-07-26,Social Media,57,Tier 2
CUST01884,2023-11-28,Referral,45,Tier 2
CUST01885,2023-08-12,Social Media,22,Tier 2
CUST01886,2023-09-15,Email,42,Tier 1
CUST01887,2023-12-03,Paid Ads,41,Tier 3
CUST01888,2023-11-14,Paid Ads,37,Tier 1
CUST01889,2023-07-20,Organic Search,21,Tier 3
CUST01890,2023-12-31,Organic Search,45,Tier 1
CUST01891,2023-08-08,Email,21,Tier 1
CUST01892,2023-12-26,Organic Search,46,Tier 2
CUST01893,2023-07-12,Organic Search,35,Tier 2
CUST01894,2023-12-30,Referral,49,Tier 3
CUST01895,2023-07-11,Organic Search,28,Tier 2
CUST01896,2023-12-01,Organic Search,40,Tier 1
CUST01897,2023-08-11,Organic Search,48,Tier 3
CUST01898,2023-12-02,Email,39,Tier 1
CUST01899,2023-07-11,Email,54,Tier 3
CUST01900,2023-08-07,Paid Ads,41,Tier 2
CUST01901,2023-10-06,Paid Ads,56,Tier 1
CUST01902,2023-12-18,Social Media,30,Tier 1
CUST01903,2023-07-19,Social Media,43,Tier 1
CUST01904,2024-01-08,Referral,38,Tier 1
CUST01905,2023-11-11,Social Media,25,Tier 1
CUST01906,2023-12-21,Email,47,Tier 1
CUST01907,2023-10-24,Organic Search,47,Tier 1
CUST01908,2023-10-21,Organic Search,31,Tier 2
CUST01909,2023-12-17,Organic Search,21,Tier 3
CUST01910,2023-09-03,Email,20,Tier 1
CUST01911,2023-10-07,Social Media,34,Tier 1
CUST01912,2023-09-10,Paid Ads,48,Tier 1
CUST01913,2024-01-03,Organic Search,56,Tier 2
CUST01914,2023-08-21,Paid Ads,24,Tier 3
CUST01915,2023-10-26,Referral,25,Tier 2
CUST01916,2023-12-22,Email,23,Tier 3
CUST01917,2023-10-28,Social Media,25,Tier 2
CUST01918,2023-07-07,Social Media,52,Tier 2
CUST01919,2023-07-11,Referral,50,Tier 1
CUST01920,2023-10-11,Social Media,31,Tier 3
CUST01921,2023-08-30,Social Media,48,Tier 3
CUST01922,2023-09-06,Organic Search,43,Tier 2
CUST01923,2023-11-30,Organic Search,39,Tier 3
CUST01924,2023-11-17,Paid Ads,39,Tier 1
CUST01925,2023-12-01,Organic Search,46,Tier 3
CUST01926,2023-10-10,Referral,38,Tier 1
CUST01927,2023-10-18,Organic Search,52,Tier 1
CUST01928,2023-11-17,Social Media,23,Tier 1
CUST01929,2023-12-18,Paid Ads,36,Tier 3
CUST01930,2023-08-20,Paid Ads,57,Tier 3
CUST01931,2023-10-25,Referral,29,Tier 3
CUST01932,2023-12-12,Paid Ads,35,Tier 3
CUST01933,2023-08-15,Paid Ads,40,Tier 2
CUST01934,2023-08-22,Organic Search,55,Tier 3
CUST01935,2023-09-26,Email,38,Tier 3
CUST01936,2023-10-29,Organic Search,24,Tier 2
CUST01937,2023-07-13,Email,52,Tier 1
CUST01938,2023-09-27,Email,32,Tier 2
CUST01939,2023-11-02,Social Media,41,Tier 3
CUST01940,2023-10-26,Social Media,38,Tier 3
CUST01941,2023-08-23,Paid Ads,31,Tier 3
CUST01942,2024-01-01,Paid Ads,59,Tier 3
CUST01943,2023-10-24,Social Media,50,Tier 3
CUST01944,2023-10-26,Paid Ads,44,Tier 2
CUST01945,2023-07-04,Paid Ads,32,Tier 2
CUST01946,2023-09-13,Paid Ads,54,Tier 1
CUST01947,2023-08-18,Social Media,26,Tier 2
CUST01948,2023-07-07,Paid Ads,58,Tier 2
CUST01949,2023-10-18,Paid Ads,40,Tier 3
CUST01950,2023-10-30,Email,40,Tier 2
CUST01951,2023-07-11,Email,34,Tier 1
CUST01952,2023-09-30,Organic Search,45,Tier 1
CUST01953,2023-12-29,Paid Ads,28,Tier 2
CUST01954,2023-12-20,Social Media,43,Tier 2
CUST01955,2023-07-23,Referral,49,Tier 1
CUST01956,2023-07-28,Email,39,Tier 1
CUST01957,2023-10-19,Paid Ads,45,Tier 2
CUST01958,2023-08-26,Organic Search,35,Tier 1
CUST01959,2023-07-26,Social Media,51,Tier 1
CUST01960,2023-11-30,Social Media,49,Tier 1
CUST01961,2023-08-23,Organic Search,44,Tier 2
CUST01962,2023-07-29,Organic Search,39,Tier 2
CUST01963,2023-10-05,Social Media,54,Tier 1
CUST01964,2023-12-11,Paid Ads,19,Tier 3
CUST01965,2023-07-14,Paid Ads,22,Tier 1
CUST01966,2023-09-16,Organic Search,22,Tier 1
CUST01967,2023-08-04,Organic Search,44,Tier 1
CUST01968,2023-07-30,Paid Ads,22,Tier 1
CUST01969,2023-09-30,Social Media,27,Tier 1
CUST01970,2023-07-17,Paid Ads,48,Tier 1
CUST01971,2024-01-11,Paid Ads,22,Tier 2
CUST01972,2023-12-05,Organic Search,23,Tier 2
CUST01973,2023-10-01,Paid Ads,41,Tier 2
CUST01974,2023-12-20,Organic Search,34,Tier 2
CUST01975,2023-09-17,Paid Ads,40,Tier 1
CUST01976,2023-10-18,Social Media,55,Tier 3
CUST01977,2023-12-26,Organic Search,26,Tier 1
CUST01978,2023-10-10,Organic Search,51,Tier 2
CUST01979,2023-10-14,Organic Search,56,Tier 1
CUST01980,2023-08-16,Paid Ads,34,Tier 3
CUST01981,2023-12-28,Social Media,23,Tier 2
CUST01982,2023-09-02,Organic Search,34,Tier 1
CUST01983,2023-12-13,Referral,25,Tier 2
CUST01984,2023-09-02,Organic Search,19,Tier 1
CUST01985,2023-09-25,Social Media,27,Tier 2
CUST01986,2023-07-07,Paid Ads,36,Tier 2
CUST01987,2023-07-22,Email,21,Tier 1
CUST01988,2023-09-19,Paid Ads,42,Tier 1
CUST01989,2023-12-16,Paid Ads,46,Tier 1
CUST01990,2023-09-12,Social Media,28,Tier 2
CUST01991,2023-11-15,Social Media,27,Tier 1
CUST01992,2024-01-01,Paid Ads,31,Tier 2
CUST01993,2023-11-12,Organic Search,53,Tier 3
CUST01994,2023-11-02,Organic Search,41,Tier 1
CUST01995,2023-08-19,Social Media,35,Tier 3
CUST01996,2023-08-21,Paid Ads,25,Tier 2
CUST01997,2023-12-08,Paid Ads,34,Tier 1
CUST01998,2023-07-01,Email,58,Tier 1
CUST01999,2023-12-28,Social Media,54,Tier 2
CUST02000,2024-01-04,Email,38,Tier 1
CUST02001,2023-12-09,Social Media,42,Tier 1
CUST02002,2023-07-04,Social Media,23,Tier 1
CUST02003,2023-11-22,Paid Ads,24,Tier 2
CUST02004,2023-11-09,Organic Search,46,Tier 2
CUST02005,2023-12-18,Social Media,23,Tier 2
CUST02006,2023-07-04,Paid Ads,57,Tier 1
CUST02007,2023-07-01,Referral,56,Tier 3
CUST02008,2023-09-09,Organic Search,20,Tier 3
CUST02009,2023-12-25,Organic Search,57,Tier 1
CUST02010,2024-01-05,Referral,39,Tier 1
CUST02011,2023-08-04,Email,58,Tier 3
CUST02012,2023-07-08,Paid Ads,55,Tier 3
CUST02013,2023-11-29,Social Media,36,Tier 2
CUST02014,2023-08-05,Email,30,Tier 3
CUST02015,2023-12-25,Paid Ads,35,Tier 2
CUST02016,2023-10-31,Organic Search,55,Tier 1
CUST02017,2023-08-12,Social Media,56,Tier 2
CUST02018,2023-07-27,Social Media,33,Tier 2
CUST02019,2023-08-01,Organic Search,25,Tier 3
CUST02020,2023-09-16,Social Media,32,Tier 1
CUST02021,2023-10-29,Social Media,19,Tier 2
CUST02022,2023-11-23,Paid Ads,56,Tier 2
CUST02023,2023-12-03,Email,21,Tier 1
CUST02024,2023-12-04,Paid Ads,55,Tier 1
CUST02025,2023-07-16,Organic Search,49,Tier 3
CUST02026,2023-10-07,Social Media,31,Tier 1
CUST02027,2023-08-16,Social Media,36,Tier 2
CUST02028,2024-01-03,Email,35,Tier 3
CUST02029,2023-07-31,Paid Ads,35,Tier 1
CUST02030,2023-07-04,Organic Search,29,Tier 3
CUST02031,2023-12-12,Organic Search,38,Tier 2
CUST02032,2023-07-17,Paid Ads,28,Tier 2
CUST02033,2023-08-08,Organic Search,47,Tier 1
CUST02034,2023-08-17,Email,52,Tier 3
CUST02035,2023-12-21,Paid Ads,35,Tier 1
CUST02036,2023-12-23,Social Media,31,Tier 1
CUST02037,2023-08-08,Paid Ads,57,Tier 1
CUST02038,2023-11-09,Email,45,Tier 1
CUST02039,2023-07-30,Paid Ads,44,Tier 2
CUST02040,2023-12-05,Organic Search,46,Tier 3
CUST02041,2023-07-22,Organic Search,31,Tier 3
CUST02042,2023-09-04,Organic Search,30,Tier 1
CUST02043,2023-10-16,Social Media,46,Tier 1
CUST02044,2023-07-12,Organic Search,20,Tier 2
CUST02045,2023-08-05,Social Media,55,Tier 1
CUST02046,2023-07-18,Referral,52,Tier 3
CUST02047,2023-09-28,Social Media,41,Tier 3
CUST02048,2023-12-28,Organic Search,47,Tier 3
CUST02049,2024-01-15,Referral,53,Tier 1
CUST02050,2023-07-01,Organic Search,29,Tier 2
CUST02051,2023-11-04,Paid Ads,51,Tier 1
CUST02052,2024-01-02,Social Media,29,Tier 1
CUST02053,2023-09-28,Email,27,Tier 2
CUST02054,2023-09-25,Paid Ads,32,Tier 3
CUST02055,2023-09-28,Organic Search,27,Tier 3
CUST02056,2023-11-11,Paid Ads,57,Tier 3
CUST02057,2023-09-08,Paid Ads,21,Tier 3
CUST02058,2023-08-13,Paid Ads,47,Tier 1
CUST02059,2024-01-16,Referral,37,Tier 2
CUST02060,2023-11-29,Referral,54,Tier 1
CUST02061,2023-09-24,Social Media,50,Tier 1
CUST02062,2023-07-19,Paid Ads,25,Tier 2
CUST02063,2023-10-09,Email,46,Tier 2
CUST02064,2023-11-23,Referral,36,Tier 2
CUST02065,2023-10-03,Social Media,23,Tier 1
CUST02066,2023-10-09,Paid Ads,41,Tier 1
CUST02067,2023-07-30,Organic Search,40,Tier 1
CUST02068,2023-12-17,Organic Search,44,Tier 1
CUST02069,2023-08-02,Email,30,Tier 1
CUST02070,2023-07-12,Email,58,Tier 2
CUST02071,2023-10-26,Social Media,37,Tier 3
CUST02072,2023-10-02,Organic Search,19,Tier 1
CUST02073,2023-12-02,Organic Search,21,Tier 2
CUST02074,2023-12-14,Paid Ads,45,Tier 1
CUST02075,2023-11-14,Paid Ads,36,Tier 3
CUST02076,2023-11-26,Organic Search,48,Tier 1
CUST02077,2023-09-14,Email,20,Tier 3
CUST02078,2023-07-29,Paid Ads,23,Tier 3
CUST02079,2023-12-08,Social Media,47,Tier 3
CUST02080,2024-01-06,Paid Ads,51,Tier 1
CUST02081,2023-10-25,Paid Ads,38,Tier 2
CUST02082,2023-07-15,Paid Ads,48,Tier 1
CUST02083,2023-07-02,Social Media,23,Tier 1
CUST02084,2023-12-27,Organic Search,39,Tier 1
CUST02085,2023-10-25,Social Media,33,Tier 3
CUST02086,2023-12-19,Paid Ads,38,Tier 3
CUST02087,2023-12-29,Social Media,26,Tier 1
CUST02088,2023-07-18,Social Media,49,Tier 2
CUST02089,2023-07-03,Paid Ads,30,Tier 3
CUST02090,2023-11-12,Email,39,Tier 2
CUST02091,2023-12-18,Organic Search,48,Tier 1
CUST02092,2023-12-13,Social Media,45,Tier 2
CUST02093,2023-12-12,Paid Ads,44,Tier 2
CUST02094,2024-01-02,Paid Ads,51,Tier 2
CUST02095,2023-12-08,Social Media,44,Tier 2
CUST02096,2023-10-16,Social Media,44,Tier 1
CUST02097,2024-01-03,Organic Search,54,Tier 1
CUST02098,2023-10-03,Email,58,Tier 1
CUST02099,2023-10-30,Paid Ads,19,Tier 1
CUST02100,2023-07-11,Paid Ads,33,Tier 2
CUST02101,2023-09-06,Email,19,Tier 1
CUST02102,2023-10-31,Paid Ads,29,Tier 3
CUST02103,2024-01-12,Paid Ads,20,Tier 1
CUST02104,2023-10-21,Social Media,19,Tier 2
CUST02105,2023-10-06,Organic Search,49,Tier 3
CUST02106,2023-10-01,Email,34,Tier 3
CUST02107,2023-07-22,Organic Search,40,Tier 3
CUST02108,2024-01-10,Organic Search,36,Tier 2
CUST02109,2023-12-19,Organic Search,35,Tier 1
CUST02110,2023-11-04,Email,48,Tier 3
CUST02111,2023-11-11,Social Media,28,Tier 3
CUST02112,2023-12-17,Organic Search,53,Tier 3
CUST02113,2023-07-25,Organic Search,39,Tier 2
CUST02114,2024-01-01,Referral,34,Tier 2
CUST02115,2023-09-23,Organic Search,24,Tier 1
CUST02116,2023-08-24,Social Media,21,Tier 2
CUST02117,2023-11-21,Organic Search,59,Tier 1
CUST02118,2023-10-03,Social Media,39,Tier 1
CUST02119,2023-11-19,Paid Ads,31,Tier 2
CUST02120,2023-12-14,Social Media,36,Tier 2
CUST02121,2023-12-03,Social Media,42,Tier 1
CUST02122,2023-12-26,Paid Ads,45,Tier 3
CUST02123,2023-10-27,Organic Search,22,Tier 3
CUST02124,2023-12-24,Social Media,40,Tier 2
CUST02125,2023-07-09,Email,42,Tier 2
CUST02126,2024-01-02,Organic Search,58,Tier 3
CUST02127,2023-12-20,Organic Search,28,Tier 1
CUST02128,2023-11-27,Social Media,20,Tier 2
CUST02129,2023-12-07,Organic Search,58,Tier 1
CUST02130,2024-01-13,Email,24,Tier 1
CUST02131,2024-01-13,Paid Ads,36,Tier 2
CUST02132,2023-08-11,Social Media,35,Tier 2
CUST02133,2023-08-22,Referral,56,Tier 1
CUST02134,2024-01-03,Referral,41,Tier 1
CUST02135,2023-09-12,Organic Search,48,Tier 2
CUST02136,2023-08-08,Social Media,39,Tier 2
CUST02137,2023-10-30,Organic Search,28,Tier 2
CUST02138,2023-07-15,Email,31,Tier 1
CUST02139,2024-01-15,Paid Ads,30,Tier 2
CUST02140,2023-12-04,Organic Search,27,Tier 1
CUST02141,2023-10-31,Referral,22,Tier 1
CUST02142,2023-10-19,Organic Search,57,Tier 2
CUST02143,2023-11-08,Email,42,Tier 2
CUST02144,2023-09-21,Social Media,52,Tier 1
CUST02145,2023-07-10,Social Media,57,Tier 1
CUST02146,2023-09-30,Organic Search,59,Tier 2
CUST02147,2023-07-29,Paid Ads,23,Tier 1
CUST02148,2023-08-04,Social Media,33,Tier 1
CUST02149,2023-07-06,Paid Ads,22,Tier 1
CUST02150,2023-11-17,Paid Ads,57,Tier 1
CUST02151,2023-10-19,Organic Search,26,Tier 1
CUST02152,2023-08-07,Paid Ads,42,Tier 3
CUST02153,2023-09-15,Social Media,46,Tier 2
CUST02154,2023-10-01,Paid Ads,45,Tier 2
CUST02155,2023-11-24,Email,19,Tier 2
CUST02156,2023-09-05,Paid Ads,52,Tier 2
CUST02157,2023-11-13,Paid Ads,35,Tier 3
CUST02158,2023-07-08,Organic Search,55,Tier 2
CUST02159,2023-10-30,Organic Search,56,Tier 1
CUST02160,2023-09-22,Paid Ads,44,Tier 2
CUST02161,2023-12-22,Email,42,Tier 1
CUST02162,2023-11-09,Paid Ads,57,Tier 2
CUST02163,2023-12-26,Paid Ads,39,Tier 2
CUST02164,2023-09-23,Paid Ads,48,Tier 3
CUST02165,2024-01-11,Organic Search,31,Tier 2
CUST02166,2023-08-14,Referral,55,Tier 1
CUST02167,2023-11-13,Paid Ads,21,Tier 1
CUST02168,2023-09-25,Organic Search,50,Tier 1
CUST02169,2023-07-16,Organic Search,53,Tier 1
CUST02170,2023-09-15,Referral,37,Tier 1
CUST02171,2024-01-11,Organic Search,32,Tier 1
CUST02172,2023-07-09,Social Media,40,Tier 1
CUST02173,2023-08-29,Organic Search,35,Tier 3
CUST02174,2023-09-16,Referral,22,Tier 1
CUST02175,2023-09-15,Social Media,58,Tier 1
CUST02176,2023-09-09,Email,37,Tier 1
CUST02177,2023-07-15,Organic Search,55,Tier 2
CUST02178,2023-09-09,Organic Search,20,Tier 1
CUST02179,2023-10-10,Paid Ads,33,Tier 2
CUST02180,2023-12-16,Paid Ads,20,Tier 1
CUST02181,2023-07-22,Organic Search,29,Tier 2
CUST02182,2023-11-29,Organic Search,41,Tier 3
CUST02183,2023-10-21,Email,28,Tier 1
CUST02184,2023-12-19,Paid Ads,21,Tier 1
CUST02185,2023-07-01,Organic Search,23,Tier 2
CUST02186,2023-07-10,Organic Search,21,Tier 2
CUST02187,2023-10-18,Referral,56,Tier 2
CUST02188,2024-01-16,Paid Ads,31,Tier 2
CUST02189,2023-12-31,Social Media,37,Tier 2
CUST02190,2023-10-21,Paid Ads,58,Tier 2
CUST02191,2023-08-19,Organic Search,53,Tier 1
CUST02192,2023-07-12,Paid Ads,42,Tier 1
CUST02193,2023-09-27,Paid Ads,42,Tier 2
CUST02194,2024-01-04,Social Media,35,Tier 3
CUST02195,2023-12-01,Email,58,Tier 3
CUST02196,2023-10-20,Organic Search,28,Tier 3
CUST02197,2023-09-16,Referral,20,Tier 2
CUST02198,2023-12-16,Paid Ads,41,Tier 2
CUST02199,2023-12-11,Referral,24,Tier 2
CUST02200,2023-10-29,Referral,20,Tier 1
CUST02201,2023-07-23,Organic Search,39,Tier 2
CUST02202,2023-12-18,Paid Ads,53,Tier 1
CUST02203,2023-11-11,Paid Ads,47,Tier 1
CUST02204,2024-01-13,Email,25,Tier 2
CUST02205,2023-12-18,Paid Ads,47,Tier 2
CUST02206,2023-07-25,Referral,55,Tier 1
CUST02207,2023-07-18,Social Media,41,Tier 1
CUST02208,2024-01-06,Organic Search,51,Tier 3
CUST02209,2023-11-18,Organic Search,26,Tier 2
CUST02210,2023-08-12,Email,30,Tier 2
CUST02211,2023-09-16,Organic Search,28,Tier 1
CUST02212,2023-07-28,Social Media,33,Tier 1
CUST02213,2023-11-23,Paid Ads,42,Tier 1
CUST02214,2023-08-28,Paid Ads,44,Tier 2
CUST02215,2024-01-04,Organic Search,57,Tier 2
CUST02216,2023-09-01,Social Media,21,Tier 1
CUST02217,2024-01-01,Organic Search,20,Tier 1
CUST02218,2023-09-30,Social Media,24,Tier 1
CUST02219,2023-12-26,Paid Ads,39,Tier 2
CUST02220,2023-08-25,Social Media,27,Tier 1
CUST02221,2023-12-02,Email,28,Tier 2
CUST02222,2023-12-07,Organic Search,54,Tier 2
CUST02223,2023-10-19,Social Media,21,Tier 3
CUST02224,2023-11-14,Organic Search,59,Tier 2
CUST02225,2023-09-06,Paid Ads,42,Tier 1
CUST02226,2023-08-15,Organic Search,40,Tier 2
CUST02227,2023-09-05,Social Media,32,Tier 2
CUST02228,2023-12-01,Referral,45,Tier 1
CUST02229,2023-11-13,Email,51,Tier 2
CUST02230,2023-07-06,Paid Ads,40,Tier 3
CUST02231,2023-07-24,Social Media,47,Tier 1
CUST02232,2023-12-23,Organic Search,37,Tier 2
CUST02233,2023-10-02,Referral,37,Tier 3
CUST02234,2023-12-20,Organic Search,24,Tier 2
CUST02235,2023-07-13,Referral,37,Tier 2
CUST02236,2024-01-13,Social Media,31,Tier 1
CUST02237,2023-07-25,Social Media,44,Tier 1
CUST02238,2023-11-25,Email,40,Tier 2
CUST02239,2023-10-26,Paid Ads,39,Tier 2
CUST02240,2023-09-20,Email,54,Tier 3
CUST02241,2023-10-19,Organic Search,20,Tier 1
CUST02242,2023-09-20,Email,48,Tier 2
CUST02243,2023-09-04,Email,45,Tier 1
CUST02244,2023-08-14,Social Media,25,Tier 1
CUST02245,2023-10-22,Paid Ads,38,Tier 1
CUST02246,2023-12-22,Organic Search,49,Tier 1
CUST02247,2023-09-01,Paid Ads,41,Tier 1
CUST02248,2023-09-14,Email,31,Tier 1
CUST02249,2023-10-22,Organic Search,35,Tier 1
CUST02250,2023-10-19,Organic Search,22,Tier 3
CUST02251,2023-12-30,Social Media,32,Tier 2
CUST02252,2023-11-24,Email,38,Tier 1
CUST02253,2023-08-04,Paid Ads,31,Tier 3
CUST02254,2023-08-22,Paid Ads,21,Tier 2
CUST02255,2023-07-26,Social Media,44,Tier 3
CUST02256,2023-07-14,Organic Search,44,Tier 1
CUST02257,2023-10-26,Social Media,36,Tier 2
CUST02258,2023-08-14,Organic Search,50,Tier 3
CUST02259,2023-12-19,Social Media,32,Tier 1
CUST02260,2024-01-09,Paid Ads,21,Tier 3
CUST02261,2023-08-20,Paid Ads,19,Tier 3
CUST02262,2023-12-18,Email,44,Tier 3
CUST02263,2023-10-27,Email,42,Tier 1
CUST02264,2023-11-28,Organic Search,53,Tier 1
CUST02265,2023-12-31,Social Media,32,Tier 1
CUST02266,2023-07-19,Organic Search,21,Tier 3
CUST02267,2023-09-20,Referral,31,Tier 1
CUST02268,2023-09-14,Social Media,32,Tier 2
CUST02269,2023-12-30,Paid Ads,39,Tier 1
CUST02270,2023-09-30,Social Media,44,Tier 1
CUST02271,2024-01-04,Paid Ads,21,Tier 1
CUST02272,2024-01-03,Organic Search,58,Tier 2
CUST02273,2023-08-02,Referral,22,Tier 3
CUST02274,2023-11-24,Email,54,Tier 1
CUST02275,2023-07-28,Paid Ads,19,Tier 3
CUST02276,2023-10-31,Paid Ads,58,Tier 2
CUST02277,2023-12-27,Paid Ads,51,Tier 2
CUST02278,2023-11-03,Referral,25,Tier 2
CUST02279,2023-12-24,Organic Search,29,Tier 1
CUST02280,2023-08-06,Paid Ads,45,Tier 1
CUST02281,2023-12-01,Paid Ads,32,Tier 2
CUST02282,2023-10-07,Paid Ads,40,Tier 1
CUST02283,2023-10-06,Paid Ads,34,Tier 2
CUST02284,2023-11-04,Organic Search,30,Tier 1
CUST02285,2023-12-15,Organic Search,28,Tier 2
CUST02286,2023-09-18,Organic Search,42,Tier 1
CUST02287,2023-08-07,Referral,36,Tier 2
CUST02288,2023-09-15,Organic Search,40,Tier 1
CUST02289,2023-11-03,Social Media,27,Tier 3
CUST02290,2023-09-25,Social Media,35,Tier 1
CUST02291,2023-08-23,Social Media,56,Tier 2
CUST02292,2023-11-27,Social Media,58,Tier 2
CUST02293,2023-07-16,Organic Search,31,Tier 2
CUST02294,2023-07-28,Organic Search,55,Tier 1
CUST02295,2023-12-10,Paid Ads,24,Tier 2
CUST02296,2024-01-04,Organic Search,39,Tier 1
CUST02297,2023-12-20,Social Media,54,Tier 1
CUST02298,2023-08-15,Email,25,Tier 2
CUST02299,2023-09-10,Social Media,54,Tier 2
CUST02300,2023-12-30,Organic Search,43,Tier 2
CUST02301,2023-09-23,Referral,29,Tier 3
CUST02302,2023-07-26,Organic Search,32,Tier 1
CUST02303,2023-09-23,Paid Ads,47,Tier 3
CUST02304,2023-11-30,Paid Ads,28,Tier 1
CUST02305,2023-09-03,Social Media,23,Tier 2
CUST02306,2023-11-11,Paid Ads,26,Tier 2
CUST02307,2023-11-28,Referral,23,Tier 2
CUST02308,2023-10-23,Referral,42,Tier 1
CUST02309,2023-09-02,Social Media,58,Tier 2
CUST02310,2023-09-25,Organic Search,44,Tier 1
CUST02311,2023-12-18,Social Media,24,Tier 1
CUST02312,2023-10-15,Social Media,34,Tier 1
CUST02313,2023-11-28,Organic Search,54,Tier 2
CUST02314,2023-10-04,Organic Search,30,Tier 1
CUST02315,2023-12-05,Organic Search,29,Tier 1
CUST02316,2023-09-15,Organic Search,21,Tier 1
CUST02317,2023-11-23,Paid Ads,55,Tier 1
CUST02318,2023-09-25,Referral,24,Tier 3
CUST02319,2023-11-26,Paid Ads,37,Tier 3
CUST02320,2023-08-26,Paid Ads,36,Tier 1
CUST02321,2023-10-11,Referral,34,Tier 2
CUST02322,2023-11-28,Organic Search,41,Tier 2
CUST02323,2023-09-29,Social Media,55,Tier 2
CUST02324,2023-08-14,Paid Ads,27,Tier 2
CUST02325,2023-12-19,Email,21,Tier 1
CUST02326,2023-09-26,Paid Ads,26,Tier 2
CUST02327,2023-10-23,Email,56,Tier 1
CUST02328,2023-08-16,Organic Search,22,Tier 1
CUST02329,2023-12-15,Social Media,30,Tier 2
CUST02330,2023-12-26,Organic Search,49,Tier 2
CUST02331,2023-12-17,Social Media,43,Tier 1
CUST02332,2023-11-12,Paid Ads,34,Tier 2
CUST02333,2023-08-19,Organic Search,32,Tier 2
CUST02334,2023-12-23,Email,31,Tier 3
CUST02335,2023-09-22,Organic Search,59,Tier 2
CUST02336,2023-09-29,Social Media,25,Tier 2
CUST02337,2023-11-11,Referral,30,Tier 2
CUST02338,2023-09-29,Social Media,55,Tier 1
CUST02339,2023-11-14,Organic Search,22,Tier 1
CUST02340,2023-10-17,Email,20,Tier 1
CUST02341,2023-08-26,Email,53,Tier 2
CUST02342,2023-07-31,Social Media,21,Tier 2
CUST02343,2023-07-21,Organic Search,22,Tier 3
CUST02344,2023-09-28,Paid Ads,56,Tier 2
CUST02345,2023-08-09,Paid Ads,30,Tier 1
CUST02346,2023-10-20,Organic Search,37,Tier 1
CUST02347,2023-08-14,Paid Ads,28,Tier 1
CUST02348,2023-09-15,Paid Ads,19,Tier 2
CUST02349,2023-12-24,Social Media,35,Tier 2
CUST02350,2023-09-25,Referral,34,Tier 3
CUST02351,2023-11-25,Email,27,Tier 2
CUST02352,2023-10-09,Paid Ads,27,Tier 3
CUST02353,2023-10-25,Organic Search,27,Tier 2
CUST02354,2023-09-30,Referral,30,Tier 3
CUST02355,2023-11-22,Referral,59,Tier 2
CUST02356,2023-07-28,Referral,33,Tier 2
CUST02357,2023-12-16,Social Media,20,Tier 2
CUST02358,2024-01-10,Paid Ads,29,Tier 2
CUST02359,2023-07-25,Social Media,29,Tier 1
CUST02360,2023-08-27,Paid Ads,26,Tier 1
CUST02361,2023-08-10,Paid Ads,50,Tier 1
CUST02362,2023-11-11,Social Media,24,Tier 2
CUST02363,2023-09-13,Organic Search,38,Tier 2
CUST02364,2023-08-07,Organic Search,57,Tier 1
CUST02365,2023-11-11,Paid Ads,53,Tier 1
CUST02366,2023-12-20,Paid Ads,26,Tier 1
CUST02367,2023-09-13,Social Media,52,Tier 2
CUST02368,2023-11-19,Organic Search,37,Tier 1
CUST02369,2023-09-04,Organic Search,25,Tier 1
CUST02370,2023-12-15,Organic Search,49,Tier 1
CUST02371,2023-07-03,Organic Search,36,Tier 1
CUST02372,2023-10-25,Organic Search,58,Tier 3
CUST02373,2023-10-07,Email,32,Tier 1
CUST02374,2023-11-29,Paid Ads,57,Tier 2
CUST02375,2023-07-19,Social Media,54,Tier 2
CUST02376,2023-11-23,Referral,35,Tier 3
CUST02377,2024-01-08,Email,55,Tier 1
CUST02378,2023-10-24,Organic Search,27,Tier 1
CUST02379,2023-11-02,Organic Search,38,Tier 1
CUST02380,2023-09-26,Social Media,46,Tier 1
CUST02381,2023-08-04,Paid Ads,38,Tier 2
CUST02382,2024-01-06,Social Media,59,Tier 1
CUST02383,2023-07-01,Social Media,54,Tier 1
CUST02384,2023-11-30,Referral,45,Tier 3
CUST02385,2023-12-20,Referral,26,Tier 2
CUST02386,2023-12-24,Email,50,Tier 1
CUST02387,2023-11-03,Paid Ads,19,Tier 1
CUST02388,2023-09-27,Referral,35,Tier 1
CUST02389,2023-11-21,Paid Ads,27,Tier 3
CUST02390,2023-11-24,Organic Search,38,Tier 3
CUST02391,2023-11-28,Email,50,Tier 3
CUST02392,2023-07-25,Email,20,Tier 3
CUST02393,2023-07-16,Social Media,50,Tier 2
CUST02394,2023-12-29,Email,27,Tier 1
CUST02395,2023-09-11,Paid Ads,48,Tier 1
CUST02396,2023-11-06,Referral,38,Tier 2
CUST02397,2023-08-11,Social Media,56,Tier 3
CUST02398,2023-11-24,Email,19,Tier 1
CUST02399,2023-12-09,Organic Search,23,Tier 2
CUST02400,2023-09-18,Paid Ads,53,Tier 3
CUST02401,2023-10-12,Email,54,Tier 1
CUST02402,2023-12-30,Organic Search,19,Tier 3
CUST02403,2023-11-23,Organic Search,32,Tier 1
CUST02404,2023-08-03,Social Media,27,Tier 2
CUST02405,2023-09-27,Paid Ads,48,Tier 1
CUST02406,2023-11-02,Paid Ads,42,Tier 2
CUST02407,2023-08-14,Organic Search,22,Tier 2
CUST02408,2023-11-11,Paid Ads,32,Tier 1
CUST02409,2023-07-21,Social Media,43,Tier 3
CUST02410,2023-10-30,Organic Search,22,Tier 2
CUST02411,2023-09-08,Organic Search,43,Tier 2
CUST02412,2023-10-04,Email,28,Tier 1
CUST02413,2023-10-13,Referral,53,Tier 3
CUST02414,2023-08-17,Email,25,Tier 1
CUST02415,2023-08-08,Organic Search,31,Tier 1
CUST02416,2023-07-31,Paid Ads,22,Tier 1
CUST02417,2023-07-10,Social Media,54,Tier 1
CUST02418,2023-07-30,Organic Search,32,Tier 3
CUST02419,2023-07-18,Email,36,Tier 1
CUST02420,2024-01-04,Paid Ads,26,Tier 1
CUST02421,2023-09-26,Organic Search,50,Tier 3
CUST02422,2023-11-02,Social Media,45,Tier 2
CUST02423,2023-09-11,Social Media,55,Tier 2
CUST02424,2023-07-15,Email,41,Tier 1
CUST02425,2023-07-04,Organic Search,25,Tier 2
CUST02426,2024-01-07,Organic Search,30,Tier 1
CUST02427,2023-12-15,Email,43,Tier 3
CUST02428,2023-07-09,Email,21,Tier 2
CUST02429,2023-10-17,Organic Search,44,Tier 2
CUST02430,2023-11-14,Organic Search,22,Tier 1
CUST02431,2023-12-01,Organic Search,54,Tier 1
CUST02432,2023-11-09,Referral,33,Tier 1
CUST02433,2023-07-16,Social Media,50,Tier 1
CUST02434,2023-11-20,Referral,47,Tier 1
CUST02435,2023-10-07,Organic Search,28,Tier 2
CUST02436,2023-10-29,Referral,39,Tier 1
CUST02437,2023-08-21,Organic Search,34,Tier 2
CUST02438,2023-09-07,Paid Ads,37,Tier 1
CUST02439,2023-07-05,Social Media,47,Tier 1
CUST02440,2023-07-20,Paid Ads,36,Tier 2
CUST02441,2023-09-17,Paid Ads,34,Tier 2
CUST02442,2023-11-23,Organic Search,19,Tier 2
CUST02443,2023-10-19,Organic Search,20,Tier 1
CUST02444,2023-07-02,Email,33,Tier 2
CUST02445,2023-10-01,Email,57,Tier 1
CUST02446,2023-07-13,Social Media,46,Tier 1
CUST02447,2023-07-04,Email,19,Tier 2
CUST02448,2023-12-17,Email,23,Tier 1
CUST02449,2023-10-17,Organic Search,40,Tier 1
CUST02450,2023-09-12,Organic Search,54,Tier 3
CUST02451,2024-01-05,Referral,31,Tier 2
CUST02452,2023-10-03,Organic Search,19,Tier 1
CUST02453,2023-10-13,Email,34,Tier 2
CUST02454,2023-07-08,Organic Search,59,Tier 1
CUST02455,2023-09-05,Social Media,40,Tier 3
CUST02456,2024-01-07,Social Media,50,Tier 2
CUST02457,2023-10-18,Organic Search,34,Tier 1
CUST02458,2023-07-09,Organic Search,33,Tier 1
CUST02459,2023-10-25,Email,30,Tier 1
CUST02460,2023-07-11,Paid Ads,19,Tier 2
CUST02461,2023-10-07,Organic Search,35,Tier 2
CUST02462,2023-08-11,Social Media,59,Tier 1
CUST02463,2023-11-18,Organic Search,46,Tier 1
CUST02464,2023-12-11,Social Media,25,Tier 1
CUST02465,2023-10-28,Paid Ads,27,Tier 1
CUST02466,2023-11-18,Organic Search,40,Tier 1
CUST02467,2023-07-12,Email,44,Tier 2
CUST02468,2023-08-06,Paid Ads,30,Tier 2
CUST02469,2023-09-12,Organic Search,25,Tier 3
CUST02470,2023-09-11,Paid Ads,33,Tier 3
CUST02471,2023-08-21,Organic Search,56,Tier 2
CUST02472,2024-01-15,Organic Search,39,Tier 2
CUST02473,2023-11-07,Organic Search,32,Tier 3
CUST02474,2023-08-25,Paid Ads,20,Tier 1
CUST02475,2023-08-29,Organic Search,26,Tier 1
CUST02476,2023-07-23,Email,24,Tier 1
CUST02477,2023-10-11,Email,55,Tier 2
CUST02478,2023-08-09,Paid Ads,55,Tier 2
CUST02479,2023-09-02,Social Media,51,Tier 1
CUST02480,2023-09-23,Social Media,59,Tier 2
CUST02481,2023-11-28,Email,24,Tier 2
CUST02482,2023-12-04,Email,44,Tier 1
CUST02483,2023-12-26,Organic Search,57,Tier 1
CUST02484,2024-01-13,Social Media,59,Tier 1
CUST02485,2023-09-27,Organic Search,55,Tier 1
CUST02486,2023-07-31,Paid Ads,32,Tier 3
CUST02487,2023-12-25,Social Media,55,Tier 3
CUST02488,2023-07-20,Organic Search,26,Tier 3
CUST02489,2023-12-30,Organic Search,57,Tier 2
CUST02490,2023-11-07,Email,31,Tier 2
CUST02491,2023-11-30,Email,31,Tier 2
CUST02492,2023-07-13,Social Media,58,Tier 2
CUST02493,2023-10-30,Social Media,46,Tier 2
CUST02494,2023-10-11,Organic Search,36,Tier 2
CUST02495,2023-10-14,Organic Search,37,Tier 1
CUST02496,2023-10-27,Email,56,Tier 2
CUST02497,2023-09-08,Paid Ads,50,Tier 1
CUST02498,2024-01-11,Email,40,Tier 2
CUST02499,2024-01-02,Organic Search,20,Tier 1
CUST02500,2023-10-07,Paid Ads,31,Tier 1
CUST02501,2023-09-20,Paid Ads,41,Tier 3
CUST02502,2023-09-13,Email,43,Tier 1
CUST02503,2023-10-26,Paid Ads,46,Tier 1
CUST02504,2023-09-22,Paid Ads,29,Tier 1
CUST02505,2024-01-08,Paid Ads,51,Tier 3
CUST02506,2023-09-07,Organic Search,42,Tier 2
CUST02507,2023-08-28,Organic Search,20,Tier 2
CUST02508,2024-01-04,Paid Ads,48,Tier 3
CUST02509,2023-11-03,Paid Ads,35,Tier 1
CUST02510,2023-10-19,Paid Ads,58,Tier 1
CUST02511,2023-08-31,Paid Ads,52,Tier 1
CUST02512,2023-11-21,Email,56,Tier 2
CUST02513,2023-11-05,Social Media,40,Tier 2
CUST02514,2023-10-13,Organic Search,23,Tier 1
CUST02515,2023-09-06,Organic Search,58,Tier 1
CUST02516,2023-07-15,Organic Search,34,Tier 1
CUST02517,2023-12-30,Email,31,Tier 2
CUST02518,2023-08-04,Paid Ads,44,Tier 1
CUST02519,2023-12-30,Organic Search,49,Tier 1
CUST02520,2023-07-14,Email,57,Tier 1
CUST02521,2023-12-24,Organic Search,41,Tier 2
CUST02522,2023-10-10,Email,30,Tier 2
CUST02523,2023-10-08,Paid Ads,32,Tier 1
CUST02524,2023-07-07,Social Media,36,Tier 2
CUST02525,2023-07-30,Organic Search,45,Tier 2
CUST02526,2023-08-18,Social Media,46,Tier 3
CUST02527,2023-11-21,Social Media,36,Tier 1
CUST02528,2023-10-19,Organic Search,34,Tier 2
CUST02529,2023-12-26,Organic Search,34,Tier 2
CUST02530,2023-09-10,Paid Ads,31,Tier 1
CUST02531,2023-09-18,Social Media,47,Tier 2
CUST02532,2023-09-21,Social Media,27,Tier 1
CUST02533,2023-08-11,Paid Ads,44,Tier 1
CUST02534,2023-07-17,Social Media,46,Tier 1
CUST02535,2024-01-07,Organic Search,59,Tier 1
CUST02536,2023-12-20,Organic Search,31,Tier 1
CUST02537,2023-07-07,Referral,54,Tier 2
CUST02538,2023-12-02,Social Media,27,Tier 2
CUST02539,2023-07-10,Paid Ads,32,Tier 2
CUST02540,2023-08-03,Social Media,30,Tier 1
CUST02541,2023-08-05,Referral,50,Tier 2
CUST02542,2023-11-30,Social Media,56,Tier 3
CUST02543,2023-07-06,Social Media,21,Tier 1
CUST02544,2023-11-29,Social Media,34,Tier 2
CUST02545,2023-11-23,Organic Search,38,Tier 2
CUST02546,2023-11-11,Social Media,50,Tier 2
CUST02547,2023-07-29,Organic Search,41,Tier 1
CUST02548,2023-11-03,Social Media,35,Tier 1
CUST02549,2023-11-30,Paid Ads,34,Tier 2
CUST02550,2023-12-30,Email,56,Tier 3
CUST02551,2023-09-19,Paid Ads,26,Tier 1
CUST02552,2023-12-21,Organic Search,37,Tier 3
CUST02553,2023-11-29,Organic Search,48,Tier 1
CUST02554,2023-09-13,Referral,52,Tier 1
CUST02555,2023-07-26,Referral,32,Tier 1
CUST02556,2023-11-04,Paid Ads,40,Tier 2
CUST02557,2023-10-23,Referral,35,Tier 1
CUST02558,2023-11-03,Social Media,33,Tier 1
CUST02559,2023-07-28,Email,50,Tier 3
CUST02560,2023-11-08,Organic Search,31,Tier 3
CUST02561,2023-09-13,Referral,39,Tier 1
CUST02562,2023-12-13,Email,58,Tier 1
CUST02563,2024-01-05,Social Media,51,Tier 2
CUST02564,2023-09-16,Social Media,45,Tier 2
CUST02565,2023-12-26,Social Media,53,Tier 1
CUST02566,2023-09-28,Email,34,Tier 3
CUST02567,2023-12-23,Organic Search,46,Tier 1
CUST02568,2023-07-21,Paid Ads,52,Tier 2
CUST02569,2023-08-23,Paid Ads,19,Tier 1
CUST02570,2023-12-31,Organic Search,59,Tier 2
CUST02571,2023-10-11,Email,49,Tier 1
CUST02572,2023-08-28,Email,54,Tier 2
CUST02573,2023-09-10,Social Media,51,Tier 3
CUST02574,2023-12-26,Organic Search,51,Tier 2
CUST02575,2023-07-20,Paid Ads,57,Tier 2
CUST02576,2023-10-20,Organic Search,36,Tier 1
CUST02577,2023-08-28,Organic Search,41,Tier 3
CUST02578,2023-09-09,Organic Search,41,Tier 3
CUST02579,2023-11-14,Social Media,33,Tier 2
CUST02580,2023-10-17,Organic Search,44,Tier 2
CUST02581,2023-11-06,Social Media,48,Tier 3
CUST02582,2023-12-04,Organic Search,43,Tier 1
CUST02583,2024-01-07,Social Media,34,Tier 2
CUST02584,2024-01-16,Social Media,57,Tier 2
CUST02585,2023-08-25,Referral,32,Tier 2
CUST02586,2024-01-12,Social Media,35,Tier 3
CUST02587,2023-08-04,Referral,30,Tier 2
CUST02588,2023-10-31,Social Media,47,Tier 1
CUST02589,2023-11-08,Email,50,Tier 1
CUST02590,2023-10-12,Organic Search,42,Tier 1
CUST02591,2023-07-07,Organic Search,31,Tier 2
CUST02592,2023-07-27,Organic Search,38,Tier 1
CUST02593,2023-07-01,Email,33,Tier 1
CUST02594,2024-01-15,Paid Ads,22,Tier 2
CUST02595,2023-12-19,Social Media,52,Tier 3
CUST02596,2023-09-25,Referral,46,Tier 3
CUST02597,2023-08-10,Paid Ads,20,Tier 3
CUST02598,2023-10-31,Paid Ads,48,Tier 2
CUST02599,2023-09-13,Referral,44,Tier 1
CUST02600,2023-08-11,Organic Search,44,Tier 3
CUST02601,2023-10-25,Social Media,38,Tier 1
CUST02602,2023-12-08,Organic Search,46,Tier 2
CUST02603,2023-12-25,Email,38,Tier 2
CUST02604,2023-09-01,Organic Search,29,Tier 3
CUST02605,2023-12-12,Social Media,28,Tier 1
CUST02606,2024-01-03,Email,41,Tier 1
CUST02607,2023-11-04,Organic Search,55,Tier 2
CUST02608,2023-12-23,Organic Search,59,Tier 1
CUST02609,2023-11-10,Paid Ads,37,Tier 3
CUST02610,2023-08-17,Referral,36,Tier 2
CUST02611,2023-07-03,Social Media,45,Tier 2
CUST02612,2023-10-24,Paid Ads,24,Tier 3
CUST02613,2023-12-22,Paid Ads,28,Tier 2
CUST02614,2024-01-06,Paid Ads,20,Tier 1
CUST02615,2023-10-07,Social Media,42,Tier 1
CUST02616,2023-10-24,Social Media,56,Tier 2
CUST02617,2023-07-14,Paid Ads,46,Tier 3
CUST02618,2024-01-07,Social Media,46,Tier 2
CUST02619,2023-10-20,Email,57,Tier 3
CUST02620,2023-08-30,Referral,20,Tier 1
CUST02621,2023-12-06,Referral,23,Tier 1
CUST02622,2023-10-03,Social Media,29,Tier 1
CUST02623,2023-07-17,Social Media,28,Tier 2
CUST02624,2023-11-01,Organic Search,20,Tier 1
CUST02625,2023-07-24,Social Media,33,Tier 1
CUST02626,2023-10-24,Paid Ads,57,Tier 2
CUST02627,2023-11-28,Organic Search,59,Tier 1
CUST02628,2023-09-20,Paid Ads,55,Tier 2
CUST02629,2023-08-19,Social Media,25,Tier 2
CUST02630,2023-09-17,Organic Search,38,Tier 1
CUST02631,2023-09-17,Paid Ads,52,Tier 1
CUST02632,2023-09-08,Paid Ads,53,Tier 3
CUST02633,2023-07-27,Organic Search,52,Tier 1
CUST02634,2023-07-15,Organic Search,40,Tier 1
CUST02635,2023-08-19,Social Media,49,Tier 1
CUST02636,2023-08-05,Social Media,41,Tier 1
CUST02637,2023-07-08,Organic Search,37,Tier 3
CUST02638,2023-09-17,Social Media,22,Tier 1
CUST02639,2023-11-08,Social Media,42,Tier 3
CUST02640,2024-01-06,Paid Ads,38,Tier 1
CUST02641,2023-08-16,Social Media,57,Tier 3
CUST02642,2023-10-13,Referral,46,Tier 2
CUST02643,2023-10-06,Paid Ads,57,Tier 2
CUST02644,2023-10-04,Organic Search,35,Tier 2
CUST02645,2024-01-05,Referral,37,Tier 1
CUST02646,2023-12-07,Email,53,Tier 2
CUST02647,2023-10-24,Organic Search,50,Tier 1
CUST02648,2023-07-13,Email,57,Tier 1
CUST02649,2023-07-01,Paid Ads,53,Tier 2
CUST02650,2023-08-03,Social Media,48,Tier 1
CUST02651,2024-01-06,Paid Ads,35,Tier 3
CUST02652,2023-09-17,Organic Search,47,Tier 1
CUST02653,2023-09-16,Email,24,Tier 2
CUST02654,2023-10-29,Paid Ads,35,Tier 3
CUST02655,2023-10-01,Organic Search,35,Tier 2
CUST02656,2023-10-06,Email,32,Tier 2
CUST02657,2023-09-20,Social Media,42,Tier 2
CUST02658,2024-01-15,Organic Search,55,Tier 3
CUST02659,2023-12-06,Email,58,Tier 1
CUST02660,2024-01-08,Paid Ads,57,Tier 2
CUST02661,2023-11-30,Organic Search,50,Tier 1
CUST02662,2023-08-07,Paid Ads,54,Tier 1
CUST02663,2023-07-14,Paid Ads,55,Tier 1
CUST02664,2023-11-13,Social Media,32,Tier 1
CUST02665,2023-09-29,Organic Search,45,Tier 2
CUST02666,2023-08-23,Social Media,37,Tier 3
CUST02667,2023-11-07,Organic Search,49,Tier 2
CUST02668,2023-10-09,Referral,27,Tier 2
CUST02669,2023-09-27,Email,56,Tier 1
CUST02670,2023-08-25,Social Media,35,Tier 1
CUST02671,2023-10-02,Organic Search,37,Tier 1
CUST02672,2023-10-01,Paid Ads,22,Tier 2
CUST02673,2023-09-22,Organic Search,29,Tier 1
CUST02674,2023-09-23,Referral,40,Tier 2
CUST02675,2024-01-05,Paid Ads,22,Tier 3
CUST02676,2023-07-22,Email,35,Tier 2
CUST02677,2023-08-04,Social Media,26,Tier 2
CUST02678,2023-07-16,Paid Ads,52,Tier 2
CUST02679,2023-08-19,Social Media,29,Tier 1
CUST02680,2023-10-30,Email,49,Tier 1
CUST02681,2023-11-05,Social Media,29,Tier 3
CUST02682,2023-10-21,Paid Ads,56,Tier 2
CUST02683,2023-12-18,Paid Ads,39,Tier 2
CUST02684,2023-07-17,Organic Search,48,Tier 1
CUST02685,2023-09-18,Social Media,28,Tier 2
CUST02686,2024-01-02,Email,44,Tier 1
CUST02687,2023-11-07,Paid Ads,45,Tier 1
CUST02688,2023-11-09,Referral,26,Tier 1
CUST02689,2023-09-23,Organic Search,57,Tier 1
CUST02690,2023-12-14,Social Media,26,Tier 1
CUST02691,2023-10-02,Referral,26,Tier 1
CUST02692,2023-11-11,Social Media,52,Tier 2
CUST02693,2023-09-19,Social Media,34,Tier 2
CUST02694,2023-09-07,Paid Ads,59,Tier 2
CUST02695,2023-09-07,Organic Search,31,Tier 2
CUST02696,2023-11-25,Social Media,41,Tier 3
CUST02697,2024-01-08,Paid Ads,30,Tier 1
CUST02698,2023-07-16,Organic Search,45,Tier 1
CUST02699,2023-08-20,Social Media,40,Tier 2
CUST02700,2023-10-13,Paid Ads,50,Tier 1
CUST02701,2023-12-12,Referral,45,Tier 2
CUST02702,2024-01-13,Social Media,20,Tier 2
CUST02703,2023-12-17,Social Media,51,Tier 3
CUST02704,2024-01-01,Social Media,44,Tier 3
CUST02705,2023-09-04,Social Media,46,Tier 3
CUST02706,2023-07-09,Social Media,37,Tier 1
CUST02707,2023-10-15,Email,23,Tier 3
CUST02708,2023-10-08,Organic Search,51,Tier 1
CUST02709,2023-09-24,Social Media,38,Tier 2
CUST02710,2023-09-02,Social Media,48,Tier 2
CUST02711,2023-07-22,Paid Ads,26,Tier 1
CUST02712,2023-12-09,Organic Search,56,Tier 2
CUST02713,2023-12-30,Email,35,Tier 1
CUST02714,2023-12-04,Organic Search,19,Tier 1
CUST02715,2023-12-13,Referral,21,Tier 3
CUST02716,2023-10-18,Referral,44,Tier 1
CUST02717,2023-10-05,Organic Search,49,Tier 1
CUST02718,2023-07-18,Email,26,Tier 1
CUST02719,2023-09-09,Organic Search,26,Tier 3
CUST02720,2024-01-09,Social Media,53,Tier 1
CUST02721,2023-11-04,Paid Ads,57,Tier 1
CUST02722,2023-10-05,Email,46,Tier 3
CUST02723,2023-07-01,Paid Ads,22,Tier 1
CUST02724,2023-11-09,Organic Search,34,Tier 1
CUST02725,2023-07-04,Paid Ads,31,Tier 2
CUST02726,2023-11-02,Organic Search,38,Tier 2
CUST02727,2023-09-20,Email,23,Tier 3
CUST02728,2023-07-27,Organic Search,55,Tier 1
CUST02729,2023-12-18,Paid Ads,38,Tier 3
CUST02730,2023-08-28,Social Media,42,Tier 3
CUST02731,2023-08-01,Social Media,54,Tier 1
CUST02732,2023-12-08,Social Media,52,Tier 1
CUST02733,2023-07-28,Referral,52,Tier 3
CUST02734,2023-10-14,Organic Search,37,Tier 2
CUST02735,2023-10-13,Organic Search,35,Tier 2
CUST02736,2023-12-30,Email,23,Tier 2
CUST02737,2024-01-04,Social Media,43,Tier 2
CUST02738,2023-09-08,Referral,36,Tier 3
CUST02739,2023-08-31,Organic Search,26,Tier 1
CUST02740,2023-08-03,Paid Ads,45,Tier 1
CUST02741,2023-09-25,Organic Search,33,Tier 3
CUST02742,2023-10-22,Social Media,31,Tier 3
CUST02743,2023-10-14,Email,34,Tier 2
CUST02744,2023-08-25,Organic Search,40,Tier 3
CUST02745,2023-10-21,Paid Ads,38,Tier 2
CUST02746,2023-07-13,Email,31,Tier 1
CUST02747,2023-12-31,Social Media,38,Tier 3
CUST02748,2023-07-18,Organic Search,20,Tier 1
CUST02749,2023-12-29,Social Media,53,Tier 1
CUST02750,2023-10-21,Email,37,Tier 1
CUST02751,2023-12-18,Social Media,55,Tier 2
CUST02752,2023-08-08,Social Media,24,Tier 3
CUST02753,2024-01-05,Organic Search,32,Tier 1
CUST02754,2023-12-17,Organic Search,22,Tier 1
CUST02755,2023-09-17,Social Media,40,Tier 2
CUST02756,2023-11-23,Organic Search,57,Tier 3
CUST02757,2023-11-28,Social Media,54,Tier 2
CUST02758,2023-12-29,Social Media,52,Tier 2
CUST02759,2023-07-30,Social Media,45,Tier 2
CUST02760,2023-10-06,Organic Search,25,Tier 1
CUST02761,2023-08-27,Paid Ads,21,Tier 1
CUST02762,2024-01-12,Email,51,Tier 1
CUST02763,2023-09-05,Organic Search,20,Tier 3
CUST02764,2023-09-09,Social Media,34,Tier 1
CUST02765,2023-11-23,Social Media,43,Tier 2
CUST02766,2023-10-14,Paid Ads,33,Tier 1
CUST02767,2023-07-07,Social Media,42,Tier 2
CUST02768,2023-08-09,Organic Search,33,Tier 1
CUST02769,2023-09-08,Paid Ads,49,Tier 1
CUST02770,2024-01-09,Referral,32,Tier 1
CUST02771,2023-09-06,Referral,32,Tier 2
CUST02772,2023-08-18,Paid Ads,24,Tier 1
CUST02773,2023-08-21,Referral,32,Tier 2
CUST02774,2023-10-22,Paid Ads,35,Tier 2
CUST02775,2023-10-15,Organic Search,36,Tier 2
CUST02776,2023-07-29,Organic Search,38,Tier 2
CUST02777,2023-11-26,Referral,35,Tier 3
CUST02778,2023-09-16,Organic Search,34,Tier 1
CUST02779,2023-07-09,Email,58,Tier 1
CUST02780,2023-12-22,Email,57,Tier 3
CUST02781,2023-09-14,Social Media,50,Tier 1
CUST02782,2023-08-11,Paid Ads,27,Tier 3
CUST02783,2023-12-26,Organic Search,45,Tier 1
CUST02784,2023-12-31,Organic Search,51,Tier 2
CUST02785,2023-12-26,Email,28,Tier 1
CUST02786,2024-01-14,Social Media,35,Tier 3
CUST02787,2023-11-05,Email,54,Tier 2
CUST02788,2023-07-20,Social Media,35,Tier 1
CUST02789,2023-12-02,Organic Search,36,Tier 1
CUST02790,2023-12-13,Social Media,41,Tier 1
CUST02791,2023-09-10,Email,52,Tier 2
CUST02792,2023-09-03,Organic Search,26,Tier 1
CUST02793,2023-12-29,Paid Ads,31,Tier 1
CUST02794,2023-10-21,Social Media,41,Tier 2
CUST02795,2023-07-24,Social Media,38,Tier 1
CUST02796,2023-11-05,Organic Search,40,Tier 1
CUST02797,2023-12-22,Social Media,41,Tier 1
CUST02798,2024-01-15,Organic Search,59,Tier 2
CUST02799,2023-09-21,Organic Search,53,Tier 3
CUST02800,2023-09-01,Email,21,Tier 1
CUST02801,2024-01-01,Email,52,Tier 2
CUST02802,2023-12-30,Social Media,51,Tier 1
CUST02803,2023-08-29,Paid Ads,35,Tier 1
CUST02804,2023-10-07,Organic Search,37,Tier 2
CUST02805,2023-08-31,Paid Ads,48,Tier 1
CUST02806,2023-07-30,Organic Search,41,Tier 2
CUST02807,2023-07-22,Organic Search,33,Tier 3
CUST02808,2023-11-03,Paid Ads,32,Tier 3
CUST02809,2023-12-04,Paid Ads,20,Tier 1
CUST02810,2023-12-16,Organic Search,57,Tier 1
CUST02811,2023-08-11,Email,36,Tier 3
CUST02812,2023-10-06,Organic Search,24,Tier 1
CUST02813,2024-01-09,Organic Search,50,Tier 2
CUST02814,2023-07-31,Email,39,Tier 1
CUST02815,2023-12-05,Organic Search,58,Tier 1
CUST02816,2023-10-20,Email,46,Tier 1
CUST02817,2023-11-23,Organic Search,45,Tier 3
CUST02818,2023-10-30,Paid Ads,20,Tier 3
CUST02819,2023-07-17,Organic Search,51,Tier 1
CUST02820,2023-08-07,Organic Search,34,Tier 3
CUST02821,2023-11-19,Email,57,Tier 1
CUST02822,2023-10-18,Referral,40,Tier 1
CUST02823,2023-12-31,Organic Search,31,Tier 2
CUST02824,2023-07-22,Paid Ads,20,Tier 2
CUST02825,2024-01-11,Social Media,32,Tier 1
CUST02826,2023-08-25,Paid Ads,56,Tier 1
CUST02827,2023-10-27,Social Media,59,Tier 3
CUST02828,2023-11-24,Organic Search,46,Tier 3
CUST02829,2023-08-26,Referral,25,Tier 3
CUST02830,2023-12-19,Paid Ads,36,Tier 1
CUST02831,2023-08-04,Paid Ads,59,Tier 2
CUST02832,2023-10-22,Social Media,54,Tier 1
CUST02833,2023-11-02,Email,59,Tier 3
CUST02834,2023-11-06,Paid Ads,54,Tier 1
CUST02835,2023-08-21,Social Media,22,Tier 1
CUST02836,2023-09-23,Email,48,Tier 1
CUST02837,2024-01-14,Organic Search,42,Tier 3
CUST02838,2023-12-12,Email,38,Tier 2
CUST02839,2023-09-03,Organic Search,49,Tier 1
CUST02840,2023-12-26,Social Media,42,Tier 2
CUST02841,2023-11-06,Referral,25,Tier 3
CUST02842,2023-07-21,Paid Ads,44,Tier 1
CUST02843,2023-12-28,Paid Ads,31,Tier 3
CUST02844,2023-07-16,Organic Search,26,Tier 3
CUST02845,2023-10-31,Organic Search,23,Tier 1
CUST02846,2023-08-30,Referral,31,Tier 1
CUST02847,2023-08-23,Organic Search,47,Tier 1
CUST02848,2023-12-15,Paid Ads,38,Tier 1
CUST02849,2023-07-26,Social Media,32,Tier 2
CUST02850,2023-09-18,Social Media,50,Tier 2
CUST02851,2023-09-03,Paid Ads,45,Tier 2
CUST02852,2023-10-08,Email,43,Tier 1
CUST02853,2023-09-12,Email,22,Tier 2
CUST02854,2024-01-08,Referral,39,Tier 2
CUST02855,2023-12-18,Email,36,Tier 3
CUST02856,2023-07-17,Email,57,Tier 1
CUST02857,2023-10-29,Organic Search,33,Tier 2
CUST02858,2024-01-03,Organic Search,56,Tier 3
CUST02859,2023-07-23,Email,42,Tier 2
CUST02860,2023-11-12,Referral,26,Tier 1
CUST02861,2023-12-19,Social Media,46,Tier 1
CUST02862,2023-12-28,Referral,39,Tier 3
CUST02863,2023-09-09,Paid Ads,34,Tier 1
CUST02864,2023-10-16,Social Media,34,Tier 3
CUST02865,2023-09-17,Social Media,53,Tier 3
CUST02866,2023-12-09,Email,35,Tier 1
CUST02867,2023-08-15,Paid Ads,27,Tier 2
CUST02868,2024-01-12,Paid Ads,53,Tier 1
CUST02869,2023-09-16,Social Media,47,Tier 1
CUST02870,2023-07-16,Organic Search,57,Tier 2
CUST02871,2023-09-09,Referral,36,Tier 2
CUST02872,2023-10-04,Organic Search,30,Tier 1
CUST02873,2023-11-24,Social Media,37,Tier 3
CUST02874,2023-07-02,Email,40,Tier 1
CUST02875,2023-07-10,Social Media,33,Tier 2
CUST02876,2023-12-25,Paid Ads,19,Tier 2
CUST02877,2023-11-02,Referral,20,Tier 1
CUST02878,2023-09-19,Email,26,Tier 3
CUST02879,2023-11-17,Organic Search,40,Tier 2
CUST02880,2023-09-08,Email,43,Tier 2
CUST02881,2023-11-27,Organic Search,20,Tier 2
CUST02882,2023-08-01,Organic Search,27,Tier 1
CUST02883,2023-10-13,Paid Ads,27,Tier 1
CUST02884,2023-09-22,Social Media,31,Tier 2
CUST02885,2023-11-06,Paid Ads,24,Tier 3
CUST02886,2023-12-29,Email,48,Tier 3
CUST02887,2023-08-27,Paid Ads,33,Tier 1
CUST02888,2024-01-14,Organic Search,33,Tier 1
CUST02889,2023-11-23,Referral,25,Tier 1
CUST02890,2023-11-11,Email,29,Tier 1
CUST02891,2023-08-14,Referral,58,Tier 2
CUST02892,2023-10-05,Organic Search,56,Tier 2
CUST02893,2023-07-23,Organic Search,58,Tier 1
CUST02894,2023-07-23,Social Media,20,Tier 2
CUST02895,2023-12-01,Email,57,Tier 2
CUST02896,2023-11-12,Organic Search,28,Tier 1
CUST02897,2023-09-17,Organic Search,35,Tier 2
CUST02898,2023-08-13,Social Media,25,Tier 1
CUST02899,2023-07-27,Paid Ads,58,Tier 2
CUST02900,2023-07-26,Email,57,Tier 3
CUST02901,2023-10-05,Paid Ads,22,Tier 2
CUST02902,2023-08-05,Paid Ads,53,Tier 3
CUST02903,2023-10-17,Referral,54,Tier 1
CUST02904,2023-08-24,Organic Search,49,Tier 2
CUST02905,2024-01-08,Paid Ads,43,Tier 2
CUST02906,2024-01-01,Social Media,59,Tier 2
CUST02907,2023-09-07,Organic Search,31,Tier 3
CUST02908,2023-08-30,Paid Ads,36,Tier 2
CUST02909,2023-11-07,Email,39,Tier 2
CUST02910,2023-08-24,Paid Ads,19,Tier 1
CUST02911,2023-10-30,Paid Ads,54,Tier 1
CUST02912,2023-10-05,Paid Ads,26,Tier 2
CUST02913,2023-09-18,Email,39,Tier 2
CUST02914,2023-09-25,Email,39,Tier 3
CUST02915,2023-08-07,Email,45,Tier 1
CUST02916,2023-10-27,Organic Search,37,Tier 1
CUST02917,2023-09-16,Email,41,Tier 2
CUST02918,2023-12-04,Referral,53,Tier 3
CUST02919,2023-12-01,Paid Ads,58,Tier 3
CUST02920,2023-08-04,Social Media,23,Tier 1
CUST02921,2023-09-17,Email,59,Tier 1
CUST02922,2023-09-05,Social Media,26,Tier 1
CUST02923,2023-09-25,Referral,29,Tier 1
CUST02924,2023-12-04,Organic Search,34,Tier 3
CUST02925,2023-08-03,Paid Ads,57,Tier 1
CUST02926,2023-10-05,Paid Ads,42,Tier 1
CUST02927,2023-12-16,Paid Ads,39,Tier 1
CUST02928,2023-12-16,Organic Search,41,Tier 1
CUST02929,2023-11-28,Social Media,56,Tier 3
CUST02930,2023-09-09,Organic Search,26,Tier 1
CUST02931,2023-07-03,Paid Ads,25,Tier 1
CUST02932,2023-08-27,Email,20,Tier 3
CUST02933,2023-08-01,Organic Search,48,Tier 1
CUST02934,2023-07-31,Referral,31,Tier 2
CUST02935,2023-09-20,Social Media,41,Tier 1
CUST02936,2023-08-12,Paid Ads,47,Tier 2
CUST02937,2023-11-12,Paid Ads,56,Tier 1
CUST02938,2023-10-13,Organic Search,55,Tier 1
CUST02939,2023-07-01,Social Media,38,Tier 2
CUST02940,2023-08-30,Organic Search,51,Tier 1
CUST02941,2023-07-14,Email,47,Tier 2
CUST02942,2023-12-27,Social Media,33,Tier 1
CUST02943,2023-07-06,Organic Search,41,Tier 2
CUST02944,2023-10-11,Social Media,21,Tier 3
CUST02945,2023-07-10,Organic Search,55,Tier 1
CUST02946,2023-09-09,Referral,47,Tier 1
CUST02947,2023-09-28,Organic Search,26,Tier 3
CUST02948,2023-12-05,Email,40,Tier 2
CUST02949,2023-11-26,Organic Search,47,Tier 1
CUST02950,2023-11-03,Social Media,20,Tier 2
CUST02951,2024-01-04,Paid Ads,59,Tier 1
CUST02952,2023-10-05,Organic Search,19,Tier 1
CUST02953,2023-09-12,Email,38,Tier 3
CUST02954,2023-10-23,Paid Ads,39,Tier 2
CUST02955,2024-01-07,Email,55,Tier 2
CUST02956,2023-12-17,Social Media,26,Tier 1
CUST02957,2023-08-20,Paid Ads,45,Tier 1
CUST02958,2024-01-08,Organic Search,53,Tier 3
CUST02959,2023-08-25,Organic Search,24,Tier 1
CUST02960,2023-08-10,Email,37,Tier 1
CUST02961,2023-08-01,Paid Ads,36,Tier 1
CUST02962,2023-07-15,Paid Ads,19,Tier 2
CUST02963,2023-08-31,Organic Search,43,Tier 1
CUST02964,2023-12-02,Paid Ads,45,Tier 1
CUST02965,2023-07-28,Referral,25,Tier 3
CUST02966,2023-09-02,Organic Search,47,Tier 2
CUST02967,2024-01-03,Email,49,Tier 1
CUST02968,2024-01-02,Social Media,54,Tier 2
CUST02969,2023-11-07,Social Media,37,Tier 1
CUST02970,2023-11-04,Paid Ads,24,Tier 1
CUST02971,2023-08-05,Email,43,Tier 2
CUST02972,2023-10-22,Social Media,49,Tier 1
CUST02973,2024-01-15,Organic Search,27,Tier 1
CUST02974,2023-07-13,Paid Ads,38,Tier 2
CUST02975,2023-07-15,Organic Search,28,Tier 3
CUST02976,2023-09-27,Paid Ads,55,Tier 2
CUST02977,2024-01-04,Paid Ads,45,Tier 1
CUST02978,2023-07-22,Social Media,31,Tier 1
CUST02979,2024-01-07,Organic Search,59,Tier 1
CUST02980,2023-09-12,Paid Ads,20,Tier 1
CUST02981,2023-07-25,Email,39,Tier 1
CUST02982,2023-10-09,Paid Ads,51,Tier 2
CUST02983,2023-12-23,Social Media,42,Tier 1
CUST02984,2023-12-18,Paid Ads,52,Tier 1
CUST02985,2023-10-25,Referral,27,Tier 2
CUST02986,2023-12-13,Paid Ads,20,Tier 1
CUST02987,2023-08-10,Email,48,Tier 3
CUST02988,2023-12-20,Social Media,40,Tier 1
CUST02989,2023-09-26,Organic Search,29,Tier 3
CUST02990,2023-12-15,Organic Search,35,Tier 3
CUST02991,2023-10-18,Social Media,54,Tier 3
CUST02992,2023-10-28,Paid Ads,31,Tier 1
CUST02993,2023-10-05,Social Media,25,Tier 3
CUST02994,2023-11-22,Referral,34,Tier 1
CUST02995,2023-08-26,Paid Ads,51,Tier 1
CUST02996,2023-11-07,Paid Ads,19,Tier 1
CUST02997,2023-10-04,Paid Ads,29,Tier 1
CUST02998,2023-10-29,Paid Ads,24,Tier 1
CUST02999,2023-08-31,Social Media,38,Tier 1
CUST03000,2023-11-14,Social Media,53,Tier 1
