customer_id,signup_date,acquisition_channel,age,city_tier,frequency,monetary_total,aov,last_purchase,first_purchase,total_quantity,n_categories,recency_days,tenure_days,purchase_rate,account_age_days,future_ltv
CUST00001,2023-10-23,Paid Ads,19,Tier 3,2.0,815.1500000000001,407.57500000000005,2024-04-18,2024-01-08,6.0,2.0,74.0,252,0.34285714285714286,252,1824.54
CUST00002,2023-08-26,Organic Search,47,Tier 3,36.0,112070.77,3113.0769444444445,2024-06-18,2023-08-28,92.0,6.0,13.0,310,3.5064935064935066,310,158816.53
CUST00003,2023-09-10,Email,42,Tier 1,8.0,6204.39,775.54875,2024-06-14,2023-10-11,20.0,5.0,17.0,295,0.9090909090909092,295,7463.25
CUST00004,2023-07-07,Email,34,Tier 1,16.0,12399.5,774.96875,2024-05-26,2023-07-18,41.0,6.0,36.0,360,1.3753581661891117,360,16679.85
CUST00005,2023-12-31,Social Media,43,Tier 3,4.0,2070.86,517.715,2024-04-18,2024-02-23,11.0,2.0,74.0,183,0.9302325581395349,183,2744.95
CUST00006,2023-10-27,Organic Search,41,Tier 2,3.0,1595.3,531.7666666666667,2024-06-05,2023-12-30,10.0,2.0,26.0,248,0.4891304347826087,248,758.6
CUST00007,2024-01-11,Paid Ads,46,Tier 2,0.0,0.0,0.0,,,0.0,0.0,360.0,172,0.0,172,622.62
CUST00008,2023-10-22,Organic Search,34,Tier 2,17.0,22334.42,1313.7894117647058,2024-06-06,2023-10-26,38.0,6.0,25.0,253,2.0481927710843375,253,46423.99
CUST00009,2023-07-16,Organic Search,56,Tier 2,10.0,9151.86,915.186,2024-03-29,2023-08-27,30.0,6.0,94.0,351,0.9708737864077669,351,4606.98
CUST00010,2023-09-21,Social Media,29,Tier 1,17.0,17313.97,1018.4688235294118,2024-05-03,2023-10-10,42.0,6.0,59.0,284,1.9245283018867925,284,13843.66
CUST00011,2023-12-26,Social Media,21,Tier 2,1.0,426.39,426.39,2024-04-27,2024-04-27,4.0,1.0,65.0,188,0.46153846153846156,188,2521.09
CUST00012,2023-09-10,Paid Ads,33,Tier 1,55.0,187854.01,3415.527454545455,2024-06-29,2023-09-10,134.0,6.0,2.0,295,5.593220338983051,295,149768.44
CUST00013,2023-11-01,Email,19,Tier 2,20.0,34276.96,1713.848,2024-04-04,2023-11-01,48.0,6.0,88.0,243,2.4691358024691357,243,0.0
CUST00014,2023-10-21,Organic Search,25,Tier 3,4.0,2448.83,612.2075,2024-04-21,2023-11-29,13.0,2.0,71.0,254,0.5581395348837209,254,1987.12
CUST00015,2023-07-12,Social Media,19,Tier 2,3.0,1299.01,433.00333333333333,2024-06-01,2024-05-09,6.0,3.0,30.0,355,1.6981132075471699,355,3048.17
CUST00016,2023-11-03,Organic Search,50,Tier 3,3.0,1620.3200000000002,540.1066666666667,2024-02-14,2023-12-08,4.0,2.0,138.0,241,0.4368932038834952,241,633.89
CUST00017,2023-08-22,Organic Search,27,Tier 2,2.0,1370.26,685.13,2024-04-20,2024-01-21,6.0,2.0,72.0,314,0.37037037037037035,314,1431.1100000000001
CUST00018,2023-09-13,Paid Ads,47,Tier 2,11.0,10264.94,933.1763636363637,2024-06-30,2023-10-31,27.0,5.0,1.0,292,1.3524590163934427,292,10261.57
CUST00019,2023-11-10,Email,44,Tier 2,8.0,6324.91,790.61375,2024-06-21,2023-12-05,17.0,6.0,10.0,234,1.1483253588516746,234,8177.76
CUST00020,2023-07-27,Email,41,Tier 3,3.0,1232.3899999999999,410.7966666666666,2023-11-07,2023-08-12,8.0,2.0,237.0,340,0.2777777777777778,340,1924.52
CUST00021,2023-11-17,Organic Search,47,Tier 2,9.0,7275.48,808.3866666666667,2024-05-25,2023-11-25,20.0,5.0,37.0,227,1.2328767123287672,227,0.0
CUST00022,2023-11-22,Paid Ads,56,Tier 1,2.0,732.85,366.425,2024-04-21,2023-12-25,8.0,2.0,71.0,222,0.31746031746031744,222,2457.92
CUST00023,2023-11-11,Paid Ads,51,Tier 3,2.0,1329.74,664.87,2024-04-18,2023-12-03,3.0,2.0,74.0,233,0.28436018957345977,233,3661.28
CUST00024,2023-10-05,Organic Search,25,Tier 2,6.0,2530.15,421.69166666666666,2024-04-26,2023-11-16,15.0,4.0,66.0,270,0.7894736842105263,270,2834.21
CUST00025,2023-07-05,Social Media,30,Tier 1,14.0,13111.99,936.5707142857143,2024-06-17,2023-07-06,37.0,6.0,14.0,362,1.1634349030470914,362,13775.29
CUST00026,2023-08-26,Organic Search,49,Tier 2,26.0,40226.45,1547.1711538461536,2024-06-29,2023-09-07,68.0,6.0,2.0,310,2.61744966442953,310,34365.67
CUST00027,2023-12-03,Paid Ads,50,Tier 3,1.0,842.8,842.8,2024-05-16,2024-05-16,2.0,1.0,46.0,211,0.6521739130434783,211,4214.46
CUST00028,2023-09-16,Email,38,Tier 2,14.0,12091.41,863.6721428571428,2024-06-14,2023-11-03,39.0,5.0,17.0,289,1.7427385892116183,289,3290.12
CUST00029,2023-09-07,Organic Search,35,Tier 1,14.0,11906.8,850.4857142857143,2024-06-28,2023-09-14,28.0,6.0,3.0,298,1.443298969072165,298,17597.760000000002
CUST00030,2023-10-26,Email,54,Tier 3,4.0,2407.1499999999996,601.7874999999999,2024-01-27,2023-11-03,11.0,4.0,156.0,249,0.4979253112033195,249,507.22
CUST00031,2023-10-28,Social Media,21,Tier 2,7.0,7260.75,1037.25,2024-06-04,2023-12-27,15.0,4.0,27.0,247,1.122994652406417,247,4223.62
CUST00032,2023-08-28,Organic Search,19,Tier 2,3.0,1354.26,451.42,2024-04-28,2024-01-09,3.0,3.0,64.0,308,0.5172413793103449,308,2764.2200000000003
CUST00033,2023-08-02,Referral,45,Tier 1,3.0,1977.13,659.0433333333334,2024-04-09,2023-11-02,9.0,3.0,83.0,334,0.371900826446281,334,1224.38
CUST00034,2023-08-31,Email,58,Tier 1,33.0,52567.35,1592.95,2024-06-27,2023-09-10,85.0,6.0,4.0,305,3.3559322033898304,305,43099.21
CUST00035,2023-08-19,Organic Search,51,Tier 2,46.0,151386.44,3291.0095652173914,2024-06-25,2023-08-19,126.0,6.0,6.0,317,4.353312302839117,317,190270.55
CUST00036,2023-10-20,Paid Ads,38,Tier 3,17.0,27687.420000000002,1628.6717647058824,2024-06-02,2023-10-20,49.0,6.0,29.0,255,2.0,255,43099.11
CUST00037,2023-07-19,Paid Ads,32,Tier 1,3.0,1458.14,486.0466666666667,2024-04-11,2023-09-13,9.0,3.0,81.0,348,0.3082191780821918,348,666.6
CUST00038,2024-01-13,Social Media,54,Tier 1,0.0,0.0,0.0,,,0.0,0.0,360.0,170,0.0,170,1730.9099999999999
CUST00039,2023-10-31,Social Media,23,Tier 1,7.0,6409.349999999999,915.6214285714285,2024-06-25,2023-12-18,20.0,5.0,6.0,244,1.0714285714285714,244,13178.87
CUST00040,2024-01-10,Social Media,41,Tier 2,9.0,10448.07,1160.8966666666665,2024-06-27,2024-01-26,17.0,4.0,4.0,173,1.7197452229299364,173,9668.33
CUST00041,2023-08-16,Referral,33,Tier 1,2.0,985.19,492.595,2024-06-15,2024-01-18,6.0,2.0,16.0,320,0.36363636363636365,320,2129.43
CUST00042,2023-12-14,Social Media,24,Tier 1,6.0,6259.18,1043.1966666666667,2024-05-19,2024-01-14,18.0,4.0,43.0,200,1.0650887573964498,200,10368.32
CUST00043,2024-01-12,Email,51,Tier 1,1.0,646.61,646.61,2024-05-07,2024-05-07,1.0,1.0,55.0,171,0.5454545454545454,171,1675.67
CUST00044,2023-08-02,Paid Ads,37,Tier 2,17.0,29967.5,1762.7941176470588,2024-05-17,2023-08-03,39.0,6.0,45.0,334,1.5315315315315317,334,62268.36
CUST00045,2023-11-18,Paid Ads,31,Tier 1,8.0,5147.78,643.4725,2024-06-06,2023-11-21,24.0,5.0,25.0,226,1.0762331838565022,226,4980.8099999999995
CUST00046,2023-09-22,Organic Search,47,Tier 1,10.0,8855.289999999999,885.5289999999999,2024-06-29,2023-10-12,24.0,6.0,2.0,283,1.1406844106463878,283,8183.5
CUST00047,2023-12-29,Social Media,24,Tier 3,7.0,3099.39,442.77,2024-06-24,2024-01-01,14.0,5.0,7.0,185,1.153846153846154,185,1498.84
CUST00048,2023-11-12,Paid Ads,33,Tier 1,9.0,9417.13,1046.3477777777778,2024-06-19,2023-11-18,20.0,5.0,12.0,232,1.1946902654867257,232,5278.46
CUST00049,2023-09-17,Organic Search,34,Tier 1,10.0,9847.09,984.7090000000001,2024-06-25,2024-01-10,28.0,5.0,6.0,288,1.7341040462427746,288,14381.74
CUST00050,2023-07-14,Organic Search,42,Tier 3,3.0,1706.27,568.7566666666667,2024-05-15,2023-09-14,9.0,3.0,47.0,353,0.30927835051546393,353,4965.84
CUST00051,2023-11-24,Paid Ads,41,Tier 1,42.0,119970.87,2856.4492857142855,2024-06-22,2023-11-25,116.0,6.0,9.0,220,5.7534246575342465,220,128474.97
CUST00052,2023-11-05,Email,28,Tier 2,20.0,33167.55,1658.3775,2024-07-01,2023-11-07,51.0,6.0,0.0,239,2.531645569620253,239,48453.39
CUST00053,2023-08-23,Paid Ads,59,Tier 1,21.0,32118.68,1529.4609523809524,2024-06-28,2023-08-24,47.0,6.0,3.0,313,2.019230769230769,313,49667.34
CUST00054,2023-11-25,Email,59,Tier 2,15.0,23807.72,1587.1813333333334,2024-06-12,2023-12-18,33.0,6.0,19.0,219,2.295918367346939,219,45555.51
CUST00055,2023-07-29,Paid Ads,35,Tier 1,13.0,13524.01,1040.3084615384616,2024-04-25,2023-07-30,38.0,5.0,67.0,338,1.1572700296735905,338,16822.75
CUST00056,2023-07-24,Email,48,Tier 3,21.0,42296.87,2014.1366666666668,2024-06-22,2023-08-02,57.0,6.0,9.0,343,1.8862275449101795,343,51888.29
CUST00057,2023-09-20,Organic Search,28,Tier 1,6.0,2690.59,448.4316666666667,2024-05-13,2023-12-02,17.0,3.0,49.0,285,0.8490566037735849,285,5962.36
CUST00058,2023-09-01,Organic Search,37,Tier 1,5.0,2309.48,461.896,2024-04-20,2023-09-18,9.0,3.0,72.0,304,0.5226480836236933,304,3449.73
CUST00059,2023-10-13,Email,47,Tier 2,4.0,2287.34,571.835,2024-06-05,2024-02-09,14.0,3.0,26.0,262,0.8391608391608392,262,2645.8900000000003
CUST00060,2023-08-26,Paid Ads,20,Tier 3,5.0,2626.25,525.25,2024-04-11,2023-10-17,12.0,3.0,81.0,310,0.5813953488372093,310,2014.4
CUST00061,2023-11-13,Organic Search,54,Tier 1,3.0,1807.81,602.6033333333334,2024-05-25,2023-12-20,5.0,2.0,37.0,231,0.4639175257731959,231,150.0
CUST00062,2023-08-31,Paid Ads,37,Tier 3,3.0,1769.06,589.6866666666666,2024-06-13,2023-11-05,9.0,3.0,18.0,305,0.37656903765690375,305,1165.9
CUST00063,2023-12-04,Organic Search,25,Tier 1,19.0,30206.28,1589.8042105263157,2024-06-24,2023-12-11,47.0,6.0,7.0,210,2.8078817733990147,210,36052.37
CUST00064,2023-07-17,Paid Ads,44,Tier 2,7.0,3848.98,549.8542857142858,2024-04-05,2023-10-19,13.0,5.0,87.0,350,0.8203125,350,2712.56
CUST00065,2023-09-04,Paid Ads,33,Tier 1,3.0,1370.35,456.7833333333333,2024-04-28,2023-09-29,9.0,3.0,64.0,301,0.32608695652173914,301,1458.13
CUST00066,2023-07-06,Email,56,Tier 2,5.0,5035.26,1007.052,2023-12-26,2023-07-23,11.0,4.0,188.0,361,0.436046511627907,361,0.0
CUST00067,2023-08-27,Social Media,21,Tier 1,4.0,1963.75,490.9375,2024-06-12,2023-10-16,8.0,3.0,19.0,309,0.46332046332046334,309,818.65
CUST00068,2023-09-07,Organic Search,56,Tier 1,23.0,39157.06,1702.4808695652173,2024-06-18,2023-09-08,44.0,6.0,13.0,298,2.323232323232323,298,37047.76
CUST00069,2023-12-03,Referral,34,Tier 1,3.0,1653.8,551.2666666666667,2024-04-18,2024-01-16,6.0,2.0,74.0,211,0.5389221556886228,211,2164.31
CUST00070,2023-08-31,Paid Ads,20,Tier 1,49.0,150855.32,3078.6800000000003,2024-06-30,2023-08-31,124.0,6.0,1.0,305,4.8196721311475414,305,165488.37
CUST00071,2023-12-16,Email,49,Tier 3,18.0,29431.58,1635.0877777777778,2024-06-03,2024-01-10,47.0,6.0,28.0,198,3.121387283236994,198,30545.67
CUST00072,2024-01-13,Email,46,Tier 3,1.0,866.86,866.86,2024-02-16,2024-02-16,2.0,1.0,136.0,170,0.22058823529411764,170,2151.38
CUST00073,2023-09-20,Email,25,Tier 2,8.0,4325.38,540.6725,2024-06-18,2023-10-03,18.0,5.0,13.0,285,0.8823529411764706,285,1054.04
CUST00074,2023-12-16,Paid Ads,48,Tier 1,30.0,50305.49,1676.8496666666665,2024-06-26,2023-12-16,64.0,6.0,5.0,198,4.545454545454546,198,46027.03
CUST00075,2023-12-24,Paid Ads,25,Tier 1,9.0,8285.81,920.6455555555555,2024-05-21,2024-01-26,28.0,4.0,41.0,190,1.7197452229299364,190,10108.37
CUST00076,2023-12-24,Organic Search,54,Tier 2,7.0,7283.07,1040.4385714285713,2024-05-22,2024-01-04,19.0,5.0,40.0,190,1.1731843575418994,190,13973.630000000001
CUST00077,2023-09-09,Organic Search,47,Tier 3,35.0,54042.54,1544.0725714285716,2024-06-25,2023-09-27,75.0,6.0,6.0,296,3.7769784172661867,296,34408.93
CUST00078,2023-11-08,Paid Ads,42,Tier 2,1.0,462.54,462.54,2024-05-20,2024-05-20,4.0,1.0,42.0,236,0.7142857142857142,236,2873.4
CUST00079,2023-07-10,Paid Ads,57,Tier 3,8.0,4807.66,600.9575,2024-04-10,2023-09-01,24.0,4.0,82.0,357,0.7894736842105263,357,2757.03
CUST00080,2023-10-06,Paid Ads,22,Tier 3,4.0,1604.3899999999999,401.09749999999997,2024-06-24,2024-03-16,9.0,3.0,7.0,269,1.1214953271028036,269,3607.7200000000003
CUST00081,2023-09-27,Organic Search,47,Tier 3,25.0,45629.55,1825.182,2024-06-20,2023-11-05,68.0,6.0,11.0,278,3.1380753138075312,278,40220.07
CUST00082,2023-08-04,Social Media,23,Tier 1,10.0,8753.64,875.3639999999999,2024-06-14,2023-08-10,25.0,6.0,17.0,332,0.9202453987730062,332,3307.6
CUST00083,2023-07-02,Social Media,47,Tier 1,6.0,3487.09,581.1816666666667,2024-01-31,2023-07-26,18.0,3.0,152.0,365,0.527859237536657,365,469.42
CUST00084,2023-11-01,Referral,48,Tier 2,6.0,4176.26,696.0433333333334,2024-05-27,2024-01-11,15.0,4.0,35.0,243,1.0465116279069768,243,994.5999999999999
CUST00085,2023-07-24,Paid Ads,47,Tier 2,2.0,1284.0900000000001,642.0450000000001,2023-10-24,2023-09-04,7.0,2.0,251.0,343,0.19933554817275748,343,1516.92
CUST00086,2023-09-12,Social Media,44,Tier 1,2.0,1404.79,702.395,2024-05-18,2023-10-02,5.0,2.0,44.0,293,0.21978021978021978,293,701.45
CUST00087,2023-12-13,Social Media,37,Tier 1,8.0,9315.2,1164.4,2024-04-30,2023-12-13,18.0,5.0,62.0,201,1.1940298507462686,201,0.0
CUST00088,2023-07-22,Paid Ads,44,Tier 2,7.0,6884.56,983.5085714285715,2024-06-26,2023-07-27,26.0,4.0,5.0,345,0.6176470588235294,345,866.89
CUST00089,2023-12-01,Paid Ads,55,Tier 2,9.0,13503.33,1500.37,2024-06-13,2023-12-08,21.0,6.0,18.0,213,1.3106796116504855,213,38775.24
CUST00090,2023-12-18,Referral,45,Tier 1,4.0,3043.1,760.775,2024-05-05,2024-01-02,10.0,3.0,57.0,196,0.6629834254143646,196,9872.76
CUST00091,2023-12-30,Paid Ads,48,Tier 2,2.0,1523.3400000000001,761.6700000000001,2024-05-16,2024-02-15,6.0,2.0,46.0,184,0.437956204379562,184,464.97
CUST00092,2023-08-08,Paid Ads,48,Tier 2,7.0,7006.7,1000.9571428571428,2023-12-05,2023-09-07,16.0,5.0,209.0,328,0.7046979865771812,328,0.0
CUST00093,2023-12-04,Organic Search,21,Tier 2,21.0,34440.97,1640.0461904761905,2024-06-29,2023-12-22,58.0,6.0,2.0,210,3.28125,210,56670.59
CUST00094,2023-07-20,Organic Search,25,Tier 1,16.0,16161.93,1010.120625,2024-03-30,2023-07-24,38.0,6.0,93.0,347,1.3994169096209912,347,11455.32
CUST00095,2023-08-10,Social Media,27,Tier 2,27.0,42051.93,1557.4788888888888,2024-06-18,2023-08-11,64.0,6.0,13.0,326,2.4923076923076923,326,47841.16
CUST00096,2023-12-29,Email,59,Tier 2,7.0,7792.17,1113.1671428571428,2024-06-17,2024-01-27,13.0,4.0,14.0,185,1.3461538461538463,185,0.0
CUST00097,2023-11-25,Paid Ads,31,Tier 1,6.0,5674.62,945.77,2024-05-27,2024-01-15,13.0,5.0,35.0,219,1.0714285714285714,219,7389.12
CUST00098,2023-10-16,Organic Search,33,Tier 2,9.0,9768.78,1085.42,2024-06-03,2023-10-26,21.0,5.0,28.0,259,1.0843373493975903,259,0.0
CUST00099,2023-11-24,Email,23,Tier 1,5.0,2182.92,436.584,2024-06-30,2023-12-29,15.0,3.0,1.0,220,0.8108108108108109,220,1822.44
CUST00100,2023-09-22,Email,47,Tier 1,3.0,2066.65,688.8833333333333,2024-04-09,2023-11-19,8.0,2.0,83.0,283,0.4,283,0.0
CUST00101,2023-10-19,Organic Search,53,Tier 1,6.0,3718.35,619.725,2024-06-18,2023-11-30,13.0,3.0,13.0,256,0.8411214953271028,256,2319.4
CUST00102,2023-09-04,Social Media,45,Tier 1,16.0,15479.71,967.481875,2024-06-28,2023-10-06,37.0,6.0,3.0,301,1.7843866171003717,301,9338.61
CUST00103,2023-12-05,Organic Search,45,Tier 1,6.0,3312.43,552.0716666666666,2024-05-24,2024-01-11,15.0,4.0,38.0,209,1.0465116279069768,209,2197.85
CUST00104,2023-08-22,Paid Ads,26,Tier 3,9.0,6671.61,741.29,2024-05-18,2023-09-01,23.0,4.0,44.0,314,0.888157894736842,314,11946.19
CUST00105,2023-08-03,Email,50,Tier 1,24.0,38190.24,1591.26,2024-06-26,2023-08-25,62.0,6.0,5.0,333,2.315112540192926,333,55520.65
CUST00106,2023-11-27,Organic Search,38,Tier 3,2.0,932.2,466.1,2024-04-06,2024-01-27,7.0,2.0,86.0,217,0.3846153846153846,217,0.0
CUST00107,2023-09-05,Social Media,28,Tier 2,10.0,11161.01,1116.101,2024-06-13,2023-09-09,18.0,5.0,18.0,300,1.0135135135135136,300,16166.4
CUST00108,2023-11-11,Social Media,31,Tier 1,17.0,27787.83,1634.5782352941178,2024-06-23,2023-11-30,38.0,6.0,8.0,233,2.3831775700934577,233,41543.75
CUST00109,2023-07-27,Social Media,47,Tier 1,5.0,3189.38,637.876,2024-06-14,2023-09-29,13.0,3.0,17.0,340,0.5434782608695652,340,5059.33
CUST00110,2023-07-10,Organic Search,53,Tier 2,11.0,5536.05,503.27727272727276,2024-04-18,2023-09-05,31.0,6.0,74.0,357,1.1,357,436.34
CUST00111,2023-09-11,Organic Search,26,Tier 2,4.0,2234.99,558.7475,2024-04-11,2023-10-28,11.0,3.0,81.0,294,0.4858299595141701,294,2683.65
CUST00112,2023-10-04,Organic Search,47,Tier 1,3.0,1526.39,508.7966666666667,2024-04-24,2024-02-20,6.0,3.0,68.0,271,0.6818181818181819,271,2404.65
CUST00113,2023-08-17,Paid Ads,49,Tier 1,29.0,49729.82,1714.8213793103448,2024-06-27,2023-09-27,78.0,6.0,4.0,319,3.129496402877698,319,40382.93
CUST00114,2023-09-08,Social Media,59,Tier 2,13.0,23263.54,1789.503076923077,2024-05-26,2023-10-13,26.0,5.0,36.0,297,1.4885496183206106,297,50702.06
CUST00115,2024-01-03,Social Media,48,Tier 1,5.0,4695.54,939.108,2024-06-24,2024-02-11,12.0,5.0,7.0,180,1.0638297872340425,180,13809.85
CUST00116,2023-10-08,Social Media,40,Tier 3,15.0,25039.52,1669.3013333333333,2024-05-28,2023-10-20,32.0,6.0,34.0,267,1.7647058823529411,267,43702.3
CUST00117,2023-08-28,Referral,39,Tier 2,21.0,28824.73,1372.6061904761905,2024-06-03,2023-09-06,55.0,5.0,28.0,308,2.1070234113712374,308,50182.72
CUST00118,2023-07-02,Social Media,30,Tier 1,3.0,1212.08,404.02666666666664,2023-12-23,2023-10-01,7.0,2.0,191.0,365,0.3284671532846716,365,1693.41
CUST00119,2023-12-04,Paid Ads,29,Tier 1,18.0,24310.47,1350.5816666666667,2024-06-28,2023-12-15,48.0,5.0,3.0,210,2.71356783919598,210,61054.7
CUST00120,2024-01-12,Organic Search,20,Tier 1,6.0,6204.25,1034.0416666666667,2024-06-24,2024-01-30,18.0,4.0,7.0,171,1.1764705882352942,171,17290.09
CUST00121,2023-09-03,Email,59,Tier 3,28.0,40836.41,1458.4432142857145,2024-06-29,2023-09-11,64.0,6.0,2.0,302,2.8571428571428568,302,46059.58
CUST00122,2023-09-21,Organic Search,20,Tier 1,28.0,48572.11,1734.7182142857143,2024-05-27,2023-09-22,64.0,6.0,35.0,284,2.968197879858657,284,38727.07
CUST00123,2023-12-01,Organic Search,52,Tier 1,1.0,585.92,585.92,2024-01-12,2024-01-12,2.0,1.0,171.0,213,0.17543859649122806,213,2451.49
CUST00124,2023-07-10,Paid Ads,21,Tier 2,5.0,2834.3199999999997,566.8639999999999,2024-06-21,2023-07-19,12.0,4.0,10.0,357,0.43103448275862066,357,2310.01
CUST00125,2023-08-22,Social Media,34,Tier 1,1.0,496.97,496.97,2023-09-24,2023-09-24,3.0,1.0,281.0,314,0.10676156583629892,314,2137.11
CUST00126,2023-09-17,Organic Search,22,Tier 2,11.0,9783.49,889.4081818181818,2024-06-27,2023-10-08,24.0,4.0,4.0,288,1.2359550561797752,288,1826.52
CUST00127,2023-08-28,Social Media,41,Tier 3,26.0,40253.88,1548.2261538461537,2024-07-01,2023-08-30,63.0,6.0,0.0,308,2.5490196078431375,308,1856.17
CUST00128,2023-11-27,Social Media,38,Tier 2,15.0,25820.75,1721.3833333333334,2024-06-29,2023-12-24,33.0,6.0,2.0,217,2.3684210526315788,217,42644.61
CUST00129,2023-12-26,Paid Ads,43,Tier 3,2.0,803.23,401.615,2024-03-03,2024-02-21,7.0,1.0,120.0,188,0.4580152671755725,188,1388.29
CUST00130,2023-08-17,Organic Search,48,Tier 3,9.0,7634.38,848.2644444444445,2024-06-06,2023-10-21,20.0,3.0,25.0,319,1.0629921259842519,319,13814.08
CUST00131,2023-11-26,Organic Search,36,Tier 1,8.0,7185.650000000001,898.2062500000001,2024-05-06,2023-12-10,21.0,4.0,56.0,218,1.1764705882352942,218,7687.9800000000005
CUST00132,2023-10-31,Social Media,29,Tier 1,6.0,3722.86,620.4766666666667,2024-05-02,2023-12-01,16.0,4.0,60.0,244,0.8450704225352113,244,3261.21
CUST00133,2023-07-22,Social Media,47,Tier 1,2.0,616.79,308.395,2024-01-27,2023-11-29,4.0,2.0,156.0,345,0.27906976744186046,345,0.0
CUST00134,2023-10-08,Social Media,35,Tier 2,5.0,2866.2799999999997,573.256,2024-06-09,2023-12-14,9.0,5.0,22.0,267,0.75,267,4381.02
CUST00135,2023-10-06,Email,44,Tier 1,19.0,29476.809999999998,1551.4110526315787,2024-06-13,2023-10-23,48.0,5.0,18.0,269,2.261904761904762,269,51842.66
CUST00136,2023-12-05,Organic Search,41,Tier 3,8.0,5972.16,746.52,2024-06-12,2023-12-06,24.0,5.0,19.0,209,1.153846153846154,209,2571.7000000000003
CUST00137,2023-07-25,Organic Search,38,Tier 2,11.0,8378.36,761.669090909091,2024-06-14,2023-09-09,24.0,5.0,17.0,342,1.114864864864865,342,9854.82
CUST00138,2023-07-28,Social Media,20,Tier 1,9.0,7349.08,816.5644444444445,2024-06-12,2023-08-13,27.0,4.0,19.0,339,0.8359133126934984,339,1627.19
CUST00139,2024-01-09,Organic Search,42,Tier 2,7.0,4337.61,619.6585714285713,2024-06-11,2024-02-11,19.0,3.0,20.0,174,1.4893617021276597,174,4253.91
CUST00140,2023-10-21,Paid Ads,49,Tier 1,30.0,102725.95,3424.1983333333333,2024-06-28,2023-10-26,83.0,6.0,3.0,254,3.6144578313253013,254,135418.26
CUST00141,2023-08-14,Paid Ads,45,Tier 3,56.0,175172.04,3128.072142857143,2024-07-01,2023-08-20,148.0,6.0,0.0,322,5.3164556962025316,322,112092.57
CUST00142,2023-09-06,Organic Search,20,Tier 2,2.0,636.71,318.355,2024-03-07,2024-03-03,3.0,2.0,116.0,299,0.5,299,1688.17
CUST00143,2023-07-07,Organic Search,32,Tier 1,13.0,13648.55,1049.8884615384616,2024-05-09,2023-07-12,33.0,5.0,53.0,360,1.0985915492957747,360,11800.14
CUST00144,2023-08-18,Paid Ads,22,Tier 1,2.0,758.81,379.405,2024-06-08,2023-09-18,2.0,2.0,23.0,318,0.20905923344947736,318,1556.4
CUST00145,2023-11-14,Organic Search,31,Tier 3,2.0,850.0600000000001,425.03000000000003,2024-06-14,2024-01-01,3.0,1.0,17.0,230,0.3296703296703297,230,4278.19
CUST00146,2023-12-11,Organic Search,54,Tier 2,1.0,541.69,541.69,2024-01-11,2024-01-11,3.0,1.0,172.0,203,0.1744186046511628,203,2280.73
CUST00147,2023-09-21,Social Media,53,Tier 3,12.0,11776.15,981.3458333333333,2024-06-23,2023-10-15,34.0,6.0,8.0,284,1.3846153846153846,284,10760.42
CUST00148,2023-11-06,Social Media,26,Tier 1,15.0,15501.470000000001,1033.4313333333334,2024-06-29,2023-11-27,36.0,6.0,2.0,238,2.0737327188940093,238,8188.66
CUST00149,2023-11-15,Organic Search,20,Tier 1,2.0,1027.07,513.535,2024-06-06,2023-12-25,7.0,2.0,25.0,229,0.31746031746031744,229,1331.4499999999998
CUST00150,2023-12-11,Social Media,24,Tier 1,1.0,486.85,486.85,2024-06-21,2024-06-21,1.0,1.0,10.0,203,3.0,203,4313.71
CUST00151,2023-09-11,Paid Ads,49,Tier 2,15.0,25297.079999999998,1686.472,2024-06-13,2023-11-01,35.0,6.0,18.0,294,1.8518518518518516,294,40703.58
CUST00152,2023-08-15,Paid Ads,28,Tier 1,5.0,2266.65,453.33000000000004,2024-05-06,2023-09-23,14.0,5.0,56.0,321,0.5319148936170213,321,4367.81
CUST00153,2023-10-14,Social Media,39,Tier 1,6.0,2525.14,420.8566666666666,2024-06-29,2023-10-31,17.0,3.0,2.0,261,0.7377049180327868,261,2036.66
CUST00154,2023-12-07,Social Media,28,Tier 2,5.0,4698.35,939.6700000000001,2024-05-11,2024-01-07,15.0,5.0,51.0,207,0.8522727272727273,207,14864.53
CUST00155,2023-08-01,Social Media,41,Tier 2,49.0,145114.58000000002,2961.522040816327,2024-06-12,2023-08-01,126.0,6.0,19.0,335,4.388059701492538,335,28974.3
CUST00156,2023-07-06,Organic Search,21,Tier 1,9.0,6232.07,692.4522222222222,2024-06-30,2023-09-17,25.0,4.0,1.0,361,0.9375,361,3258.04
CUST00157,2023-12-23,Organic Search,50,Tier 2,5.0,5745.57,1149.114,2024-06-26,2024-01-13,11.0,5.0,5.0,191,0.8823529411764706,191,7797.39
CUST00158,2023-12-13,Social Media,38,Tier 2,18.0,29356.91,1630.9394444444445,2024-06-26,2023-12-22,48.0,6.0,5.0,201,2.8125,201,35721.92
CUST00159,2023-11-22,Paid Ads,28,Tier 1,6.0,3127.9799999999996,521.3299999999999,2024-06-21,2024-03-11,14.0,4.0,10.0,222,1.607142857142857,222,3046.8
CUST00160,2023-09-12,Organic Search,47,Tier 1,13.0,14887.57,1145.1976923076923,2024-06-26,2023-10-28,38.0,6.0,5.0,293,1.5789473684210527,293,11384.41
CUST00161,2023-10-22,Social Media,59,Tier 1,3.0,1688.77,562.9233333333333,2024-05-15,2023-11-21,9.0,2.0,47.0,253,0.40358744394618834,253,3550.73
CUST00162,2023-07-27,Social Media,52,Tier 2,17.0,15215.72,895.0423529411764,2024-06-24,2023-08-04,41.0,5.0,7.0,340,1.536144578313253,340,9112.92
CUST00163,2023-08-23,Social Media,55,Tier 3,13.0,12387.52,952.8861538461539,2024-03-21,2023-09-01,33.0,4.0,102.0,313,1.2828947368421053,313,10296.800000000001
CUST00164,2023-12-25,Paid Ads,38,Tier 1,10.0,9946.04,994.604,2024-06-16,2023-12-25,24.0,4.0,15.0,189,1.5873015873015872,189,11840.7
CUST00165,2023-12-10,Social Media,26,Tier 1,2.0,565.4200000000001,282.71000000000004,2024-01-23,2024-01-18,5.0,2.0,160.0,204,0.36363636363636365,204,3136.38
CUST00166,2023-09-23,Organic Search,25,Tier 3,29.0,44750.96,1543.136551724138,2024-06-28,2023-09-27,81.0,6.0,3.0,282,3.129496402877698,282,36604.37
CUST00167,2023-11-04,Organic Search,24,Tier 3,1.0,782.3,782.3,2023-11-04,2023-11-04,4.0,1.0,240.0,240,0.125,240,1332.01
CUST00168,2023-11-30,Email,29,Tier 2,2.0,1091.6200000000001,545.8100000000001,2024-01-22,2024-01-03,5.0,2.0,161.0,214,0.33333333333333337,214,2953.06
CUST00169,2023-12-03,Organic Search,36,Tier 3,2.0,927.76,463.88,2024-03-10,2024-01-14,6.0,1.0,113.0,211,0.35502958579881655,211,684.91
CUST00170,2023-10-19,Paid Ads,47,Tier 2,4.0,2234.76,558.69,2024-04-24,2023-12-19,10.0,3.0,68.0,256,0.6153846153846154,256,15866.97
CUST00171,2023-07-15,Email,43,Tier 2,17.0,15185.46,893.2623529411765,2024-05-18,2023-07-18,44.0,6.0,44.0,352,1.4613180515759312,352,12288.27
CUST00172,2023-11-09,Paid Ads,39,Tier 1,2.0,1348.17,674.085,2024-04-09,2024-03-22,4.0,2.0,83.0,235,0.594059405940594,235,0.0
CUST00173,2023-10-01,Organic Search,21,Tier 1,6.0,6138.49,1023.0816666666666,2024-06-22,2023-12-07,19.0,4.0,9.0,274,0.8695652173913043,274,12692.58
CUST00174,2023-10-31,Organic Search,36,Tier 1,2.0,462.99,231.495,2024-05-25,2023-12-19,4.0,2.0,37.0,244,0.3076923076923077,244,2758.8
CUST00175,2023-09-11,Paid Ads,42,Tier 3,8.0,7114.13,889.26625,2024-06-19,2023-10-12,22.0,4.0,12.0,294,0.9125475285171103,294,7552.5599999999995
CUST00176,2023-12-02,Paid Ads,56,Tier 3,3.0,1201.88,400.6266666666667,2024-05-20,2024-01-11,7.0,2.0,42.0,212,0.5232558139534884,212,1051.05
CUST00177,2023-12-01,Social Media,28,Tier 2,9.0,8324.24,924.9155555555556,2024-06-04,2023-12-04,16.0,5.0,27.0,213,1.2857142857142858,213,6410.24
CUST00178,2023-11-24,Social Media,45,Tier 1,2.0,1298.02,649.01,2024-03-02,2023-12-19,2.0,2.0,121.0,220,0.3076923076923077,220,0.0
CUST00179,2023-09-30,Paid Ads,30,Tier 1,21.0,28780.71,1370.51,2024-06-30,2023-11-19,60.0,5.0,1.0,275,2.8000000000000003,275,43069.65
CUST00180,2023-07-17,Social Media,25,Tier 1,3.0,1693.37,564.4566666666666,2024-04-08,2024-01-13,7.0,2.0,84.0,350,0.5294117647058824,350,1163.0900000000001
CUST00181,2023-08-12,Organic Search,35,Tier 1,2.0,792.4300000000001,396.21500000000003,2023-11-16,2023-10-02,6.0,2.0,228.0,324,0.21978021978021978,324,4721.87
CUST00182,2023-10-29,Organic Search,19,Tier 2,1.0,322.75,322.75,2024-02-21,2024-02-21,1.0,1.0,131.0,246,0.22900763358778625,246,3471.36
CUST00183,2023-08-10,Social Media,44,Tier 3,33.0,63251.31,1916.7063636363637,2024-07-01,2023-08-15,81.0,6.0,0.0,326,3.0841121495327104,326,48674.6
CUST00184,2023-12-17,Paid Ads,33,Tier 1,14.0,24578.57,1755.6121428571428,2024-06-26,2024-01-29,37.0,6.0,5.0,197,2.7272727272727275,197,40785.44
CUST00185,2023-12-25,Referral,51,Tier 1,1.0,388.98,388.98,2024-02-05,2024-02-05,3.0,1.0,147.0,189,0.20408163265306123,189,1895.24
CUST00186,2023-12-15,Paid Ads,55,Tier 2,7.0,6178.39,882.6271428571429,2024-06-07,2023-12-15,22.0,5.0,24.0,199,1.0552763819095476,199,6250.76
CUST00187,2023-08-08,Social Media,49,Tier 1,21.0,36660.69,1745.747142857143,2024-06-18,2023-09-04,49.0,5.0,13.0,328,2.0930232558139537,328,22121.79
CUST00188,2023-10-21,Paid Ads,53,Tier 3,11.0,9988.52,908.0472727272728,2024-06-12,2023-11-14,31.0,6.0,19.0,254,1.4347826086956523,254,2276.67
CUST00189,2023-11-28,Paid Ads,19,Tier 1,13.0,10784.47,829.5746153846153,2024-05-29,2023-11-30,32.0,6.0,33.0,216,1.8224299065420562,216,9038.89
CUST00190,2023-10-19,Paid Ads,26,Tier 1,3.0,1845.58,615.1933333333333,2024-05-09,2023-11-23,11.0,2.0,53.0,256,0.4072398190045249,256,3463.37
CUST00191,2023-12-27,Social Media,30,Tier 1,4.0,2017.1100000000001,504.27750000000003,2024-04-21,2024-01-10,7.0,3.0,71.0,187,0.6936416184971098,187,1093.07
CUST00192,2023-08-16,Paid Ads,37,Tier 1,32.0,49007.47,1531.4834375,2024-06-29,2023-08-17,79.0,6.0,2.0,320,3.0094043887147333,320,35737.67
CUST00193,2023-09-01,Referral,43,Tier 2,20.0,33053.52,1652.676,2024-06-18,2023-09-05,47.0,6.0,13.0,304,2.0,304,29354.04
CUST00194,2023-10-18,Organic Search,50,Tier 1,8.0,6641.599999999999,830.1999999999999,2024-05-19,2023-10-20,23.0,5.0,43.0,257,0.9411764705882353,257,12009.060000000001
CUST00195,2023-09-07,Organic Search,30,Tier 1,4.0,2823.04,705.76,2024-06-23,2024-02-15,11.0,3.0,8.0,298,0.875912408759124,298,0.0
CUST00196,2023-08-12,Paid Ads,31,Tier 2,4.0,2594.27,648.5675,2024-03-03,2023-08-19,9.0,4.0,120.0,324,0.3785488958990536,324,0.0
CUST00197,2023-12-23,Email,46,Tier 1,3.0,4074.3599999999997,1358.12,2024-04-14,2024-01-06,6.0,3.0,78.0,191,0.5084745762711864,191,0.0
CUST00198,2023-08-03,Social Media,19,Tier 1,26.0,39661.67,1525.448846153846,2024-06-29,2023-08-09,67.0,6.0,2.0,333,2.385321100917431,333,59202.74
CUST00199,2023-08-09,Paid Ads,24,Tier 2,28.0,50903.84,1817.9942857142855,2024-07-01,2023-09-09,69.0,6.0,0.0,327,2.837837837837838,327,27629.09
CUST00200,2023-08-30,Email,26,Tier 2,27.0,45176.36,1673.1985185185185,2024-06-26,2023-09-14,77.0,6.0,5.0,306,2.783505154639175,306,40819.18
CUST00201,2023-12-25,Paid Ads,22,Tier 3,4.0,2957.34,739.335,2024-05-23,2024-02-15,9.0,3.0,39.0,189,0.875912408759124,189,11944.15
CUST00202,2024-01-11,Email,23,Tier 1,2.0,937.46,468.73,2024-03-24,2024-03-17,8.0,2.0,99.0,172,0.5660377358490566,172,0.0
CUST00203,2023-08-31,Social Media,43,Tier 1,7.0,4752.3,678.9,2024-05-01,2023-10-25,23.0,6.0,61.0,305,0.84,305,2695.2
CUST00204,2023-08-27,Organic Search,40,Tier 1,18.0,29244.51,1624.695,2024-06-18,2023-08-27,45.0,5.0,13.0,309,1.7475728155339807,309,48513.48
CUST00205,2023-12-08,Paid Ads,46,Tier 1,6.0,6326.37,1054.395,2024-05-21,2023-12-09,17.0,3.0,41.0,206,0.8780487804878049,206,8952.41
CUST00206,2023-09-13,Referral,57,Tier 2,2.0,890.35,445.175,2024-02-23,2024-02-20,6.0,2.0,129.0,292,0.4545454545454546,292,1661.95
CUST00207,2023-07-16,Social Media,41,Tier 3,3.0,1332.38,444.1266666666667,2024-06-22,2023-09-30,6.0,3.0,9.0,351,0.32727272727272727,351,2066.31
CUST00208,2023-09-20,Email,22,Tier 2,13.0,12969.21,997.6315384615384,2024-06-26,2023-10-15,33.0,6.0,5.0,285,1.5,285,11386.76
CUST00209,2023-10-02,Paid Ads,22,Tier 1,3.0,1261.1100000000001,420.37000000000006,2024-04-25,2023-10-09,6.0,2.0,67.0,273,0.3383458646616541,273,1844.76
CUST00210,2023-08-17,Organic Search,39,Tier 2,4.0,1956.12,489.03,2024-01-16,2023-10-01,10.0,4.0,167.0,319,0.437956204379562,319,0.0
CUST00211,2023-11-15,Paid Ads,55,Tier 3,6.0,6397.56,1066.26,2024-05-05,2023-11-16,14.0,5.0,57.0,229,0.7894736842105263,229,7783.820000000001
CUST00212,2023-09-20,Social Media,59,Tier 1,13.0,12767.210000000001,982.093076923077,2024-06-26,2023-09-27,29.0,5.0,5.0,285,1.4028776978417266,285,5299.15
CUST00213,2023-08-07,Email,20,Tier 2,20.0,15849.67,792.4835,2024-06-12,2023-08-10,52.0,6.0,19.0,329,1.8404907975460123,329,15209.63
CUST00214,2023-11-04,Organic Search,25,Tier 3,6.0,3326.99,554.4983333333333,2024-06-09,2024-01-22,14.0,5.0,22.0,240,1.1180124223602486,240,2778.41
CUST00215,2023-07-19,Organic Search,34,Tier 2,12.0,11989.88,999.1566666666666,2024-06-11,2023-07-25,27.0,5.0,20.0,348,1.0526315789473684,348,8437.24
CUST00216,2023-12-11,Organic Search,35,Tier 2,1.0,605.7,605.7,2023-12-14,2023-12-14,3.0,1.0,200.0,203,0.15,203,4004.49
CUST00217,2024-01-03,Organic Search,38,Tier 1,1.0,405.64,405.64,2024-05-16,2024-05-16,1.0,1.0,46.0,180,0.6521739130434783,180,1391.52
CUST00218,2023-09-01,Organic Search,41,Tier 1,16.0,14222.289999999999,888.8931249999999,2024-05-30,2023-09-29,43.0,5.0,32.0,304,1.7391304347826086,304,11680.98
CUST00219,2023-09-15,Paid Ads,52,Tier 1,17.0,13824.54,813.2082352941177,2024-06-18,2023-09-19,50.0,6.0,13.0,290,1.7832167832167831,290,10173.86
CUST00220,2023-12-21,Organic Search,29,Tier 2,14.0,23894.55,1706.7535714285714,2024-06-13,2024-01-02,34.0,5.0,18.0,193,2.320441988950276,193,23207.420000000002
CUST00221,2023-11-08,Organic Search,52,Tier 1,3.0,2900.33,966.7766666666666,2024-02-14,2024-01-10,7.0,3.0,138.0,236,0.5202312138728323,236,8208.35
CUST00222,2023-10-10,Paid Ads,51,Tier 3,9.0,9879.06,1097.6733333333332,2024-06-07,2023-11-28,25.0,4.0,24.0,265,1.25,265,15486.08
CUST00223,2023-09-03,Organic Search,44,Tier 3,3.0,1569.85,523.2833333333333,2024-05-16,2023-10-16,7.0,3.0,46.0,302,0.34749034749034746,302,2792.49
CUST00224,2023-10-28,Organic Search,20,Tier 2,3.0,1733.4499999999998,577.8166666666666,2024-02-05,2024-01-21,8.0,2.0,147.0,247,0.5555555555555556,247,5143.62
CUST00225,2023-09-29,Paid Ads,41,Tier 1,0.0,0.0,0.0,,,0.0,0.0,360.0,276,0.0,276,3273.8599999999997
CUST00226,2023-07-08,Organic Search,59,Tier 1,2.0,837.29,418.645,2024-04-19,2023-10-09,5.0,2.0,73.0,359,0.22556390977443608,359,4232.78
CUST00227,2023-12-26,Paid Ads,40,Tier 2,32.0,103846.5,3245.203125,2024-06-26,2023-12-30,77.0,6.0,5.0,188,5.217391304347826,188,49666.43
CUST00228,2023-09-11,Organic Search,52,Tier 2,3.0,1118.23,372.74333333333334,2024-05-30,2023-10-05,8.0,3.0,32.0,294,0.33333333333333337,294,1985.03
CUST00229,2023-11-11,Social Media,33,Tier 2,23.0,41365.27,1798.4899999999998,2024-06-30,2023-11-15,44.0,6.0,1.0,233,3.013100436681223,233,47964.32
CUST00230,2023-10-15,Referral,28,Tier 1,12.0,9886.39,823.8658333333333,2024-05-21,2023-11-01,34.0,6.0,41.0,260,1.4814814814814814,260,8714.46
CUST00231,2023-09-27,Social Media,33,Tier 2,17.0,29660.31,1744.7241176470588,2024-06-20,2023-10-08,38.0,6.0,11.0,278,1.9101123595505618,278,38427.32
CUST00232,2023-08-08,Paid Ads,47,Tier 2,18.0,16367.4,909.3,2024-06-21,2023-08-28,38.0,6.0,10.0,328,1.7532467532467533,328,8609.4
CUST00233,2023-10-21,Social Media,41,Tier 2,8.0,8864.26,1108.0325,2024-06-20,2023-11-16,14.0,3.0,11.0,254,1.0526315789473684,254,3462.5299999999997
CUST00234,2024-01-04,Email,35,Tier 2,7.0,5466.8099999999995,780.972857142857,2024-06-13,2024-01-21,22.0,5.0,18.0,179,1.2962962962962963,179,11052.99
CUST00235,2023-07-28,Organic Search,27,Tier 2,2.0,1499.6599999999999,749.8299999999999,2023-12-01,2023-08-04,6.0,2.0,213.0,339,0.18072289156626506,339,1425.4
CUST00236,2023-10-05,Paid Ads,54,Tier 1,13.0,11766.64,905.1261538461538,2024-05-09,2023-10-20,27.0,6.0,53.0,270,1.5294117647058822,270,9218.98
CUST00237,2023-12-29,Social Media,27,Tier 1,3.0,1413.29,471.09666666666664,2024-05-22,2024-05-06,9.0,2.0,40.0,185,1.607142857142857,185,1438.81
CUST00238,2023-08-06,Paid Ads,34,Tier 2,1.0,330.4,330.4,2024-03-09,2024-03-09,2.0,1.0,114.0,330,0.2631578947368421,330,2264.99
CUST00239,2023-11-14,Organic Search,54,Tier 1,12.0,10817.76,901.48,2024-06-03,2023-11-21,30.0,6.0,28.0,230,1.6143497757847534,230,9270.27
CUST00240,2023-09-20,Social Media,51,Tier 2,2.0,1051.12,525.56,2024-03-26,2023-12-05,5.0,1.0,97.0,285,0.28708133971291866,285,3554.31
CUST00241,2023-08-25,Social Media,49,Tier 2,25.0,47013.06,1880.5223999999998,2024-06-28,2023-08-28,54.0,6.0,3.0,311,2.435064935064935,311,34490.82
CUST00242,2024-01-03,Organic Search,24,Tier 3,23.0,72539.48,3153.8904347826087,2024-06-19,2024-01-09,49.0,6.0,12.0,180,3.9655172413793105,180,212287.12
CUST00243,2023-09-23,Paid Ads,28,Tier 2,27.0,49259.51,1824.4262962962964,2024-05-18,2023-09-27,60.0,6.0,44.0,282,2.9136690647482015,282,29977.239999999998
CUST00244,2023-07-02,Organic Search,34,Tier 1,6.0,3065.73,510.955,2024-06-25,2023-12-02,15.0,4.0,6.0,365,0.8490566037735849,365,3863.56
CUST00245,2024-01-05,Social Media,22,Tier 1,2.0,1201.08,600.54,2024-01-22,2024-01-06,5.0,1.0,161.0,178,0.3389830508474576,178,2482.73
CUST00246,2023-08-27,Organic Search,40,Tier 3,14.0,23677.559999999998,1691.2542857142855,2024-06-07,2023-08-27,34.0,6.0,24.0,309,1.3592233009708738,309,32411.6
CUST00247,2023-10-15,Paid Ads,31,Tier 1,6.0,4666.400000000001,777.7333333333335,2024-06-03,2023-10-27,14.0,3.0,28.0,260,0.7258064516129032,260,13071.73
CUST00248,2023-10-31,Social Media,34,Tier 2,34.0,107820.04,3171.1776470588234,2024-06-29,2023-10-31,82.0,6.0,2.0,244,4.1803278688524586,244,166410.81
CUST00249,2024-01-04,Paid Ads,47,Tier 2,21.0,69982.82,3332.5152380952386,2024-06-27,2024-01-11,46.0,6.0,4.0,179,3.6627906976744184,179,233225.95
CUST00250,2023-12-15,Email,24,Tier 1,17.0,29385.9,1728.5823529411766,2024-07-01,2023-12-20,41.0,6.0,0.0,199,2.6288659793814433,199,14634.67
CUST00251,2023-12-11,Paid Ads,44,Tier 1,3.0,1520.3799999999999,506.7933333333333,2024-06-26,2024-01-29,8.0,2.0,5.0,203,0.5844155844155844,203,1667.6799999999998
CUST00252,2023-10-22,Organic Search,29,Tier 2,4.0,1917.0900000000001,479.27250000000004,2024-05-28,2024-03-26,10.0,2.0,34.0,253,1.2371134020618557,253,2832.55
CUST00253,2023-10-15,Email,42,Tier 3,15.0,23137.16,1542.4773333333333,2024-05-27,2023-10-25,39.0,5.0,35.0,260,1.7999999999999998,260,36600.46
CUST00254,2023-08-06,Organic Search,47,Tier 1,2.0,1292.97,646.485,2024-05-18,2024-01-17,3.0,2.0,44.0,330,0.3614457831325301,330,2741.7
CUST00255,2023-09-17,Paid Ads,21,Tier 3,4.0,2106.13,526.5325,2024-05-16,2023-11-21,14.0,3.0,46.0,288,0.5381165919282511,288,4419.82
CUST00256,2023-09-30,Organic Search,28,Tier 2,9.0,9196.42,1021.8244444444445,2024-06-28,2023-10-09,26.0,4.0,3.0,275,1.0150375939849623,275,7323.4400000000005
CUST00257,2023-07-18,Email,19,Tier 3,24.0,38831.85,1617.9937499999999,2024-06-23,2023-08-06,62.0,6.0,8.0,349,2.1818181818181817,349,37841.83
CUST00258,2023-10-06,Referral,44,Tier 1,10.0,9929.13,992.9129999999999,2024-06-18,2023-11-02,27.0,6.0,13.0,269,1.2396694214876034,269,12225.75
CUST00259,2023-09-01,Referral,30,Tier 1,9.0,9158.07,1017.5633333333333,2024-06-30,2023-10-17,21.0,5.0,1.0,304,1.0465116279069768,304,9655.17
CUST00260,2023-11-27,Paid Ads,32,Tier 3,0.0,0.0,0.0,,,0.0,0.0,360.0,217,0.0,217,4203.45
CUST00261,2023-11-16,Organic Search,43,Tier 3,4.0,3823.19,955.7975,2024-03-24,2023-12-01,11.0,3.0,99.0,228,0.5633802816901409,228,16071.5
CUST00262,2024-01-02,Paid Ads,26,Tier 1,34.0,110115.9,3238.7029411764706,2024-06-21,2024-01-04,90.0,6.0,10.0,181,5.698324022346369,181,132804.72
CUST00263,2024-01-01,Social Media,22,Tier 2,4.0,2149.38,537.345,2024-04-21,2024-02-01,14.0,2.0,71.0,182,0.7947019867549668,182,296.62
CUST00264,2023-07-04,Organic Search,46,Tier 3,14.0,13800.279999999999,985.7342857142856,2024-06-07,2023-07-28,33.0,6.0,24.0,363,1.238938053097345,363,20328.82
CUST00265,2023-11-12,Referral,25,Tier 1,17.0,26613.48,1565.4988235294118,2024-06-03,2023-11-23,48.0,6.0,28.0,232,2.307692307692308,232,42283.35
CUST00266,2023-08-30,Paid Ads,28,Tier 2,13.0,11376.46,875.1123076923076,2024-06-22,2023-09-13,34.0,6.0,9.0,306,1.3356164383561644,306,17900.7
CUST00267,2023-10-15,Referral,54,Tier 3,10.0,8605.29,860.5290000000001,2024-05-01,2023-12-10,23.0,5.0,61.0,260,1.4705882352941175,260,7661.54
CUST00268,2023-08-23,Social Media,20,Tier 1,7.0,7022.37,1003.1957142857143,2024-04-26,2023-08-27,12.0,4.0,66.0,313,0.6796116504854369,313,4208.26
CUST00269,2023-09-26,Social Media,44,Tier 1,5.0,3456.06,691.212,2024-06-01,2023-12-12,13.0,3.0,30.0,279,0.7425742574257426,279,0.0
CUST00270,2023-09-06,Paid Ads,32,Tier 2,3.0,1706.56,568.8533333333334,2024-06-23,2024-02-17,10.0,3.0,8.0,299,0.6666666666666667,299,1976.73
CUST00271,2023-11-06,Organic Search,34,Tier 1,25.0,39685.0,1587.4,2024-06-26,2023-12-11,59.0,6.0,5.0,238,3.6945812807881775,238,29895.44
CUST00272,2023-08-24,Paid Ads,35,Tier 1,19.0,28058.98,1476.7884210526315,2024-06-23,2023-09-20,37.0,5.0,8.0,312,2.0,312,42803.06
CUST00273,2023-07-03,Paid Ads,40,Tier 3,29.0,47165.64,1626.4013793103447,2024-06-21,2023-07-26,79.0,6.0,10.0,364,2.5513196480938416,364,57830.5
CUST00274,2023-12-13,Organic Search,22,Tier 2,10.0,16033.67,1603.367,2024-06-30,2023-12-13,23.0,5.0,1.0,201,1.492537313432836,201,34631.31
CUST00275,2023-10-29,Paid Ads,37,Tier 3,5.0,4400.77,880.1540000000001,2024-05-05,2024-01-14,9.0,3.0,57.0,246,0.8875739644970414,246,17903.3
CUST00276,2023-11-06,Paid Ads,20,Tier 3,10.0,10815.48,1081.548,2024-02-25,2023-11-23,22.0,5.0,127.0,238,1.3574660633484164,238,1817.3600000000001
CUST00277,2023-10-10,Email,57,Tier 1,20.0,35760.43,1788.0215,2024-06-21,2023-10-15,48.0,6.0,10.0,265,2.307692307692308,265,32145.71
CUST00278,2023-08-07,Email,27,Tier 1,7.0,5528.860000000001,789.8371428571429,2023-10-09,2023-08-21,17.0,4.0,266.0,329,0.6666666666666667,329,0.0
CUST00279,2023-09-23,Organic Search,37,Tier 1,11.0,9563.8,869.4363636363636,2024-04-15,2023-09-26,28.0,5.0,77.0,282,1.182795698924731,282,8411.71
CUST00280,2023-12-04,Referral,34,Tier 1,15.0,23890.49,1592.6993333333335,2024-06-16,2023-12-09,33.0,5.0,15.0,210,2.195121951219512,210,34628.78
CUST00281,2023-11-10,Organic Search,43,Tier 2,16.0,26976.97,1686.060625,2024-03-29,2023-11-15,35.0,6.0,94.0,234,2.096069868995633,234,0.0
CUST00282,2023-09-30,Paid Ads,36,Tier 2,5.0,3506.25,701.25,2024-05-08,2023-11-02,13.0,4.0,54.0,275,0.6198347107438017,275,1880.5600000000002
CUST00283,2023-07-21,Paid Ads,41,Tier 2,7.0,3543.02,506.1457142857143,2024-06-12,2023-08-27,19.0,3.0,19.0,346,0.6796116504854369,346,5146.9400000000005
CUST00284,2024-01-15,Social Media,39,Tier 1,2.0,921.73,460.865,2024-05-31,2024-03-29,6.0,2.0,31.0,168,0.6382978723404256,168,3028.66
CUST00285,2024-01-11,Organic Search,29,Tier 1,7.0,6522.31,931.7585714285715,2024-06-25,2024-02-02,21.0,5.0,6.0,172,1.4000000000000001,172,21318.04
CUST00286,2023-10-17,Paid Ads,57,Tier 2,6.0,3224.01,537.335,2024-05-24,2023-11-08,17.0,5.0,38.0,258,0.7627118644067797,258,2191.8199999999997
CUST00287,2023-08-16,Email,59,Tier 2,11.0,10713.71,973.9736363636363,2024-03-15,2023-09-04,30.0,4.0,108.0,320,1.0963455149501662,320,10342.130000000001
CUST00288,2023-09-22,Organic Search,22,Tier 1,15.0,12096.46,806.4306666666666,2024-06-30,2023-10-12,39.0,6.0,1.0,283,1.7110266159695817,283,16218.5
CUST00289,2023-09-21,Email,43,Tier 2,2.0,1124.01,562.005,2024-04-09,2024-03-06,5.0,2.0,83.0,284,0.5128205128205129,284,1699.12
CUST00290,2023-08-04,Referral,50,Tier 1,11.0,10786.46,980.5872727272726,2024-06-28,2023-10-05,35.0,5.0,3.0,332,1.2222222222222223,332,5918.36
CUST00291,2024-01-12,Referral,48,Tier 1,2.0,1257.31,628.655,2024-03-23,2024-03-22,8.0,2.0,100.0,171,0.594059405940594,171,2851.61
CUST00292,2023-09-07,Organic Search,44,Tier 2,3.0,1598.95,532.9833333333333,2024-03-13,2023-09-30,6.0,2.0,110.0,298,0.32727272727272727,298,0.0
CUST00293,2023-11-06,Organic Search,54,Tier 1,14.0,22835.26,1631.09,2024-06-27,2023-11-06,37.0,5.0,4.0,238,1.7647058823529411,238,14951.45
CUST00294,2024-01-12,Paid Ads,52,Tier 2,3.0,1827.1999999999998,609.0666666666666,2024-06-16,2024-01-16,6.0,3.0,15.0,171,0.5389221556886228,171,3541.55
CUST00295,2023-11-17,Paid Ads,27,Tier 1,1.0,420.16,420.16,2024-05-11,2024-05-11,4.0,1.0,51.0,227,0.5882352941176471,227,655.52
CUST00296,2024-01-04,Organic Search,30,Tier 1,9.0,10044.93,1116.1033333333335,2024-06-30,2024-01-09,22.0,5.0,1.0,179,1.5517241379310345,179,9528.66
CUST00297,2023-07-27,Organic Search,20,Tier 1,24.0,40490.67,1687.11125,2024-06-10,2023-07-27,51.0,6.0,21.0,340,2.1176470588235294,340,35393.44
CUST00298,2023-08-25,Referral,56,Tier 3,3.0,1308.66,436.22,2024-04-27,2023-10-06,5.0,2.0,65.0,311,0.33457249070631967,311,957.36
CUST00299,2023-07-23,Referral,23,Tier 2,8.0,6116.61,764.57625,2024-06-21,2023-09-29,16.0,5.0,10.0,344,0.8695652173913043,344,10069.64
CUST00300,2023-11-30,Organic Search,23,Tier 3,2.0,847.27,423.635,2024-06-23,2024-01-01,7.0,2.0,8.0,214,0.3296703296703297,214,4532.26
CUST00301,2023-07-21,Paid Ads,40,Tier 2,2.0,971.05,485.525,2023-08-11,2023-08-03,3.0,2.0,325.0,346,0.18018018018018017,346,2285.8399999999997
CUST00302,2023-08-30,Paid Ads,23,Tier 2,7.0,6137.16,876.7371428571429,2024-04-12,2023-10-20,20.0,4.0,80.0,306,0.8235294117647058,306,17046.21
CUST00303,2023-09-01,Organic Search,22,Tier 1,10.0,8891.57,889.1569999999999,2024-06-21,2023-09-26,29.0,5.0,10.0,304,1.075268817204301,304,5618.88
CUST00304,2023-10-30,Email,27,Tier 1,6.0,4935.23,822.5383333333333,2024-06-25,2023-12-28,17.0,5.0,6.0,245,0.967741935483871,245,16789.77
CUST00305,2023-08-21,Email,47,Tier 1,14.0,13684.49,977.4635714285714,2024-05-16,2023-08-28,32.0,6.0,46.0,315,1.3636363636363638,315,9291.06
CUST00306,2023-09-26,Social Media,40,Tier 1,42.0,141854.75,3377.4940476190477,2024-06-30,2023-09-27,111.0,6.0,1.0,279,4.532374100719425,279,201330.79
CUST00307,2023-11-30,Social Media,45,Tier 2,9.0,9550.57,1061.1744444444444,2024-06-29,2023-12-01,24.0,5.0,2.0,214,1.267605633802817,214,12633.92
CUST00308,2023-08-24,Paid Ads,28,Tier 1,3.0,1602.73,534.2433333333333,2024-07-01,2023-11-24,12.0,3.0,0.0,312,0.40909090909090906,312,1135.1999999999998
CUST00309,2023-08-15,Email,34,Tier 1,25.0,41067.87,1642.7148000000002,2024-06-24,2023-09-05,70.0,6.0,7.0,321,2.5,321,36658.24
CUST00310,2023-08-01,Organic Search,28,Tier 1,3.0,2086.6800000000003,695.5600000000001,2024-03-11,2023-11-26,8.0,3.0,112.0,335,0.41284403669724773,335,3001.8199999999997
CUST00311,2023-08-24,Email,24,Tier 1,10.0,10277.32,1027.732,2024-04-19,2023-09-28,26.0,5.0,73.0,312,1.0830324909747293,312,7113.03
CUST00312,2023-10-04,Paid Ads,23,Tier 2,3.0,2331.55,777.1833333333334,2024-04-02,2023-11-24,11.0,2.0,90.0,271,0.40909090909090906,271,2234.6800000000003
CUST00313,2023-11-10,Organic Search,24,Tier 3,4.0,1888.78,472.195,2024-04-08,2024-02-02,8.0,3.0,84.0,234,0.8,234,3040.5
CUST00314,2023-08-05,Organic Search,43,Tier 1,45.0,144613.11,3213.624666666666,2024-06-23,2023-08-06,102.0,6.0,8.0,331,4.090909090909091,331,140455.13999999998
CUST00315,2023-10-18,Organic Search,22,Tier 1,22.0,35665.66,1621.1663636363637,2024-06-14,2023-10-27,61.0,5.0,17.0,257,2.6612903225806455,257,42635.02
CUST00316,2023-12-24,Referral,58,Tier 1,6.0,6215.87,1035.9783333333332,2024-06-26,2024-01-06,16.0,5.0,5.0,190,1.0169491525423728,190,8030.57
CUST00317,2023-10-14,Organic Search,50,Tier 3,4.0,3108.3,777.075,2024-03-07,2023-11-22,13.0,2.0,116.0,261,0.5405405405405406,261,6039.67
CUST00318,2023-08-27,Organic Search,53,Tier 1,8.0,4092.79,511.59875,2024-06-04,2023-10-06,20.0,5.0,27.0,309,0.8921933085501859,309,1067.93
CUST00319,2023-08-08,Paid Ads,28,Tier 2,8.0,4474.08,559.26,2024-05-15,2023-08-30,19.0,5.0,47.0,328,0.7843137254901961,328,1383.08
CUST00320,2023-09-18,Email,52,Tier 2,1.0,502.52,502.52,2024-05-18,2024-05-18,4.0,1.0,44.0,287,0.6818181818181819,287,1090.8600000000001
CUST00321,2023-10-05,Organic Search,54,Tier 1,15.0,12402.5,826.8333333333334,2024-06-26,2023-10-30,49.0,5.0,5.0,270,1.836734693877551,270,19973.6
CUST00322,2023-10-21,Referral,24,Tier 1,5.0,4806.12,961.2239999999999,2024-06-25,2023-11-16,16.0,4.0,6.0,254,0.6578947368421052,254,14914.95
CUST00323,2023-08-30,Social Media,34,Tier 1,6.0,5538.12,923.02,2024-04-29,2023-12-10,14.0,4.0,63.0,306,0.8823529411764706,306,10724.89
CUST00324,2023-11-14,Email,37,Tier 3,2.0,637.74,318.87,2024-05-25,2024-01-19,4.0,2.0,37.0,230,0.36585365853658536,230,1885.96
CUST00325,2023-07-06,Email,52,Tier 2,66.0,212836.49,3224.795303030303,2024-06-29,2023-07-24,174.0,6.0,2.0,361,5.772594752186589,361,158281.62
CUST00326,2023-10-17,Organic Search,43,Tier 2,5.0,4821.5599999999995,964.3119999999999,2024-04-02,2023-12-07,15.0,3.0,90.0,258,0.7246376811594203,258,0.0
CUST00327,2023-08-04,Paid Ads,49,Tier 2,15.0,16140.11,1076.0073333333335,2024-05-15,2023-08-23,41.0,6.0,47.0,332,1.4376996805111821,332,13747.050000000001
CUST00328,2023-08-08,Social Media,59,Tier 2,11.0,11034.76,1003.16,2024-05-10,2023-08-13,27.0,5.0,52.0,328,1.021671826625387,328,7117.21
CUST00329,2023-11-27,Organic Search,35,Tier 2,6.0,4534.37,755.7283333333334,2024-05-22,2024-01-06,6.0,5.0,40.0,217,1.0169491525423728,217,11604.64
CUST00330,2023-12-16,Organic Search,48,Tier 1,2.0,936.73,468.365,2024-02-03,2024-01-21,6.0,1.0,149.0,198,0.37037037037037035,198,4397.26
CUST00331,2023-10-26,Email,57,Tier 1,3.0,2127.52,709.1733333333333,2024-06-19,2023-12-04,5.0,1.0,12.0,249,0.42857142857142855,249,1599.0700000000002
CUST00332,2023-07-05,Organic Search,49,Tier 1,27.0,39112.33,1448.604814814815,2024-07-01,2023-07-09,67.0,6.0,0.0,362,2.2625698324022347,362,49257.11
CUST00333,2023-12-17,Referral,37,Tier 2,1.0,380.28,380.28,2024-04-16,2024-04-16,2.0,1.0,76.0,197,0.39473684210526316,197,3234.8
CUST00334,2023-09-25,Organic Search,53,Tier 1,6.0,3947.7,657.9499999999999,2024-04-14,2023-11-23,15.0,6.0,78.0,280,0.8144796380090498,280,2886.33
CUST00335,2023-09-14,Social Media,47,Tier 2,2.0,1440.65,720.325,2024-02-15,2023-10-18,6.0,2.0,137.0,291,0.23346303501945526,291,2726.33
CUST00336,2024-01-11,Paid Ads,19,Tier 1,2.0,1136.88,568.44,2024-06-11,2024-05-01,3.0,2.0,20.0,172,0.9836065573770493,172,2098.06
CUST00337,2023-12-05,Social Media,22,Tier 3,14.0,22117.4,1579.814285714286,2024-06-22,2023-12-08,44.0,5.0,9.0,209,2.0388349514563107,209,47600.93
CUST00338,2023-08-26,Paid Ads,46,Tier 1,10.0,9986.44,998.644,2024-06-23,2023-10-15,24.0,5.0,8.0,310,1.153846153846154,310,4779.01
CUST00339,2023-11-04,Paid Ads,36,Tier 1,16.0,14916.52,932.2825,2024-06-24,2023-11-30,30.0,5.0,7.0,240,2.2429906542056073,240,10706.68
CUST00340,2023-07-29,Social Media,44,Tier 3,3.0,1580.4700000000003,526.8233333333334,2024-03-08,2023-09-02,7.0,3.0,115.0,338,0.297029702970297,338,3935.31
CUST00341,2023-12-12,Paid Ads,58,Tier 1,11.0,9278.28,843.48,2024-05-23,2024-01-16,31.0,6.0,39.0,202,1.976047904191617,202,11673.22
CUST00342,2023-09-25,Paid Ads,37,Tier 3,10.0,10547.51,1054.751,2024-05-10,2023-10-16,24.0,4.0,52.0,280,1.1583011583011582,280,18173.52
CUST00343,2023-11-18,Paid Ads,24,Tier 1,5.0,3305.06,661.012,2024-03-09,2023-11-19,10.0,4.0,114.0,226,0.6666666666666667,226,2256.75
CUST00344,2023-12-07,Social Media,19,Tier 1,9.0,6753.48,750.3866666666667,2024-03-06,2023-12-17,21.0,5.0,117.0,207,1.3705583756345177,207,15515.460000000001
CUST00345,2023-08-15,Paid Ads,26,Tier 2,6.0,3771.83,628.6383333333333,2024-06-19,2023-10-29,17.0,3.0,12.0,321,0.7317073170731707,321,551.38
CUST00346,2023-10-24,Referral,51,Tier 3,12.0,11789.77,982.4808333333334,2024-05-29,2023-11-28,32.0,6.0,33.0,251,1.6666666666666665,251,12350.89
CUST00347,2023-10-20,Organic Search,39,Tier 1,4.0,2920.12,730.03,2024-06-28,2023-12-08,8.0,3.0,3.0,255,0.5825242718446602,255,11370.18
CUST00348,2023-11-28,Paid Ads,42,Tier 3,2.0,1306.81,653.405,2024-02-12,2023-12-23,5.0,2.0,140.0,216,0.31413612565445026,216,531.68
CUST00349,2023-08-14,Social Media,43,Tier 2,3.0,1428.35,476.1166666666666,2024-05-18,2023-08-28,9.0,3.0,44.0,322,0.2922077922077922,322,5541.51
CUST00350,2023-11-22,Email,37,Tier 3,10.0,9580.54,958.0540000000001,2024-04-14,2023-11-22,25.0,5.0,78.0,222,1.3513513513513513,222,13161.21
CUST00351,2023-10-12,Social Media,47,Tier 1,10.0,10108.11,1010.811,2024-06-04,2023-11-15,33.0,5.0,27.0,263,1.3100436681222707,263,11813.87
CUST00352,2023-09-23,Referral,28,Tier 1,14.0,24434.5,1745.3214285714287,2024-03-06,2023-10-02,27.0,6.0,117.0,282,1.5384615384615383,282,0.0
CUST00353,2024-01-10,Paid Ads,30,Tier 3,3.0,2867.0299999999997,955.6766666666666,2024-05-06,2024-03-05,8.0,3.0,56.0,173,0.7627118644067797,173,9093.79
CUST00354,2023-11-11,Organic Search,51,Tier 3,3.0,1195.19,398.3966666666667,2024-06-27,2024-05-08,7.0,3.0,4.0,233,1.6666666666666665,233,673.24
CUST00355,2023-10-16,Organic Search,25,Tier 2,4.0,2000.2,500.05,2024-06-16,2023-11-03,7.0,3.0,15.0,259,0.4979253112033195,259,4214.61
CUST00356,2023-07-18,Social Media,35,Tier 1,9.0,8123.72,902.6355555555556,2024-07-01,2023-08-13,25.0,4.0,0.0,349,0.8359133126934984,349,11046.16
CUST00357,2023-10-02,Social Media,28,Tier 1,6.0,3440.48,573.4133333333333,2024-05-18,2024-01-02,16.0,4.0,44.0,273,0.9944751381215469,273,2924.3
CUST00358,2023-11-27,Organic Search,49,Tier 2,10.0,7689.280000000001,768.9280000000001,2024-06-09,2023-12-10,19.0,4.0,22.0,217,1.4705882352941175,217,12911.44
CUST00359,2023-08-02,Organic Search,24,Tier 1,27.0,44096.3,1633.1962962962964,2024-06-18,2023-08-14,69.0,6.0,13.0,334,2.515527950310559,334,31834.52
CUST00360,2023-12-05,Organic Search,35,Tier 1,6.0,5099.11,849.8516666666666,2024-06-19,2024-01-19,19.0,4.0,12.0,209,1.097560975609756,209,11425.85
CUST00361,2023-11-03,Social Media,55,Tier 1,1.0,526.55,526.55,2023-11-04,2023-11-04,3.0,1.0,240.0,241,0.125,241,3007.36
CUST00362,2023-12-07,Paid Ads,36,Tier 2,7.0,6372.06,910.2942857142858,2024-06-21,2024-01-12,18.0,5.0,10.0,207,1.2280701754385963,207,12160.51
CUST00363,2023-12-17,Paid Ads,44,Tier 1,11.0,10876.54,988.7763636363637,2024-06-26,2023-12-31,24.0,6.0,5.0,197,1.8032786885245902,197,7760.9
CUST00364,2023-10-30,Paid Ads,34,Tier 2,11.0,9371.65,851.9681818181817,2024-06-27,2023-12-01,24.0,5.0,4.0,245,1.5492957746478875,245,15650.13
CUST00365,2023-11-15,Social Media,26,Tier 2,18.0,31869.23,1770.5127777777777,2024-05-31,2023-11-25,41.0,6.0,31.0,229,2.4657534246575343,229,34426.03
CUST00366,2023-10-23,Email,42,Tier 2,3.0,1918.63,639.5433333333334,2024-03-27,2023-12-27,7.0,2.0,96.0,252,0.4812834224598931,252,2600.2
CUST00367,2023-12-11,Email,31,Tier 1,31.0,103572.19,3341.0383870967744,2024-06-20,2023-12-11,86.0,6.0,11.0,203,4.58128078817734,203,116591.72
CUST00368,2023-12-09,Organic Search,47,Tier 1,17.0,28597.489999999998,1682.2052941176469,2024-06-25,2024-02-17,45.0,5.0,6.0,205,3.7777777777777772,205,29694.75
CUST00369,2023-07-28,Paid Ads,50,Tier 2,0.0,0.0,0.0,,,0.0,0.0,360.0,339,0.0,339,2215.33
CUST00370,2023-07-11,Social Media,42,Tier 3,6.0,2921.21,486.86833333333334,2024-06-28,2023-07-11,16.0,5.0,3.0,356,0.5056179775280899,356,2905.2599999999998
CUST00371,2023-12-14,Referral,34,Tier 2,1.0,599.28,599.28,2024-05-01,2024-05-01,1.0,1.0,61.0,200,0.49180327868852464,200,2512.05
CUST00372,2023-08-16,Organic Search,29,Tier 3,3.0,1400.8700000000001,466.9566666666667,2024-04-13,2023-09-12,7.0,3.0,79.0,320,0.30716723549488056,320,4277.59
CUST00373,2023-11-04,Organic Search,50,Tier 2,5.0,2616.19,523.238,2024-05-14,2023-11-25,10.0,5.0,48.0,240,0.684931506849315,240,3476.14
CUST00374,2023-11-24,Organic Search,24,Tier 2,5.0,4522.34,904.4680000000001,2024-06-25,2023-12-07,10.0,3.0,6.0,220,0.7246376811594203,220,6778.3
CUST00375,2023-10-26,Paid Ads,53,Tier 1,4.0,2127.9700000000003,531.9925000000001,2024-03-18,2023-11-13,8.0,3.0,105.0,249,0.5194805194805194,249,2026.57
CUST00376,2023-11-20,Social Media,51,Tier 1,2.0,793.8599999999999,396.92999999999995,2024-05-29,2024-01-03,3.0,2.0,33.0,224,0.33333333333333337,224,4488.24
CUST00377,2023-11-03,Organic Search,36,Tier 2,18.0,32934.18,1829.6766666666667,2024-06-21,2023-11-03,47.0,6.0,10.0,241,2.240663900414938,241,51376.6
CUST00378,2023-12-03,Paid Ads,55,Tier 1,1.0,629.84,629.84,2024-01-07,2024-01-07,4.0,1.0,176.0,211,0.17045454545454547,211,0.0
CUST00379,2023-11-29,Paid Ads,31,Tier 2,27.0,41074.56,1521.28,2024-06-21,2023-12-07,60.0,6.0,10.0,215,3.9130434782608696,215,47552.72
CUST00380,2023-09-10,Organic Search,28,Tier 1,5.0,2802.37,560.4739999999999,2024-03-15,2024-01-26,8.0,4.0,108.0,295,0.9554140127388535,295,677.58
CUST00381,2023-10-15,Paid Ads,55,Tier 2,3.0,1182.35,394.1166666666666,2024-06-18,2024-03-08,5.0,2.0,13.0,260,0.7826086956521738,260,4133.77
CUST00382,2023-11-14,Organic Search,44,Tier 2,9.0,6744.6900000000005,749.4100000000001,2024-06-14,2023-11-24,19.0,6.0,17.0,230,1.2272727272727273,230,8381.41
CUST00383,2023-12-22,Paid Ads,35,Tier 2,7.0,5339.7,762.8142857142857,2024-06-24,2024-01-09,17.0,4.0,7.0,192,1.206896551724138,192,0.0
CUST00384,2023-08-02,Social Media,19,Tier 3,21.0,37632.02,1792.0009523809522,2024-05-11,2023-08-18,47.0,6.0,51.0,334,1.9811320754716981,334,64708.340000000004
CUST00385,2024-01-06,Paid Ads,43,Tier 1,8.0,7385.81,923.22625,2024-05-11,2024-01-16,18.0,5.0,51.0,177,1.437125748502994,177,7349.46
CUST00386,2023-07-19,Organic Search,52,Tier 1,33.0,58167.3,1762.6454545454546,2024-06-23,2023-07-19,91.0,6.0,8.0,348,2.8448275862068964,348,8514.05
CUST00387,2024-01-11,Referral,57,Tier 1,2.0,979.4200000000001,489.71000000000004,2024-05-20,2024-04-12,4.0,2.0,42.0,172,0.75,172,720.39
CUST00388,2023-09-12,Email,28,Tier 3,4.0,2101.33,525.3325,2024-02-16,2023-11-18,9.0,4.0,136.0,293,0.5309734513274336,293,1821.8600000000001
CUST00389,2023-12-15,Social Media,38,Tier 2,18.0,31840.0,1768.888888888889,2024-07-01,2023-12-19,54.0,6.0,0.0,199,2.769230769230769,199,37582.28
CUST00390,2023-12-22,Organic Search,25,Tier 2,11.0,18601.09,1691.0081818181818,2024-06-21,2024-02-17,30.0,6.0,10.0,192,2.4444444444444446,192,54129.17
CUST00391,2024-01-09,Organic Search,34,Tier 1,28.0,94964.42,3391.5864285714283,2024-06-28,2024-01-27,68.0,6.0,3.0,174,5.384615384615385,174,193411.21
CUST00392,2023-12-04,Organic Search,55,Tier 2,8.0,7812.73,976.59125,2024-06-10,2023-12-31,21.0,3.0,21.0,210,1.3114754098360655,210,11391.48
CUST00393,2023-12-25,Organic Search,47,Tier 1,1.0,628.02,628.02,2024-01-26,2024-01-26,3.0,1.0,157.0,189,0.1910828025477707,189,2156.94
CUST00394,2023-10-06,Paid Ads,30,Tier 2,22.0,34658.64,1575.3927272727271,2024-06-23,2023-10-06,50.0,6.0,8.0,269,2.453531598513011,269,11536.01
CUST00395,2023-11-18,Referral,35,Tier 3,3.0,1990.29,663.43,2024-06-12,2024-01-15,7.0,3.0,19.0,226,0.5357142857142857,226,1365.3899999999999
CUST00396,2023-11-06,Paid Ads,38,Tier 2,22.0,39517.29,1796.2404545454547,2024-06-24,2023-11-17,60.0,6.0,7.0,238,2.907488986784141,238,42244.229999999996
CUST00397,2023-12-09,Organic Search,44,Tier 2,30.0,49602.86,1653.4286666666667,2024-06-27,2023-12-09,70.0,6.0,4.0,205,4.390243902439024,205,45874.13
CUST00398,2023-10-01,Email,37,Tier 2,5.0,4776.889999999999,955.3779999999999,2024-03-25,2023-10-20,9.0,4.0,98.0,274,0.5882352941176471,274,14935.06
CUST00399,2023-12-23,Organic Search,30,Tier 2,24.0,38581.86,1607.5775,2024-06-09,2023-12-31,59.0,6.0,22.0,191,3.934426229508197,191,48598.3
CUST00400,2023-08-17,Email,39,Tier 1,23.0,40598.24,1765.1408695652174,2024-06-26,2023-08-19,62.0,6.0,5.0,319,2.1766561514195586,319,14859.22
CUST00401,2023-12-24,Email,52,Tier 2,1.0,947.38,947.38,2023-12-27,2023-12-27,1.0,1.0,187.0,190,0.16042780748663102,190,3085.88
CUST00402,2023-09-02,Social Media,25,Tier 1,34.0,61232.1,1800.9441176470589,2024-05-23,2023-09-03,85.0,6.0,39.0,303,3.3774834437086096,303,52084.75
CUST00403,2023-08-30,Referral,53,Tier 1,13.0,14266.08,1097.3907692307691,2024-07-01,2023-11-22,30.0,6.0,0.0,306,1.7567567567567568,306,16001.12
CUST00404,2023-12-04,Organic Search,33,Tier 1,17.0,30974.57,1822.0335294117647,2024-06-28,2023-12-12,48.0,6.0,3.0,210,2.5247524752475248,210,37384.96
CUST00405,2023-08-08,Paid Ads,19,Tier 2,4.0,1737.47,434.3675,2024-04-25,2023-12-08,8.0,3.0,67.0,328,0.5825242718446602,328,1452.49
CUST00406,2023-11-05,Referral,44,Tier 1,15.0,25498.5,1699.9,2024-05-31,2023-12-08,42.0,6.0,31.0,239,2.1844660194174756,239,60071.74
CUST00407,2023-09-26,Social Media,53,Tier 2,7.0,4205.09,600.7271428571429,2024-04-20,2023-11-11,20.0,5.0,72.0,279,0.9012875536480687,279,4944.37
CUST00408,2023-07-26,Paid Ads,43,Tier 1,7.0,3530.9900000000002,504.4271428571429,2024-06-20,2023-11-06,16.0,4.0,11.0,341,0.8823529411764706,341,3297.66
CUST00409,2023-07-17,Referral,33,Tier 1,20.0,29906.510000000002,1495.3255000000001,2024-06-30,2023-07-18,45.0,6.0,1.0,350,1.7191977077363898,350,35409.88
CUST00410,2023-09-09,Organic Search,40,Tier 2,3.0,2005.2599999999998,668.42,2023-12-21,2023-09-29,6.0,3.0,193.0,296,0.32608695652173914,296,4762.53
CUST00411,2023-07-13,Referral,24,Tier 1,4.0,2183.26,545.815,2024-02-21,2023-10-01,11.0,4.0,131.0,354,0.437956204379562,354,0.0
CUST00412,2023-09-07,Organic Search,33,Tier 2,49.0,147165.95,3003.3867346938778,2024-06-23,2023-09-30,119.0,6.0,8.0,298,5.345454545454546,298,109765.71
CUST00413,2023-07-26,Paid Ads,42,Tier 2,61.0,218390.2,3580.1672131147543,2024-06-27,2023-08-07,159.0,6.0,4.0,341,5.562310030395137,341,150559.68
CUST00414,2023-08-18,Social Media,39,Tier 3,14.0,13933.74,995.2671428571429,2024-05-03,2023-10-15,28.0,6.0,59.0,318,1.6153846153846154,318,18007.27
CUST00415,2024-01-11,Organic Search,25,Tier 2,6.0,6597.18,1099.53,2024-06-28,2024-03-17,18.0,4.0,3.0,172,1.6981132075471699,172,7616.29
CUST00416,2023-07-07,Paid Ads,47,Tier 1,12.0,10951.57,912.6308333333333,2024-05-08,2023-08-31,32.0,5.0,54.0,360,1.1803278688524592,360,11222.67
CUST00417,2023-08-27,Paid Ads,50,Tier 1,2.0,1139.46,569.73,2023-12-19,2023-10-01,7.0,2.0,195.0,309,0.218978102189781,309,3274.66
CUST00418,2023-08-18,Referral,50,Tier 1,5.0,2625.94,525.188,2024-03-15,2023-08-28,13.0,3.0,108.0,318,0.48701298701298695,318,1535.9
CUST00419,2023-10-11,Social Media,23,Tier 3,12.0,12398.37,1033.1975,2024-05-19,2023-11-09,24.0,6.0,43.0,264,1.5319148936170213,264,10866.38
CUST00420,2023-08-22,Social Media,22,Tier 1,18.0,28084.81,1560.2672222222222,2024-06-15,2023-09-08,47.0,6.0,16.0,314,1.8181818181818183,314,39477.47
CUST00421,2024-01-09,Email,40,Tier 1,16.0,24936.920000000002,1558.5575000000001,2024-06-28,2024-01-10,47.0,6.0,3.0,174,2.7745664739884393,174,32171.45
CUST00422,2023-08-31,Social Media,36,Tier 1,16.0,27625.95,1726.621875,2024-06-15,2023-09-20,44.0,6.0,16.0,305,1.6842105263157896,305,11091.79
CUST00423,2023-07-17,Paid Ads,53,Tier 3,4.0,3000.43,750.1075,2024-05-23,2023-07-18,9.0,2.0,39.0,350,0.3438395415472779,350,3052.2799999999997
CUST00424,2023-12-18,Paid Ads,35,Tier 1,7.0,7353.26,1050.4657142857143,2024-06-22,2023-12-19,18.0,5.0,9.0,196,1.0769230769230769,196,11217.57
CUST00425,2023-07-25,Social Media,42,Tier 3,6.0,3864.79,644.1316666666667,2024-03-21,2023-08-22,17.0,5.0,102.0,342,0.5732484076433121,342,1141.21
CUST00426,2023-11-08,Paid Ads,20,Tier 1,7.0,5117.5,731.0714285714286,2024-06-29,2023-12-13,18.0,4.0,2.0,236,1.0447761194029852,236,18055.51
CUST00427,2023-07-29,Organic Search,31,Tier 1,14.0,11855.86,846.8471428571429,2024-06-20,2023-08-02,36.0,6.0,11.0,338,1.2574850299401197,338,8629.98
CUST00428,2023-10-25,Organic Search,33,Tier 1,22.0,37887.26,1722.148181818182,2024-06-24,2023-11-06,58.0,6.0,7.0,250,2.773109243697479,250,57488.2
CUST00429,2023-12-07,Organic Search,23,Tier 3,4.0,2150.35,537.5875,2024-03-04,2023-12-07,9.0,3.0,119.0,207,0.5797101449275363,207,1325.57
CUST00430,2023-07-26,Social Media,21,Tier 3,5.0,3233.61,646.722,2024-06-24,2023-11-17,8.0,2.0,7.0,341,0.6607929515418502,341,1239.1599999999999
CUST00431,2023-11-01,Paid Ads,55,Tier 1,3.0,1754.26,584.7533333333333,2024-06-26,2024-01-27,9.0,3.0,5.0,243,0.576923076923077,243,2635.99
CUST00432,2023-11-21,Social Media,55,Tier 1,16.0,23070.95,1441.934375,2024-06-19,2023-11-25,38.0,5.0,12.0,223,2.191780821917808,223,32158.54
CUST00433,2023-07-25,Paid Ads,55,Tier 2,24.0,21877.02,911.5425,2024-06-23,2023-08-13,60.0,6.0,8.0,342,2.2291021671826625,342,16073.55
CUST00434,2023-08-23,Organic Search,21,Tier 1,7.0,4531.22,647.3171428571429,2024-06-26,2023-09-18,15.0,4.0,5.0,313,0.7317073170731707,313,3464.3100000000004
CUST00435,2023-12-03,Paid Ads,53,Tier 1,1.0,998.39,998.39,2024-03-17,2024-03-17,1.0,1.0,106.0,211,0.2830188679245283,211,0.0
CUST00436,2023-09-11,Social Media,41,Tier 1,4.0,3234.65,808.6625,2024-06-06,2023-09-30,9.0,3.0,25.0,294,0.43636363636363634,294,10702.71
CUST00437,2023-10-28,Email,46,Tier 1,5.0,2536.66,507.332,2024-06-01,2023-12-25,13.0,3.0,30.0,247,0.7936507936507936,247,1862.1599999999999
CUST00438,2023-08-25,Referral,48,Tier 1,19.0,32857.45,1729.3394736842104,2024-06-15,2023-08-28,52.0,6.0,16.0,311,1.8506493506493507,311,8819.15
CUST00439,2023-09-03,Email,36,Tier 1,13.0,11461.029999999999,881.6176923076922,2024-06-03,2023-09-11,39.0,6.0,28.0,302,1.3265306122448979,302,13048.54
CUST00440,2023-10-01,Email,54,Tier 1,4.0,1715.6399999999999,428.90999999999997,2024-05-27,2023-11-25,11.0,3.0,35.0,274,0.547945205479452,274,3562.06
CUST00441,2023-09-24,Email,51,Tier 3,4.0,2609.38,652.345,2024-02-18,2023-10-18,12.0,3.0,134.0,281,0.4669260700389105,281,1238.09
CUST00442,2023-09-18,Referral,44,Tier 1,38.0,114924.78,3024.3363157894737,2024-06-22,2023-09-18,104.0,6.0,9.0,287,3.9721254355400695,287,181649.16
CUST00443,2023-12-16,Social Media,58,Tier 2,6.0,3085.23,514.205,2024-05-22,2024-01-15,13.0,4.0,40.0,198,1.0714285714285714,198,5544.55
CUST00444,2023-10-16,Organic Search,35,Tier 1,1.0,281.49,281.49,2023-10-29,2023-10-29,1.0,1.0,246.0,259,0.12195121951219513,259,2011.0
CUST00445,2023-12-26,Paid Ads,58,Tier 2,8.0,12702.1,1587.7625,2024-06-26,2024-01-23,16.0,5.0,5.0,188,1.5,188,47143.1
CUST00446,2023-10-26,Email,25,Tier 1,20.0,32556.3,1627.815,2024-06-20,2023-10-26,52.0,6.0,11.0,249,2.4096385542168672,249,47529.19
CUST00447,2024-01-15,Social Media,26,Tier 2,22.0,74760.75,3398.215909090909,2024-07-01,2024-01-21,47.0,6.0,0.0,168,4.0740740740740735,168,145314.63
CUST00448,2023-12-04,Organic Search,49,Tier 1,9.0,14590.039999999999,1621.1155555555554,2024-06-24,2023-12-07,17.0,5.0,7.0,210,1.3043478260869565,210,35167.88
CUST00449,2023-09-21,Social Media,30,Tier 3,0.0,0.0,0.0,,,0.0,0.0,360.0,284,0.0,284,1318.73
CUST00450,2023-11-24,Referral,49,Tier 1,2.0,1031.8700000000001,515.9350000000001,2024-05-08,2023-12-19,3.0,2.0,54.0,220,0.3076923076923077,220,2519.4300000000003
CUST00451,2024-01-10,Organic Search,37,Tier 1,15.0,26235.57,1749.038,2024-06-29,2024-01-19,34.0,5.0,2.0,173,2.74390243902439,173,41250.71
CUST00452,2023-12-16,Social Media,28,Tier 3,8.0,5866.53,733.31625,2024-06-20,2023-12-24,20.0,4.0,11.0,198,1.263157894736842,198,7591.17
CUST00453,2023-12-20,Organic Search,57,Tier 2,12.0,11756.89,979.7408333333333,2024-06-19,2024-01-01,27.0,5.0,12.0,194,1.978021978021978,194,12516.32
CUST00454,2023-07-15,Organic Search,30,Tier 1,28.0,45461.12,1623.6114285714286,2024-06-15,2023-07-20,75.0,6.0,16.0,352,2.4207492795389047,352,45749.06
CUST00455,2023-11-08,Organic Search,38,Tier 3,7.0,3765.16,537.88,2024-06-10,2023-12-03,18.0,5.0,21.0,236,0.9952606635071091,236,1513.61
CUST00456,2023-11-16,Organic Search,55,Tier 1,12.0,12477.75,1039.8125,2024-06-07,2023-11-30,27.0,5.0,24.0,228,1.6822429906542056,228,7326.93
CUST00457,2023-12-28,Social Media,59,Tier 1,3.0,2038.8600000000001,679.62,2024-03-16,2024-01-22,7.0,2.0,107.0,186,0.5590062111801243,186,1466.8
CUST00458,2023-12-21,Organic Search,25,Tier 3,7.0,6867.41,981.0585714285714,2024-06-18,2023-12-22,20.0,4.0,13.0,193,1.09375,193,10559.39
CUST00459,2023-07-30,Organic Search,32,Tier 1,7.0,3929.66,561.38,2024-04-20,2023-08-21,21.0,3.0,72.0,337,0.6666666666666667,337,6246.97
CUST00460,2023-08-26,Organic Search,29,Tier 3,0.0,0.0,0.0,,,0.0,0.0,360.0,310,0.0,310,4140.71
CUST00461,2023-11-23,Organic Search,25,Tier 1,0.0,0.0,0.0,,,0.0,0.0,360.0,221,0.0,221,2985.16
CUST00462,2023-12-26,Organic Search,47,Tier 2,11.0,9213.6,837.6,2024-05-27,2024-01-14,23.0,5.0,35.0,188,1.952662721893491,188,3524.6800000000003
CUST00463,2023-11-05,Email,28,Tier 2,9.0,7379.22,819.9133333333334,2024-05-30,2024-01-02,24.0,5.0,32.0,239,1.4917127071823204,239,9233.62
CUST00464,2023-08-17,Organic Search,47,Tier 3,11.0,8816.02,801.4563636363637,2024-04-26,2023-08-26,35.0,5.0,66.0,319,1.064516129032258,319,5861.8
CUST00465,2024-01-10,Social Media,27,Tier 2,37.0,114273.84,3088.4821621621622,2024-07-01,2024-01-12,91.0,6.0,0.0,173,6.491228070175438,173,173199.92
CUST00466,2023-11-13,Social Media,54,Tier 1,1.0,713.09,713.09,2024-06-12,2024-06-12,4.0,1.0,19.0,231,1.5789473684210527,231,1108.86
CUST00467,2023-07-22,Organic Search,28,Tier 2,7.0,4125.98,589.4257142857142,2024-03-29,2023-10-08,15.0,3.0,94.0,345,0.7865168539325843,345,1583.55
CUST00468,2023-07-06,Social Media,37,Tier 1,26.0,44918.68,1727.6415384615384,2024-05-21,2023-07-13,57.0,6.0,41.0,361,2.2033898305084745,361,31521.5
CUST00469,2024-01-01,Organic Search,49,Tier 2,5.0,2451.07,490.21400000000006,2024-05-16,2024-03-23,12.0,3.0,46.0,182,1.5,182,2592.3199999999997
CUST00470,2023-10-12,Organic Search,35,Tier 3,39.0,128320.65,3290.2730769230766,2024-06-29,2023-10-26,87.0,6.0,2.0,263,4.698795180722891,263,144444.07
CUST00471,2023-08-05,Organic Search,27,Tier 2,6.0,3528.2,588.0333333333333,2024-06-08,2023-08-14,15.0,4.0,23.0,331,0.5590062111801243,331,3378.6
CUST00472,2023-09-17,Paid Ads,51,Tier 2,46.0,150320.64,3267.84,2024-07-01,2023-09-20,124.0,6.0,0.0,288,4.842105263157895,288,155215.06
CUST00473,2023-10-24,Paid Ads,52,Tier 1,8.0,4173.7,521.7125,2024-05-19,2023-11-05,23.0,4.0,43.0,251,1.00418410041841,251,1925.65
CUST00474,2023-08-26,Social Media,42,Tier 2,18.0,25274.61,1404.145,2024-06-11,2023-09-30,51.0,6.0,20.0,310,1.9636363636363638,310,63305.5
CUST00475,2023-08-18,Paid Ads,27,Tier 1,13.0,11091.36,853.1815384615385,2024-05-25,2023-09-12,29.0,6.0,37.0,318,1.3310580204778157,318,11326.73
CUST00476,2023-12-20,Social Media,25,Tier 2,33.0,107224.77,3249.2354545454546,2024-06-17,2023-12-23,69.0,6.0,14.0,194,5.183246073298429,194,163446.23
CUST00477,2023-09-20,Organic Search,34,Tier 1,4.0,2977.87,744.4675,2024-05-01,2023-12-22,9.0,2.0,61.0,285,0.625,285,3024.65
CUST00478,2023-09-04,Social Media,37,Tier 2,9.0,8116.25,901.8055555555555,2024-06-23,2023-09-08,22.0,4.0,8.0,301,0.9090909090909092,301,9686.72
CUST00479,2023-09-15,Organic Search,57,Tier 1,40.0,137205.0,3430.125,2024-06-27,2023-09-15,102.0,6.0,4.0,290,4.137931034482759,290,202874.25
CUST00480,2023-08-14,Organic Search,24,Tier 2,10.0,9082.95,908.2950000000001,2024-06-21,2023-08-22,24.0,5.0,10.0,322,0.9554140127388535,322,11866.48
CUST00481,2023-09-17,Organic Search,29,Tier 1,6.0,5846.01,974.335,2024-06-22,2023-12-23,14.0,4.0,9.0,288,0.9424083769633508,288,14470.22
CUST00482,2023-07-20,Organic Search,30,Tier 3,10.0,8861.81,886.1809999999999,2024-06-30,2023-07-22,23.0,4.0,1.0,347,0.8695652173913043,347,7932.6900000000005
CUST00483,2024-01-08,Paid Ads,31,Tier 1,3.0,2183.43,727.81,2024-04-02,2024-02-10,9.0,2.0,90.0,175,0.6338028169014085,175,17146.96
CUST00484,2023-10-31,Social Media,30,Tier 2,7.0,6860.53,980.0757142857143,2024-04-15,2024-01-07,19.0,3.0,77.0,244,1.1931818181818181,244,13794.43
CUST00485,2023-09-05,Organic Search,39,Tier 1,10.0,9137.51,913.751,2024-06-22,2023-10-30,22.0,5.0,9.0,300,1.2244897959183672,300,11827.67
CUST00486,2023-09-21,Social Media,28,Tier 2,28.0,43601.03,1557.1796428571429,2024-06-13,2023-10-22,70.0,6.0,18.0,284,3.3201581027667983,284,44923.66
CUST00487,2023-07-03,Email,38,Tier 1,5.0,2262.29,452.45799999999997,2024-04-14,2023-10-21,14.0,4.0,78.0,364,0.5905511811023622,364,2511.67
CUST00488,2023-12-29,Social Media,54,Tier 2,2.0,1473.3200000000002,736.6600000000001,2024-03-30,2024-03-20,7.0,2.0,93.0,185,0.5825242718446602,185,0.0
CUST00489,2023-09-02,Organic Search,46,Tier 1,39.0,125360.37,3214.3684615384614,2024-06-28,2023-09-12,92.0,6.0,3.0,303,3.9931740614334474,303,186799.61
CUST00490,2023-08-09,Paid Ads,42,Tier 2,26.0,44417.56,1708.3676923076923,2024-06-28,2023-09-03,66.0,6.0,3.0,327,2.5827814569536423,327,73064.98
CUST00491,2023-08-28,Referral,23,Tier 1,8.0,7987.26,998.4075,2024-06-12,2023-12-14,19.0,4.0,19.0,308,1.2,308,16087.13
CUST00492,2023-12-30,Email,55,Tier 1,9.0,7920.67,880.0744444444445,2024-05-29,2024-01-05,18.0,6.0,33.0,184,1.5168539325842696,184,11847.86
CUST00493,2023-08-31,Paid Ads,30,Tier 2,1.0,741.47,741.47,2023-11-12,2023-11-12,3.0,1.0,232.0,305,0.12931034482758622,305,3516.71
CUST00494,2023-11-09,Organic Search,53,Tier 1,2.0,883.0699999999999,441.53499999999997,2024-06-21,2024-04-06,4.0,2.0,10.0,235,0.6976744186046512,235,0.0
CUST00495,2023-08-29,Organic Search,58,Tier 1,4.0,3818.1,954.525,2024-02-26,2023-10-12,5.0,3.0,126.0,307,0.45627376425855515,307,0.0
CUST00496,2023-10-24,Email,20,Tier 3,2.0,1647.94,823.97,2024-02-07,2023-11-08,7.0,2.0,145.0,251,0.2542372881355932,251,1430.36
CUST00497,2023-09-13,Social Media,59,Tier 3,10.0,8634.02,863.402,2024-05-13,2023-09-22,25.0,5.0,49.0,292,1.0600706713780919,292,15103.42
CUST00498,2023-10-30,Organic Search,57,Tier 2,5.0,2301.05,460.21000000000004,2024-06-08,2023-11-19,11.0,5.0,23.0,245,0.6666666666666667,245,1977.02
CUST00499,2023-10-15,Email,27,Tier 1,21.0,69992.55,3332.9785714285717,2024-07-01,2023-10-25,53.0,6.0,0.0,260,2.52,260,156315.96
CUST00500,2023-10-04,Email,40,Tier 1,44.0,157134.83000000002,3571.2461363636367,2024-06-27,2023-10-10,113.0,6.0,4.0,271,4.981132075471698,271,168838.35
CUST00501,2023-09-29,Paid Ads,23,Tier 2,8.0,8090.53,1011.31625,2024-06-14,2023-10-18,23.0,3.0,17.0,276,0.933852140077821,276,14376.6
CUST00502,2023-12-05,Email,30,Tier 1,10.0,9797.53,979.753,2024-06-13,2023-12-29,21.0,5.0,18.0,209,1.6216216216216217,209,13576.31
CUST00503,2023-11-07,Social Media,19,Tier 3,1.0,702.95,702.95,2024-03-03,2024-03-03,1.0,1.0,120.0,237,0.25,237,1710.53
CUST00504,2023-08-31,Paid Ads,40,Tier 1,29.0,48234.99,1663.2755172413792,2024-06-12,2023-09-09,71.0,6.0,19.0,305,2.939189189189189,305,15808.699999999999
CUST00505,2023-08-18,Social Media,56,Tier 3,11.0,11801.7,1072.8818181818183,2024-06-30,2023-08-21,31.0,6.0,1.0,318,1.0476190476190477,318,11013.71
CUST00506,2023-11-14,Organic Search,37,Tier 2,3.0,1871.88,623.96,2023-12-22,2023-12-01,11.0,3.0,192.0,230,0.4225352112676056,230,416.06
CUST00507,2023-09-30,Organic Search,34,Tier 2,17.0,31588.73,1858.1605882352942,2024-06-20,2023-10-02,36.0,6.0,11.0,275,1.8681318681318682,275,42467.6
CUST00508,2023-12-06,Organic Search,49,Tier 1,23.0,33477.11,1455.5265217391304,2024-07-01,2023-12-11,59.0,6.0,0.0,208,3.399014778325123,208,0.0
CUST00509,2023-11-01,Organic Search,21,Tier 3,17.0,26408.0,1553.4117647058824,2024-06-25,2023-11-13,39.0,6.0,6.0,243,2.207792207792208,243,3331.61
CUST00510,2023-08-30,Organic Search,41,Tier 1,11.0,12525.74,1138.7036363636364,2024-06-21,2023-10-05,28.0,6.0,10.0,306,1.2222222222222223,306,16174.16
CUST00511,2023-08-17,Organic Search,36,Tier 2,8.0,9250.86,1156.3575,2024-06-26,2023-08-26,23.0,6.0,5.0,319,0.7741935483870968,319,8752.79
CUST00512,2023-11-30,Social Media,44,Tier 3,6.0,6222.76,1037.1266666666668,2024-05-19,2024-02-07,17.0,5.0,43.0,214,1.2413793103448276,214,7609.1
CUST00513,2023-12-11,Organic Search,31,Tier 1,13.0,19981.47,1537.0361538461539,2024-06-02,2023-12-24,31.0,5.0,29.0,203,2.0526315789473686,203,26930.72
CUST00514,2023-11-13,Social Media,36,Tier 1,23.0,33339.5,1449.5434782608695,2024-05-29,2023-12-07,62.0,6.0,33.0,231,3.333333333333333,231,0.0
CUST00515,2023-08-27,Organic Search,21,Tier 2,6.0,3237.73,539.6216666666667,2024-06-24,2023-09-23,17.0,5.0,7.0,309,0.6382978723404256,309,2566.5699999999997
CUST00516,2023-10-09,Referral,41,Tier 1,1.0,268.41,268.41,2023-11-23,2023-11-23,2.0,1.0,221.0,266,0.13574660633484165,266,917.61
CUST00517,2023-10-20,Social Media,21,Tier 2,4.0,2468.11,617.0275,2024-04-27,2024-01-02,8.0,2.0,65.0,255,0.6629834254143646,255,1820.0700000000002
CUST00518,2023-12-20,Organic Search,43,Tier 1,13.0,16661.56,1281.6584615384616,2024-06-05,2024-01-01,36.0,5.0,26.0,194,2.142857142857143,194,0.0
CUST00519,2023-08-31,Social Media,45,Tier 1,42.0,135490.01,3225.9526190476195,2024-06-06,2023-09-01,101.0,6.0,25.0,305,4.144736842105264,305,13497.9
CUST00520,2023-08-08,Paid Ads,45,Tier 2,7.0,3286.2,469.45714285714286,2024-06-12,2023-08-25,19.0,4.0,19.0,328,0.6752411575562701,328,1337.25
CUST00521,2023-08-27,Social Media,57,Tier 2,11.0,10488.16,953.4690909090909,2024-06-07,2023-09-27,27.0,4.0,24.0,309,1.1870503597122302,309,7034.17
CUST00522,2023-10-07,Paid Ads,43,Tier 1,4.0,2143.53,535.8825,2024-06-03,2023-11-27,12.0,3.0,28.0,268,0.5529953917050692,268,1854.01
CUST00523,2024-01-08,Email,42,Tier 3,29.0,92017.56,3173.0193103448273,2024-06-19,2024-01-17,78.0,6.0,12.0,175,5.240963855421687,175,176780.85
CUST00524,2023-08-13,Social Media,26,Tier 3,21.0,33762.61,1607.7433333333333,2024-06-29,2023-09-12,55.0,6.0,2.0,323,2.150170648464164,323,29690.32
CUST00525,2023-07-29,Paid Ads,27,Tier 2,26.0,43423.07,1670.1180769230768,2024-05-27,2023-07-29,62.0,6.0,35.0,338,2.307692307692308,338,25315.27
CUST00526,2023-08-28,Organic Search,55,Tier 1,11.0,11325.97,1029.6336363636362,2024-06-29,2023-09-17,26.0,6.0,2.0,308,1.1458333333333335,308,10580.85
CUST00527,2023-09-09,Social Media,48,Tier 1,13.0,13148.56,1011.4276923076923,2024-06-11,2023-09-26,34.0,5.0,20.0,296,1.3978494623655915,296,11855.23
CUST00528,2023-09-30,Paid Ads,37,Tier 2,6.0,4005.03,667.505,2024-06-05,2024-01-18,17.0,5.0,26.0,275,1.0909090909090908,275,3286.91
CUST00529,2023-07-09,Paid Ads,34,Tier 2,6.0,3014.9700000000003,502.49500000000006,2024-05-16,2023-08-22,14.0,5.0,46.0,358,0.5732484076433121,358,0.0
CUST00530,2023-11-04,Organic Search,42,Tier 1,18.0,31899.82,1772.2122222222222,2024-06-08,2023-11-06,44.0,5.0,23.0,240,2.26890756302521,240,47874.54
CUST00531,2023-11-11,Paid Ads,39,Tier 2,19.0,32893.58,1731.2410526315791,2024-06-16,2023-11-19,47.0,6.0,15.0,233,2.533333333333333,233,41155.7
CUST00532,2023-12-04,Referral,54,Tier 1,28.0,88633.57,3165.484642857143,2024-06-23,2023-12-09,68.0,6.0,8.0,210,4.097560975609756,210,148403.07
CUST00533,2024-01-02,Organic Search,58,Tier 1,23.0,85129.44,3701.28,2024-07-01,2024-01-10,53.0,6.0,0.0,181,3.988439306358381,181,141864.22
CUST00534,2023-11-22,Paid Ads,57,Tier 2,10.0,11382.91,1138.291,2024-06-22,2023-12-08,29.0,6.0,9.0,222,1.4563106796116505,222,12058.16
CUST00535,2023-11-21,Email,24,Tier 2,12.0,19206.37,1600.5308333333332,2024-05-17,2023-12-02,34.0,5.0,45.0,223,1.6981132075471699,223,48337.98
CUST00536,2023-11-08,Social Media,23,Tier 1,20.0,34653.19,1732.6595000000002,2024-05-31,2023-11-10,52.0,6.0,31.0,236,2.5641025641025643,236,44141.36
CUST00537,2023-07-21,Paid Ads,32,Tier 2,23.0,36517.159999999996,1587.702608695652,2024-06-28,2023-08-13,55.0,6.0,3.0,346,2.1362229102167185,346,38556.11
CUST00538,2023-09-02,Paid Ads,22,Tier 3,7.0,3911.55,558.7928571428572,2024-05-03,2023-09-02,16.0,5.0,59.0,303,0.693069306930693,303,0.0
CUST00539,2023-09-28,Referral,26,Tier 2,9.0,8718.28,968.6977777777779,2024-05-25,2023-09-30,26.0,5.0,37.0,277,0.9818181818181819,277,14961.650000000001
CUST00540,2023-08-05,Email,42,Tier 2,7.0,4445.82,635.1171428571428,2024-06-27,2023-10-02,22.0,4.0,4.0,331,0.7692307692307692,331,2689.08
CUST00541,2023-08-31,Organic Search,29,Tier 1,46.0,140288.28,3049.7452173913043,2024-06-27,2023-08-31,102.0,6.0,4.0,305,4.524590163934427,305,184668.39
CUST00542,2023-12-17,Organic Search,35,Tier 1,4.0,3177.59,794.3975,2024-04-12,2024-01-14,9.0,4.0,80.0,197,0.7100591715976331,197,5503.26
CUST00543,2023-09-14,Paid Ads,39,Tier 1,7.0,4930.9800000000005,704.4257142857143,2024-03-12,2023-09-19,25.0,3.0,111.0,291,0.7342657342657343,291,366.21
CUST00544,2023-12-17,Organic Search,44,Tier 2,10.0,10380.86,1038.086,2024-06-29,2023-12-17,28.0,4.0,2.0,197,1.5228426395939085,197,10649.42
CUST00545,2024-01-05,Organic Search,45,Tier 2,6.0,5032.5,838.75,2024-05-01,2024-02-14,16.0,4.0,61.0,178,1.3043478260869565,178,0.0
CUST00546,2023-07-13,Social Media,34,Tier 1,5.0,2236.3,447.26000000000005,2024-04-20,2023-08-25,11.0,4.0,72.0,354,0.4823151125401929,354,4334.17
CUST00547,2023-07-11,Organic Search,44,Tier 1,7.0,3550.88,507.2685714285714,2024-04-05,2023-10-13,20.0,5.0,87.0,356,0.8015267175572519,356,1887.1399999999999
CUST00548,2023-08-23,Social Media,51,Tier 1,11.0,10952.62,995.6927272727273,2024-03-30,2023-08-26,22.0,5.0,93.0,313,1.064516129032258,313,4058.5699999999997
CUST00549,2023-07-16,Organic Search,49,Tier 1,10.0,9613.72,961.372,2024-04-18,2023-10-10,22.0,5.0,74.0,351,1.1320754716981132,351,12690.47
CUST00550,2023-07-08,Social Media,24,Tier 3,26.0,40335.4,1551.3615384615384,2024-06-27,2023-07-22,54.0,6.0,4.0,359,2.2608695652173916,359,44972.03
CUST00551,2023-10-12,Social Media,26,Tier 2,16.0,15709.1,981.81875,2024-06-21,2023-11-01,44.0,6.0,10.0,263,1.9753086419753088,263,15179.86
CUST00552,2023-08-28,Organic Search,25,Tier 1,19.0,34231.17,1801.6405263157894,2024-06-26,2023-09-07,49.0,6.0,5.0,308,1.9127516778523492,308,51142.78
CUST00553,2023-08-26,Paid Ads,52,Tier 2,13.0,10806.33,831.2561538461539,2024-06-28,2023-08-31,41.0,6.0,3.0,310,1.2786885245901638,310,10744.1
CUST00554,2023-08-09,Organic Search,32,Tier 2,14.0,11431.17,816.5121428571429,2024-06-24,2023-08-14,32.0,6.0,7.0,327,1.3043478260869565,327,871.4200000000001
CUST00555,2024-01-03,Social Media,34,Tier 2,17.0,31019.059999999998,1824.650588235294,2024-06-28,2024-01-08,40.0,6.0,3.0,180,2.914285714285714,180,18260.420000000002
CUST00556,2023-11-07,Social Media,27,Tier 1,15.0,15375.939999999999,1025.0626666666665,2024-07-01,2023-11-08,31.0,6.0,0.0,237,1.906779661016949,237,5130.5199999999995
CUST00557,2023-10-02,Paid Ads,28,Tier 1,4.0,2417.7599999999998,604.4399999999999,2024-04-13,2023-11-11,12.0,2.0,79.0,273,0.5150214592274678,273,2341.63
CUST00558,2023-11-15,Paid Ads,35,Tier 1,2.0,747.35,373.675,2024-05-12,2024-02-14,4.0,2.0,50.0,229,0.43478260869565216,229,3538.97
CUST00559,2023-08-13,Paid Ads,30,Tier 3,29.0,47059.52,1622.742068965517,2024-06-28,2023-08-30,73.0,6.0,3.0,323,2.8431372549019605,323,38040.57
CUST00560,2023-11-16,Social Media,24,Tier 2,5.0,4678.5599999999995,935.7119999999999,2024-06-13,2024-02-01,11.0,4.0,18.0,228,0.9933774834437087,228,14356.83
CUST00561,2023-09-18,Paid Ads,37,Tier 2,12.0,12292.28,1024.3566666666668,2024-06-03,2023-10-27,32.0,4.0,28.0,287,1.4516129032258065,287,18006.14
CUST00562,2023-09-19,Organic Search,59,Tier 1,4.0,2244.2200000000003,561.0550000000001,2024-02-20,2023-09-23,11.0,3.0,132.0,286,0.425531914893617,286,2990.37
CUST00563,2023-07-02,Paid Ads,47,Tier 1,4.0,2315.46,578.865,2024-05-16,2023-10-26,9.0,3.0,46.0,365,0.48192771084337344,365,2053.27
CUST00564,2023-12-25,Organic Search,24,Tier 1,2.0,1559.37,779.685,2024-06-26,2024-05-30,5.0,2.0,5.0,189,1.875,189,1589.56
CUST00565,2023-11-17,Social Media,43,Tier 3,2.0,1130.51,565.255,2024-04-21,2023-12-17,3.0,2.0,71.0,227,0.3045685279187817,227,1381.83
CUST00566,2023-10-23,Organic Search,42,Tier 1,8.0,8470.68,1058.835,2024-06-22,2023-10-26,24.0,4.0,9.0,252,0.9638554216867469,252,10775.42
CUST00567,2023-09-28,Email,43,Tier 1,3.0,1467.63,489.21000000000004,2024-03-09,2023-10-28,5.0,2.0,114.0,277,0.3643724696356275,277,0.0
CUST00568,2023-07-23,Organic Search,34,Tier 3,14.0,11812.720000000001,843.7657142857144,2024-06-10,2023-07-23,39.0,5.0,21.0,344,1.2209302325581397,344,9611.23
CUST00569,2023-11-23,Organic Search,34,Tier 2,17.0,30591.94,1799.5258823529412,2024-06-21,2023-11-24,49.0,6.0,10.0,221,2.3181818181818183,221,39345.6
CUST00570,2023-08-31,Email,24,Tier 2,3.0,1304.88,434.96000000000004,2024-01-17,2023-10-28,8.0,3.0,166.0,305,0.3643724696356275,305,1637.53
CUST00571,2023-10-21,Referral,55,Tier 1,12.0,11582.42,965.2016666666667,2024-06-08,2023-11-17,29.0,6.0,23.0,254,1.5859030837004406,254,7891.45
CUST00572,2023-11-05,Social Media,39,Tier 2,15.0,20714.6,1380.9733333333331,2024-06-24,2023-11-05,34.0,5.0,7.0,239,1.8828451882845187,239,67647.36
CUST00573,2023-08-31,Organic Search,22,Tier 1,3.0,1584.7199999999998,528.2399999999999,2024-06-25,2023-12-05,10.0,2.0,6.0,305,0.430622009569378,305,2627.2299999999996
CUST00574,2023-08-07,Organic Search,52,Tier 2,8.0,6577.74,822.2175,2024-03-02,2023-11-09,18.0,4.0,121.0,329,1.0212765957446808,329,0.0
CUST00575,2024-01-11,Social Media,46,Tier 1,17.0,32009.53,1882.9135294117646,2024-06-11,2024-01-30,44.0,6.0,20.0,172,3.333333333333333,172,15385.470000000001
CUST00576,2023-12-13,Paid Ads,56,Tier 1,17.0,30178.14,1775.184705882353,2024-05-03,2023-12-23,43.0,6.0,59.0,201,2.670157068062827,201,30947.91
CUST00577,2024-01-11,Organic Search,59,Tier 2,1.0,782.21,782.21,2024-02-15,2024-02-15,2.0,1.0,137.0,172,0.218978102189781,172,1648.34
CUST00578,2023-08-30,Social Media,46,Tier 2,20.0,35026.83,1751.3415,2024-07-01,2023-09-02,51.0,6.0,0.0,306,1.98019801980198,306,52331.15
CUST00579,2023-11-06,Social Media,35,Tier 2,6.0,4655.1900000000005,775.8650000000001,2024-06-18,2023-11-18,12.0,3.0,13.0,238,0.7964601769911505,238,12647.52
CUST00580,2023-12-20,Referral,32,Tier 1,2.0,1462.79,731.395,2024-02-05,2024-02-02,7.0,2.0,147.0,194,0.4,194,2572.0099999999998
CUST00581,2023-12-03,Referral,25,Tier 1,14.0,11419.92,815.7085714285714,2024-04-27,2023-12-08,32.0,5.0,65.0,211,2.0388349514563107,211,4524.79
CUST00582,2023-11-26,Social Media,40,Tier 2,40.0,131459.25,3286.48125,2024-06-29,2023-11-30,104.0,6.0,2.0,218,5.607476635514018,218,140834.73
CUST00583,2023-10-30,Organic Search,19,Tier 2,10.0,9925.98,992.598,2024-06-09,2023-11-24,28.0,6.0,22.0,245,1.3636363636363638,245,7232.67
CUST00584,2023-10-18,Organic Search,47,Tier 3,5.0,2984.5,596.9,2024-06-13,2023-10-28,12.0,4.0,18.0,257,0.6072874493927125,257,2123.43
CUST00585,2023-07-13,Email,49,Tier 2,14.0,12534.83,895.345,2024-06-23,2023-11-09,42.0,6.0,8.0,354,1.7872340425531916,354,13240.83
CUST00586,2023-12-02,Paid Ads,48,Tier 2,3.0,1799.27,599.7566666666667,2024-06-12,2023-12-27,8.0,3.0,19.0,212,0.4812834224598931,212,732.8299999999999
CUST00587,2023-10-08,Paid Ads,33,Tier 3,3.0,1675.44,558.48,2024-02-17,2023-12-07,4.0,2.0,135.0,267,0.43478260869565216,267,2399.13
CUST00588,2023-11-12,Paid Ads,36,Tier 1,4.0,1932.48,483.12,2024-01-06,2023-11-19,9.0,3.0,177.0,232,0.5333333333333333,232,2013.6399999999999
CUST00589,2023-07-22,Paid Ads,53,Tier 1,1.0,626.49,626.49,2023-08-02,2023-08-02,3.0,1.0,334.0,345,0.08982035928143713,345,1548.8
CUST00590,2023-09-12,Email,48,Tier 1,6.0,3062.01,510.33500000000004,2024-04-09,2023-09-21,14.0,3.0,83.0,293,0.6338028169014085,293,794.1899999999999
CUST00591,2023-12-28,Organic Search,52,Tier 1,2.0,1562.25,781.125,2024-06-11,2024-04-06,3.0,2.0,20.0,186,0.6976744186046512,186,2627.96
CUST00592,2023-11-09,Organic Search,29,Tier 2,7.0,6239.89,891.4128571428572,2024-05-26,2023-12-14,24.0,4.0,36.0,235,1.05,235,5120.4400000000005
CUST00593,2023-07-23,Paid Ads,45,Tier 2,6.0,3255.76,542.6266666666667,2024-03-11,2023-08-13,16.0,3.0,112.0,344,0.5572755417956656,344,0.0
CUST00594,2023-10-27,Social Media,42,Tier 2,3.0,1889.32,629.7733333333333,2024-05-25,2024-02-07,10.0,3.0,37.0,248,0.6206896551724138,248,2275.37
CUST00595,2023-09-08,Organic Search,53,Tier 1,29.0,47830.0,1649.3103448275863,2024-06-25,2023-09-10,66.0,6.0,6.0,297,2.9491525423728815,297,56848.28
CUST00596,2023-09-22,Paid Ads,57,Tier 2,5.0,5164.13,1032.826,2024-05-03,2023-10-20,14.0,4.0,59.0,283,0.5882352941176471,283,11434.050000000001
CUST00597,2023-10-09,Social Media,26,Tier 1,7.0,7300.51,1042.93,2024-06-30,2023-11-03,20.0,5.0,1.0,266,0.8713692946058091,266,8634.23
CUST00598,2023-09-22,Paid Ads,36,Tier 2,6.0,3798.31,633.0516666666666,2024-06-02,2023-11-26,21.0,3.0,29.0,283,0.8256880733944955,283,2831.62
CUST00599,2023-12-08,Organic Search,31,Tier 1,4.0,2844.41,711.1025,2024-05-20,2024-01-28,9.0,3.0,42.0,206,0.7741935483870968,206,0.0
CUST00600,2023-07-28,Paid Ads,42,Tier 3,9.0,5381.78,597.9755555555555,2024-07-01,2023-08-03,23.0,6.0,0.0,339,0.8108108108108109,339,2239.89
CUST00601,2023-11-13,Organic Search,41,Tier 1,6.0,2600.36,433.3933333333334,2024-06-24,2023-12-31,15.0,4.0,7.0,231,0.9836065573770493,231,1784.36
CUST00602,2023-07-01,Referral,30,Tier 1,8.0,4741.18,592.6475,2024-05-29,2023-07-20,17.0,5.0,33.0,366,0.6916426512968299,366,3449.0
CUST00603,2023-12-12,Organic Search,48,Tier 2,1.0,467.83,467.83,2024-06-25,2024-06-25,2.0,1.0,6.0,202,5.0,202,1723.52
CUST00604,2023-09-01,Email,49,Tier 3,0.0,0.0,0.0,,,0.0,0.0,360.0,304,0.0,304,0.0
CUST00605,2023-07-22,Organic Search,46,Tier 2,9.0,5043.4,560.3777777777777,2024-02-15,2023-08-19,20.0,5.0,137.0,345,0.8517350157728707,345,1920.1399999999999
CUST00606,2023-09-08,Paid Ads,40,Tier 2,8.0,7579.66,947.4575,2024-06-09,2023-09-09,16.0,5.0,22.0,297,0.8108108108108109,297,14290.07
CUST00607,2023-11-02,Email,46,Tier 3,2.0,1113.81,556.905,2024-06-06,2024-02-06,3.0,2.0,25.0,242,0.410958904109589,242,2730.8
CUST00608,2023-11-26,Organic Search,31,Tier 3,2.0,1069.4099999999999,534.7049999999999,2024-01-15,2023-12-20,3.0,2.0,168.0,218,0.30927835051546393,218,4747.68
CUST00609,2023-10-04,Paid Ads,43,Tier 2,12.0,11399.61,949.9675000000001,2024-06-13,2023-10-10,32.0,6.0,18.0,271,1.3584905660377358,271,7975.98
CUST00610,2023-12-10,Organic Search,25,Tier 2,7.0,7329.76,1047.1085714285714,2024-06-23,2023-12-15,23.0,5.0,8.0,204,1.0552763819095476,204,12264.970000000001
CUST00611,2023-09-17,Paid Ads,24,Tier 1,6.0,3002.23,500.37166666666667,2024-06-03,2023-10-14,12.0,4.0,28.0,288,0.6896551724137931,288,2610.66
CUST00612,2023-07-05,Email,42,Tier 3,27.0,41343.39,1531.2366666666667,2024-06-24,2023-07-18,62.0,6.0,7.0,362,2.320916905444126,362,49946.62
CUST00613,2023-08-29,Paid Ads,37,Tier 1,4.0,3925.66,981.415,2024-06-17,2023-11-15,9.0,4.0,14.0,307,0.5240174672489083,307,8696.02
CUST00614,2023-10-28,Social Media,37,Tier 3,2.0,1271.85,635.925,2024-05-11,2023-11-22,4.0,2.0,51.0,247,0.2702702702702703,247,5123.07
CUST00615,2023-08-15,Email,54,Tier 1,25.0,38962.13,1558.4851999999998,2024-06-09,2023-09-26,59.0,6.0,22.0,321,2.6881720430107525,321,27450.32
CUST00616,2023-12-25,Paid Ads,27,Tier 1,15.0,25345.52,1689.7013333333334,2024-07-01,2023-12-28,38.0,6.0,0.0,189,2.4193548387096775,189,32806.61
CUST00617,2023-12-23,Organic Search,54,Tier 2,2.0,868.84,434.42,2024-03-14,2024-02-25,8.0,1.0,109.0,191,0.47244094488188976,191,1502.6599999999999
CUST00618,2023-11-11,Paid Ads,56,Tier 1,4.0,2563.38,640.845,2024-05-23,2023-12-13,12.0,2.0,39.0,233,0.5970149253731343,233,0.0
CUST00619,2023-08-25,Social Media,58,Tier 1,24.0,39238.82,1634.9508333333333,2024-06-30,2023-09-09,60.0,6.0,1.0,311,2.4324324324324325,311,46600.22
CUST00620,2023-10-18,Organic Search,47,Tier 2,8.0,6800.18,850.0225,2024-03-07,2023-11-06,18.0,6.0,116.0,257,1.0084033613445378,257,14008.52
CUST00621,2024-01-03,Social Media,42,Tier 2,4.0,2066.27,516.5675,2024-03-15,2024-02-10,9.0,3.0,108.0,180,0.8450704225352113,180,2969.89
CUST00622,2023-12-04,Organic Search,23,Tier 2,1.0,659.91,659.91,2024-06-28,2024-06-28,2.0,1.0,3.0,210,10.0,210,5009.84
CUST00623,2024-01-15,Social Media,44,Tier 1,1.0,900.32,900.32,2024-05-16,2024-05-16,4.0,1.0,46.0,168,0.6521739130434783,168,3100.2999999999997
CUST00624,2023-10-12,Organic Search,32,Tier 2,7.0,5793.41,827.63,2024-04-06,2023-10-31,15.0,6.0,86.0,263,0.8606557377049181,263,9502.5
CUST00625,2023-09-15,Social Media,57,Tier 1,8.0,7235.75,904.46875,2024-06-29,2023-09-24,16.0,5.0,2.0,290,0.8540925266903914,290,8320.45
CUST00626,2023-11-23,Paid Ads,47,Tier 1,2.0,1308.48,654.24,2024-03-13,2023-12-03,6.0,2.0,110.0,221,0.28436018957345977,221,2810.06
CUST00627,2023-07-02,Organic Search,24,Tier 2,13.0,15164.62,1166.5092307692307,2024-04-16,2023-07-29,37.0,6.0,76.0,365,1.153846153846154,365,12156.91
CUST00628,2023-07-08,Organic Search,25,Tier 3,9.0,9859.15,1095.461111111111,2024-05-09,2023-09-28,28.0,5.0,53.0,359,0.9747292418772562,359,0.0
CUST00629,2023-09-13,Paid Ads,55,Tier 2,5.0,2384.9,476.98,2024-06-22,2023-10-11,12.0,3.0,9.0,292,0.5681818181818182,292,981.74
CUST00630,2023-12-29,Referral,36,Tier 2,5.0,3293.8,658.76,2024-06-16,2024-04-14,13.0,3.0,15.0,185,1.923076923076923,185,1210.21
CUST00631,2023-11-02,Organic Search,41,Tier 1,7.0,7968.42,1138.3457142857144,2024-06-29,2023-12-16,18.0,3.0,2.0,242,1.0606060606060606,242,9171.71
CUST00632,2023-08-07,Organic Search,56,Tier 2,21.0,33936.6,1616.0285714285715,2024-06-17,2023-08-17,59.0,6.0,14.0,329,1.9749216300940438,329,50017.14
CUST00633,2023-12-23,Email,19,Tier 1,7.0,6987.23,998.1757142857142,2024-06-27,2024-01-21,23.0,4.0,4.0,191,1.2962962962962963,191,6307.88
CUST00634,2023-07-27,Paid Ads,22,Tier 3,12.0,10939.22,911.6016666666666,2024-05-02,2023-08-02,23.0,6.0,60.0,340,1.0778443113772456,340,13791.75
CUST00635,2023-07-20,Paid Ads,53,Tier 3,6.0,2672.69,445.4483333333333,2023-12-25,2023-08-15,20.0,3.0,189.0,347,0.5607476635514018,347,1048.6299999999999
CUST00636,2023-11-17,Email,41,Tier 2,8.0,7405.86,925.7325,2024-04-29,2023-12-05,22.0,4.0,63.0,227,1.1483253588516746,227,14946.06
CUST00637,2023-08-12,Organic Search,45,Tier 2,10.0,9400.65,940.0649999999999,2024-06-21,2023-11-10,27.0,5.0,10.0,324,1.2820512820512822,324,11005.8
CUST00638,2024-01-05,Referral,44,Tier 2,3.0,1721.35,573.7833333333333,2024-07-01,2024-03-22,9.0,3.0,0.0,178,0.891089108910891,178,1588.46
CUST00639,2023-07-31,Paid Ads,26,Tier 2,4.0,1775.17,443.7925,2024-06-14,2023-11-01,7.0,4.0,17.0,336,0.4938271604938272,336,1070.4099999999999
CUST00640,2023-09-29,Organic Search,34,Tier 1,1.0,645.69,645.69,2024-02-04,2024-02-04,1.0,1.0,148.0,276,0.20270270270270271,276,507.99
CUST00641,2023-08-30,Social Media,59,Tier 1,5.0,3479.83,695.966,2024-06-14,2023-09-18,12.0,4.0,17.0,306,0.5226480836236933,306,2762.1
CUST00642,2024-01-11,Email,21,Tier 2,5.0,3180.61,636.1220000000001,2024-05-21,2024-01-23,9.0,3.0,41.0,172,0.9375,172,398.72
CUST00643,2023-10-17,Paid Ads,50,Tier 3,4.0,2343.32,585.83,2024-04-30,2024-01-17,6.0,4.0,62.0,258,0.7228915662650602,258,0.0
CUST00644,2023-09-29,Email,23,Tier 1,5.0,1997.01,399.402,2024-06-19,2024-02-02,12.0,3.0,12.0,276,1.0,276,4553.05
CUST00645,2023-12-10,Organic Search,38,Tier 1,3.0,1928.88,642.96,2024-06-05,2023-12-27,9.0,2.0,26.0,204,0.4812834224598931,204,962.77
CUST00646,2023-10-03,Paid Ads,32,Tier 1,20.0,34204.229999999996,1710.2115,2024-05-25,2023-11-26,42.0,6.0,37.0,272,2.7522935779816518,272,57603.92
CUST00647,2023-11-20,Social Media,50,Tier 3,10.0,8931.12,893.1120000000001,2024-06-21,2023-12-06,23.0,4.0,10.0,224,1.4423076923076923,224,14554.72
CUST00648,2023-11-21,Organic Search,44,Tier 1,11.0,11101.21,1009.200909090909,2024-05-25,2023-11-22,24.0,5.0,37.0,223,1.4864864864864864,223,6324.87
CUST00649,2023-07-13,Paid Ads,24,Tier 1,12.0,20459.53,1704.9608333333333,2024-01-08,2023-08-09,34.0,5.0,175.0,354,1.1009174311926606,354,0.0
CUST00650,2023-10-21,Social Media,54,Tier 2,15.0,16429.0,1095.2666666666667,2024-06-08,2023-10-22,40.0,5.0,23.0,254,1.7786561264822134,254,10403.81
CUST00651,2023-08-04,Referral,58,Tier 2,2.0,1309.39,654.695,2024-05-03,2024-03-08,7.0,2.0,59.0,332,0.5217391304347826,332,297.93
CUST00652,2024-01-03,Paid Ads,23,Tier 1,7.0,7656.41,1093.7728571428572,2024-06-22,2024-02-05,20.0,4.0,9.0,180,1.4285714285714284,180,14588.960000000001
CUST00653,2023-11-26,Paid Ads,31,Tier 1,10.0,8434.83,843.483,2024-06-29,2023-12-04,22.0,6.0,2.0,218,1.4285714285714284,218,11628.84
CUST00654,2023-12-29,Email,50,Tier 2,9.0,8706.71,967.4122222222221,2024-06-15,2024-01-20,29.0,4.0,16.0,185,1.656441717791411,185,11718.27
CUST00655,2023-12-05,Referral,34,Tier 2,3.0,2690.1,896.6999999999999,2024-06-28,2023-12-14,8.0,3.0,3.0,209,0.44999999999999996,209,16218.86
CUST00656,2023-08-17,Social Media,19,Tier 3,8.0,4301.66,537.7075,2024-06-26,2023-11-12,19.0,4.0,5.0,319,1.0344827586206897,319,2406.57
CUST00657,2023-08-04,Organic Search,31,Tier 2,3.0,1850.58,616.86,2024-06-18,2023-10-31,7.0,3.0,13.0,332,0.3688524590163934,332,1628.42
CUST00658,2023-09-24,Paid Ads,29,Tier 1,3.0,1573.27,524.4233333333333,2024-04-19,2023-11-01,6.0,2.0,73.0,281,0.37037037037037035,281,3503.19
CUST00659,2023-12-13,Paid Ads,26,Tier 2,4.0,4104.15,1026.0375,2024-06-19,2024-02-23,8.0,3.0,12.0,201,0.9302325581395349,201,7853.1
CUST00660,2023-12-06,Social Media,43,Tier 1,6.0,4680.76,780.1266666666667,2024-06-26,2023-12-26,15.0,4.0,5.0,208,0.9574468085106382,208,18695.31
CUST00661,2023-11-29,Email,58,Tier 1,3.0,1384.48,461.49333333333334,2024-06-05,2024-02-20,6.0,2.0,26.0,215,0.6818181818181819,215,2105.1
CUST00662,2023-10-22,Email,50,Tier 3,26.0,82106.02,3157.923846153846,2024-07-01,2023-11-19,71.0,6.0,0.0,253,3.4666666666666663,253,141668.55
CUST00663,2023-12-24,Referral,42,Tier 3,6.0,4810.07,801.6783333333333,2024-05-11,2024-01-02,17.0,3.0,51.0,190,0.9944751381215469,190,15979.5
CUST00664,2023-10-08,Organic Search,46,Tier 1,4.0,2005.15,501.2875,2024-05-17,2023-12-07,10.0,3.0,45.0,267,0.5797101449275363,267,2436.24
CUST00665,2023-12-07,Organic Search,32,Tier 1,4.0,2570.44,642.61,2024-05-21,2023-12-17,8.0,3.0,41.0,207,0.6091370558375634,207,2943.95
CUST00666,2023-12-30,Paid Ads,21,Tier 1,5.0,2998.59,599.7180000000001,2024-06-22,2024-03-07,11.0,2.0,9.0,184,1.293103448275862,184,3793.61
CUST00667,2024-01-02,Paid Ads,54,Tier 1,2.0,929.96,464.98,2024-05-10,2024-01-13,5.0,1.0,52.0,181,0.3529411764705882,181,2429.02
CUST00668,2023-10-07,Organic Search,45,Tier 2,1.0,524.18,524.18,2024-05-08,2024-05-08,4.0,1.0,54.0,268,0.5555555555555556,268,2276.7200000000003
CUST00669,2023-07-03,Organic Search,38,Tier 1,7.0,3831.7,547.3857142857142,2024-05-02,2023-09-10,21.0,5.0,60.0,364,0.711864406779661,364,2137.74
CUST00670,2024-01-13,Email,33,Tier 3,5.0,2743.01,548.6020000000001,2024-05-08,2024-01-24,14.0,5.0,54.0,170,0.9433962264150944,170,2735.34
CUST00671,2023-09-23,Social Media,45,Tier 1,3.0,1656.37,552.1233333333333,2024-01-28,2023-10-06,10.0,2.0,155.0,282,0.33457249070631967,282,2895.08
CUST00672,2023-11-02,Paid Ads,59,Tier 2,21.0,34853.3,1659.6809523809525,2024-05-22,2023-11-05,53.0,6.0,40.0,242,2.6359832635983262,242,47855.18
CUST00673,2023-11-15,Paid Ads,46,Tier 3,2.0,1032.14,516.07,2024-04-01,2023-12-08,5.0,2.0,91.0,229,0.2912621359223301,229,3075.76
CUST00674,2023-09-21,Organic Search,43,Tier 2,10.0,8534.36,853.436,2024-06-16,2023-10-03,26.0,4.0,15.0,284,1.1029411764705883,284,11389.93
CUST00675,2023-07-25,Social Media,51,Tier 1,11.0,11062.87,1005.7154545454546,2024-06-01,2023-09-17,28.0,6.0,30.0,342,1.1458333333333335,342,15239.619999999999
CUST00676,2023-09-06,Social Media,32,Tier 1,36.0,117010.99,3250.305277777778,2024-06-24,2023-09-11,85.0,6.0,7.0,299,3.673469387755102,299,174273.3
CUST00677,2023-08-30,Email,26,Tier 1,8.0,4365.8,545.725,2024-05-18,2023-10-24,16.0,4.0,44.0,306,0.9561752988047809,306,3528.6
CUST00678,2023-07-29,Organic Search,32,Tier 3,2.0,1198.35,599.175,2024-01-31,2023-09-29,6.0,2.0,152.0,338,0.21739130434782608,338,0.0
CUST00679,2023-11-04,Organic Search,19,Tier 3,39.0,142628.36,3657.1374358974354,2024-06-18,2023-11-10,95.0,6.0,13.0,240,5.0,240,78787.96
CUST00680,2023-07-19,Organic Search,34,Tier 3,33.0,55790.28,1690.6145454545454,2024-06-15,2023-07-19,84.0,6.0,16.0,348,2.8448275862068964,348,41621.450000000004
CUST00681,2023-12-18,Email,36,Tier 3,18.0,23988.77,1332.7094444444444,2024-06-17,2023-12-21,54.0,6.0,14.0,196,2.7979274611398965,196,23858.6
CUST00682,2024-01-10,Social Media,25,Tier 1,0.0,0.0,0.0,,,0.0,0.0,360.0,173,0.0,173,4546.52
CUST00683,2023-09-12,Social Media,33,Tier 3,4.0,2147.62,536.905,2023-12-29,2023-10-04,9.0,4.0,185.0,293,0.44280442804428044,293,2074.37
CUST00684,2023-08-30,Paid Ads,42,Tier 3,11.0,10292.47,935.6790909090909,2024-06-08,2023-09-02,22.0,5.0,23.0,306,1.0891089108910892,306,10217.55
CUST00685,2023-12-18,Social Media,31,Tier 1,13.0,23621.11,1817.0084615384617,2024-05-24,2023-12-31,26.0,6.0,38.0,196,2.1311475409836063,196,46265.83
CUST00686,2023-11-30,Referral,27,Tier 1,6.0,5511.35,918.5583333333334,2024-03-02,2023-12-02,13.0,4.0,121.0,214,0.8490566037735849,214,2712.6
CUST00687,2023-07-20,Organic Search,33,Tier 2,18.0,16889.84,938.3244444444445,2024-06-07,2023-07-30,48.0,6.0,24.0,347,1.6023738872403561,347,9581.51
CUST00688,2023-08-17,Paid Ads,53,Tier 1,7.0,3365.8199999999997,480.83142857142855,2024-05-22,2023-09-10,19.0,3.0,40.0,319,0.711864406779661,319,2244.2799999999997
CUST00689,2023-09-25,Referral,42,Tier 1,23.0,40721.87,1770.5160869565218,2024-06-19,2023-10-04,54.0,6.0,12.0,280,2.5461254612546127,280,34780.96
CUST00690,2023-11-29,Paid Ads,51,Tier 3,4.0,1621.71,405.4275,2024-05-12,2023-12-17,7.0,4.0,50.0,215,0.6091370558375634,215,1057.21
CUST00691,2023-11-16,Referral,34,Tier 3,3.0,1741.32,580.4399999999999,2024-04-03,2023-11-19,6.0,2.0,89.0,228,0.4,228,2682.85
CUST00692,2023-10-18,Referral,26,Tier 1,8.0,6454.599999999999,806.8249999999999,2024-06-17,2023-11-05,24.0,5.0,14.0,257,1.00418410041841,257,7297.46
CUST00693,2023-12-30,Email,47,Tier 1,5.0,6166.969999999999,1233.3939999999998,2024-04-17,2024-02-16,16.0,4.0,75.0,184,1.1029411764705883,184,0.0
CUST00694,2023-07-28,Social Media,41,Tier 3,2.0,962.25,481.125,2024-04-22,2023-10-24,6.0,1.0,70.0,339,0.23904382470119523,339,3337.82
CUST00695,2024-01-13,Social Media,49,Tier 2,2.0,1296.83,648.415,2024-06-22,2024-02-21,5.0,2.0,9.0,170,0.4580152671755725,170,2063.42
CUST00696,2024-01-07,Email,58,Tier 1,3.0,3145.49,1048.4966666666667,2024-05-25,2024-02-10,5.0,2.0,37.0,176,0.6338028169014085,176,5567.91
CUST00697,2023-08-28,Paid Ads,32,Tier 2,6.0,3114.58,519.0966666666667,2024-04-26,2024-01-02,20.0,3.0,66.0,308,0.9944751381215469,308,5512.95
CUST00698,2023-11-10,Organic Search,48,Tier 3,11.0,11710.31,1064.5736363636363,2024-06-04,2023-11-19,25.0,6.0,27.0,234,1.4666666666666668,234,5642.0
CUST00699,2023-08-20,Paid Ads,57,Tier 3,3.0,1653.01,551.0033333333333,2024-06-22,2023-12-16,10.0,3.0,9.0,316,0.4545454545454546,316,3127.67
CUST00700,2023-11-26,Email,45,Tier 1,7.0,7512.08,1073.1542857142856,2024-05-13,2024-01-01,20.0,4.0,49.0,218,1.153846153846154,218,12333.83
CUST00701,2023-07-12,Organic Search,34,Tier 1,13.0,13002.15,1000.1653846153846,2024-04-29,2023-07-17,38.0,5.0,63.0,355,1.1142857142857143,355,11122.039999999999
CUST00702,2023-08-19,Organic Search,24,Tier 3,4.0,2240.68,560.17,2024-06-11,2023-08-26,14.0,2.0,20.0,317,0.3870967741935484,317,1504.27
CUST00703,2023-11-09,Organic Search,51,Tier 1,5.0,2566.83,513.366,2024-05-16,2023-11-10,15.0,4.0,46.0,235,0.6410256410256411,235,1345.67
CUST00704,2023-10-21,Social Media,36,Tier 2,5.0,2524.4900000000002,504.898,2024-06-18,2023-12-15,8.0,4.0,13.0,254,0.7537688442211056,254,3078.57
CUST00705,2023-12-17,Referral,34,Tier 1,4.0,1613.49,403.3725,2024-06-15,2024-03-24,12.0,3.0,16.0,197,1.2121212121212122,197,3148.44
CUST00706,2023-12-13,Referral,30,Tier 1,30.0,89395.16,2979.838666666667,2024-06-23,2023-12-21,69.0,6.0,8.0,201,4.66321243523316,201,170222.15
CUST00707,2023-11-30,Paid Ads,38,Tier 1,6.0,3674.15,612.3583333333333,2024-06-20,2024-02-06,14.0,3.0,11.0,214,1.2328767123287672,214,1520.94
CUST00708,2023-07-14,Social Media,58,Tier 1,29.0,50213.57,1731.5024137931034,2024-06-23,2023-07-16,73.0,6.0,8.0,353,2.4786324786324783,353,34068.63
CUST00709,2023-08-01,Social Media,47,Tier 3,6.0,3379.61,563.2683333333333,2024-05-05,2023-09-27,16.0,3.0,57.0,335,0.6474820143884893,335,0.0
CUST00710,2023-11-16,Paid Ads,48,Tier 1,12.0,10649.64,887.4699999999999,2024-05-23,2023-12-21,28.0,6.0,39.0,228,1.8652849740932642,228,13444.5
CUST00711,2024-01-05,Email,44,Tier 3,15.0,27208.47,1813.8980000000001,2024-06-30,2024-01-08,40.0,6.0,1.0,178,2.5714285714285716,178,18206.91
CUST00712,2023-11-23,Organic Search,40,Tier 3,8.0,8880.78,1110.0975,2024-06-29,2024-02-01,16.0,4.0,2.0,221,1.5894039735099337,221,9116.66
CUST00713,2023-12-02,Referral,51,Tier 1,8.0,7447.1900000000005,930.8987500000001,2024-03-21,2023-12-03,15.0,6.0,102.0,212,1.137440758293839,212,15167.44
CUST00714,2023-08-24,Paid Ads,57,Tier 2,13.0,12735.47,979.6515384615384,2024-07-01,2023-08-24,34.0,5.0,0.0,312,1.25,312,20677.41
CUST00715,2023-12-29,Paid Ads,47,Tier 1,2.0,1354.24,677.12,2024-03-26,2024-03-24,4.0,1.0,97.0,185,0.6060606060606061,185,0.0
CUST00716,2023-10-28,Email,40,Tier 2,19.0,30364.0,1598.1052631578948,2024-06-21,2023-11-15,37.0,6.0,10.0,247,2.489082969432314,247,47126.61
CUST00717,2023-09-13,Paid Ads,31,Tier 2,21.0,33734.18,1606.3895238095238,2024-06-27,2023-09-15,54.0,5.0,4.0,292,2.1724137931034484,292,37750.090000000004
CUST00718,2023-07-21,Organic Search,27,Tier 1,48.0,142715.53,2973.240208333333,2024-06-22,2023-07-24,122.0,6.0,9.0,346,4.198250728862974,346,182416.14
CUST00719,2023-12-19,Email,42,Tier 1,3.0,1329.97,443.3233333333333,2024-04-26,2024-02-02,7.0,2.0,66.0,195,0.6,195,3465.09
CUST00720,2023-11-10,Organic Search,33,Tier 2,8.0,8849.84,1106.23,2024-06-21,2024-02-01,18.0,4.0,10.0,234,1.5894039735099337,234,10069.95
CUST00721,2023-09-25,Social Media,54,Tier 3,18.0,27349.23,1519.4016666666666,2024-06-17,2023-09-30,41.0,5.0,14.0,280,1.9636363636363638,280,38834.76
CUST00722,2023-12-16,Paid Ads,31,Tier 1,3.0,1508.01,502.67,2024-06-19,2024-02-28,7.0,3.0,12.0,198,0.7258064516129032,198,891.76
CUST00723,2023-08-28,Email,45,Tier 2,5.0,2994.48,598.896,2024-05-05,2023-09-25,12.0,3.0,57.0,308,0.5357142857142857,308,0.0
CUST00724,2023-09-27,Email,55,Tier 1,10.0,8073.4,807.3399999999999,2024-06-22,2023-09-29,26.0,6.0,9.0,278,1.0869565217391304,278,10030.73
CUST00725,2023-12-29,Paid Ads,25,Tier 3,7.0,7122.41,1017.4871428571429,2024-06-19,2024-01-06,17.0,5.0,12.0,185,1.1864406779661019,185,7562.84
CUST00726,2023-11-27,Email,26,Tier 1,19.0,32507.19,1710.9047368421052,2024-06-09,2023-11-29,36.0,6.0,22.0,217,2.6511627906976742,217,35927.6
CUST00727,2023-09-21,Email,55,Tier 2,7.0,4343.41,620.4871428571429,2024-06-21,2023-12-21,18.0,4.0,10.0,284,1.088082901554404,284,2254.9700000000003
CUST00728,2023-09-03,Social Media,59,Tier 1,15.0,23605.62,1573.7079999999999,2024-06-21,2023-09-04,35.0,6.0,10.0,302,1.495016611295681,302,32801.6
CUST00729,2023-09-02,Social Media,32,Tier 2,4.0,1595.82,398.955,2024-06-05,2023-09-13,11.0,3.0,26.0,303,0.410958904109589,303,2836.88
CUST00730,2023-09-09,Social Media,30,Tier 3,2.0,1311.07,655.535,2023-11-27,2023-09-17,5.0,2.0,217.0,296,0.20833333333333331,296,0.0
CUST00731,2023-07-04,Organic Search,54,Tier 2,5.0,2564.36,512.8720000000001,2024-05-31,2023-07-26,9.0,4.0,31.0,363,0.43988269794721413,363,514.54
CUST00732,2024-01-09,Paid Ads,58,Tier 2,15.0,27332.78,1822.1853333333333,2024-06-17,2024-02-01,31.0,6.0,14.0,174,2.9801324503311255,174,42989.74
CUST00733,2023-11-20,Referral,35,Tier 2,7.0,4666.52,666.6457142857143,2024-06-25,2023-11-23,23.0,5.0,6.0,224,0.9502262443438914,224,5580.110000000001
CUST00734,2023-10-12,Paid Ads,58,Tier 3,13.0,12676.86,975.1430769230769,2024-06-24,2023-11-01,28.0,6.0,7.0,263,1.6049382716049383,263,1896.27
CUST00735,2023-11-27,Organic Search,47,Tier 2,2.0,1191.73,595.865,2024-04-20,2024-01-28,3.0,2.0,72.0,217,0.3870967741935484,217,1141.51
CUST00736,2023-12-22,Paid Ads,45,Tier 3,10.0,17257.88,1725.788,2024-06-30,2024-01-09,21.0,5.0,1.0,192,1.7241379310344827,192,13908.35
CUST00737,2023-10-01,Organic Search,19,Tier 2,4.0,2338.05,584.5125,2024-04-20,2023-11-01,5.0,4.0,72.0,274,0.4938271604938272,274,1019.9100000000001
CUST00738,2023-12-21,Organic Search,52,Tier 2,17.0,26545.37,1561.4923529411765,2024-06-23,2023-12-30,52.0,5.0,8.0,193,2.7717391304347823,193,22869.32
CUST00739,2023-11-19,Referral,22,Tier 1,10.0,9036.05,903.6049999999999,2024-06-25,2023-11-28,21.0,5.0,6.0,225,1.3888888888888888,225,11587.02
CUST00740,2023-12-25,Paid Ads,42,Tier 2,2.0,1373.82,686.91,2024-06-20,2024-06-04,5.0,2.0,11.0,189,2.2222222222222223,189,3598.46
CUST00741,2023-11-25,Organic Search,39,Tier 1,6.0,6972.95,1162.1583333333333,2024-06-18,2023-12-30,19.0,5.0,13.0,219,0.9782608695652174,219,11724.05
CUST00742,2023-12-25,Referral,51,Tier 3,3.0,1382.6100000000001,460.87000000000006,2024-06-30,2024-06-18,5.0,3.0,1.0,189,6.923076923076923,189,2309.92
CUST00743,2023-10-20,Referral,25,Tier 2,9.0,9652.16,1072.4622222222222,2024-06-20,2023-10-25,26.0,6.0,11.0,255,1.0799999999999998,255,7249.94
CUST00744,2023-12-08,Paid Ads,19,Tier 3,18.0,17233.420000000002,957.4122222222223,2024-06-18,2023-12-08,51.0,5.0,13.0,206,2.621359223300971,206,10493.72
CUST00745,2023-10-27,Organic Search,59,Tier 1,4.0,2806.66,701.665,2024-05-18,2024-04-10,10.0,3.0,44.0,248,1.4634146341463414,248,3752.86
CUST00746,2023-08-28,Social Media,21,Tier 1,27.0,48205.83,1785.4011111111113,2024-06-26,2023-09-07,63.0,6.0,5.0,308,2.7181208053691273,308,41349.85
CUST00747,2023-08-12,Social Media,33,Tier 3,6.0,3284.82,547.47,2024-06-23,2023-08-30,18.0,4.0,8.0,324,0.5882352941176471,324,3100.63
CUST00748,2023-07-12,Email,49,Tier 1,11.0,9551.41,868.31,2024-03-15,2023-07-22,26.0,5.0,108.0,355,0.9565217391304347,355,0.0
CUST00749,2023-08-09,Social Media,34,Tier 2,23.0,37176.62,1616.3747826086958,2024-06-27,2023-08-11,57.0,5.0,4.0,327,2.123076923076923,327,58859.45
CUST00750,2023-10-26,Email,28,Tier 3,6.0,4415.82,735.9699999999999,2024-06-20,2023-11-22,17.0,5.0,11.0,249,0.8108108108108109,249,15111.12
CUST00751,2023-07-20,Organic Search,47,Tier 2,5.0,2517.82,503.564,2024-05-13,2023-10-12,12.0,4.0,49.0,347,0.5703422053231939,347,3264.3900000000003
CUST00752,2023-12-13,Email,24,Tier 1,15.0,25082.39,1672.1593333333333,2024-06-26,2024-01-03,41.0,5.0,5.0,201,2.5,201,23354.079999999998
CUST00753,2023-11-08,Paid Ads,47,Tier 3,9.0,8966.65,996.2944444444444,2024-06-15,2024-02-09,18.0,6.0,16.0,236,1.8881118881118883,236,10294.45
CUST00754,2023-12-03,Social Media,35,Tier 1,4.0,1994.69,498.6725,2024-04-01,2023-12-12,7.0,4.0,91.0,211,0.594059405940594,211,3019.79
CUST00755,2023-12-31,Email,40,Tier 3,2.0,1406.6399999999999,703.3199999999999,2024-06-09,2024-04-28,4.0,2.0,22.0,183,0.9375,183,2268.9500000000003
CUST00756,2023-09-28,Organic Search,42,Tier 1,21.0,37372.99,1779.6661904761904,2024-06-25,2023-10-16,46.0,6.0,6.0,277,2.4324324324324325,277,5247.25
CUST00757,2023-10-02,Paid Ads,35,Tier 2,10.0,10086.51,1008.6510000000001,2024-05-29,2023-10-06,27.0,5.0,33.0,273,1.1152416356877324,273,14577.82
CUST00758,2023-07-13,Paid Ads,39,Tier 1,9.0,8093.02,899.2244444444445,2024-05-29,2023-07-23,20.0,6.0,33.0,354,0.7848837209302326,354,3896.68
CUST00759,2023-09-04,Paid Ads,29,Tier 2,21.0,32279.71,1537.1290476190475,2024-06-13,2023-09-14,48.0,6.0,18.0,301,2.1649484536082473,301,47430.85
CUST00760,2023-08-06,Email,25,Tier 1,31.0,51555.58,1663.0832258064518,2024-06-30,2023-08-12,76.0,6.0,1.0,330,2.8703703703703702,330,23874.73
CUST00761,2023-12-24,Paid Ads,57,Tier 3,3.0,1253.06,417.68666666666667,2024-03-30,2024-01-18,7.0,2.0,93.0,190,0.5454545454545454,190,1548.12
CUST00762,2023-09-04,Social Media,23,Tier 2,6.0,2681.81,446.9683333333333,2024-06-14,2023-10-06,16.0,3.0,17.0,301,0.6691449814126393,301,1459.3200000000002
CUST00763,2023-08-05,Organic Search,39,Tier 1,3.0,1476.63,492.21000000000004,2024-06-09,2023-11-27,4.0,2.0,22.0,331,0.4147465437788019,331,1515.96
CUST00764,2023-12-29,Email,36,Tier 2,6.0,6178.34,1029.7233333333334,2024-06-25,2024-01-06,21.0,4.0,6.0,185,1.0169491525423728,185,25007.98
CUST00765,2023-07-26,Social Media,53,Tier 2,3.0,2162.99,720.9966666666666,2024-06-01,2024-05-02,9.0,2.0,30.0,341,1.5,341,3532.76
CUST00766,2023-09-13,Email,38,Tier 1,5.0,5980.139999999999,1196.0279999999998,2024-04-18,2023-09-23,16.0,3.0,74.0,292,0.5319148936170213,292,7581.28
CUST00767,2024-01-16,Paid Ads,33,Tier 1,16.0,24644.78,1540.29875,2024-07-01,2024-01-24,33.0,6.0,0.0,167,3.018867924528302,167,43190.2
CUST00768,2023-10-16,Referral,23,Tier 1,17.0,26895.95,1582.114705882353,2024-06-25,2023-10-19,52.0,6.0,6.0,259,1.9921875,259,50138.73
CUST00769,2023-12-15,Organic Search,31,Tier 1,3.0,1022.1500000000001,340.7166666666667,2024-05-11,2024-01-20,8.0,2.0,51.0,199,0.5521472392638037,199,4506.68
CUST00770,2023-08-12,Organic Search,30,Tier 1,19.0,32042.59,1686.4521052631578,2024-06-27,2023-08-17,42.0,5.0,4.0,324,1.786833855799373,324,42486.12
CUST00771,2023-11-27,Paid Ads,39,Tier 1,4.0,2598.12,649.53,2024-06-06,2024-02-10,7.0,3.0,25.0,217,0.8450704225352113,217,2163.72
CUST00772,2023-11-25,Organic Search,55,Tier 2,15.0,24128.010000000002,1608.534,2024-05-29,2023-11-27,39.0,6.0,33.0,219,2.0737327188940093,219,44074.38
CUST00773,2023-07-08,Referral,24,Tier 2,5.0,2606.02,521.204,2024-06-19,2023-10-05,12.0,3.0,12.0,359,0.5555555555555556,359,2258.13
CUST00774,2023-07-29,Organic Search,25,Tier 1,2.0,927.75,463.875,2024-06-17,2024-01-23,5.0,2.0,14.0,338,0.375,338,1253.1299999999999
CUST00775,2023-08-09,Social Media,44,Tier 3,15.0,25089.45,1672.63,2024-04-11,2023-08-16,32.0,5.0,81.0,327,1.40625,327,0.0
CUST00776,2023-12-05,Social Media,26,Tier 3,3.0,1426.92,475.64000000000004,2024-04-08,2024-02-09,9.0,2.0,84.0,209,0.6293706293706294,209,1857.66
CUST00777,2023-11-05,Organic Search,27,Tier 1,2.0,1174.71,587.355,2024-04-04,2023-11-18,6.0,2.0,88.0,239,0.2654867256637168,239,2723.49
CUST00778,2023-09-22,Email,45,Tier 1,13.0,10735.17,825.7823076923077,2024-04-30,2023-10-21,33.0,6.0,62.0,283,1.5354330708661417,283,13808.25
CUST00779,2023-10-24,Organic Search,22,Tier 3,7.0,6949.7699999999995,992.8242857142857,2024-05-29,2023-11-12,17.0,4.0,33.0,251,0.9051724137931035,251,11493.64
CUST00780,2023-12-30,Paid Ads,39,Tier 2,8.0,7513.32,939.165,2024-06-17,2024-02-21,21.0,5.0,14.0,184,1.83206106870229,184,10834.119999999999
CUST00781,2023-11-21,Organic Search,49,Tier 1,5.0,4828.0599999999995,965.6119999999999,2024-06-15,2023-12-22,11.0,3.0,16.0,223,0.78125,223,14276.02
CUST00782,2023-12-21,Referral,39,Tier 2,12.0,12496.56,1041.3799999999999,2024-06-29,2023-12-21,30.0,5.0,2.0,193,1.8652849740932642,193,9484.65
CUST00783,2023-08-31,Referral,58,Tier 2,11.0,5582.68,507.5163636363637,2024-06-21,2023-10-20,28.0,5.0,10.0,305,1.2941176470588236,305,1878.34
CUST00784,2023-07-07,Organic Search,43,Tier 1,2.0,786.8399999999999,393.41999999999996,2024-04-13,2023-10-01,4.0,2.0,79.0,360,0.218978102189781,360,0.0
CUST00785,2023-08-14,Organic Search,57,Tier 2,6.0,3045.41,507.5683333333333,2024-05-18,2023-09-04,15.0,4.0,44.0,322,0.5980066445182723,322,0.0
CUST00786,2024-01-03,Social Media,33,Tier 2,17.0,26548.39,1561.67,2024-06-05,2024-01-09,51.0,6.0,26.0,180,2.931034482758621,180,13288.02
CUST00787,2023-12-31,Organic Search,53,Tier 2,10.0,10699.95,1069.9950000000001,2024-06-30,2024-01-19,26.0,5.0,1.0,183,1.8292682926829267,183,10921.630000000001
CUST00788,2023-12-23,Social Media,59,Tier 3,6.0,5877.4400000000005,979.5733333333334,2024-05-31,2024-01-12,12.0,4.0,31.0,191,1.0526315789473684,191,11522.8
CUST00789,2023-12-02,Email,55,Tier 1,5.0,4581.6,916.32,2024-04-15,2024-01-01,14.0,4.0,77.0,212,0.8241758241758241,212,18801.28
CUST00790,2023-12-28,Paid Ads,46,Tier 2,15.0,24672.75,1644.85,2024-06-23,2024-01-28,42.0,5.0,8.0,186,2.903225806451613,186,53406.770000000004
CUST00791,2023-09-26,Social Media,32,Tier 1,2.0,1176.08,588.04,2024-05-24,2023-12-08,8.0,2.0,38.0,279,0.2912621359223301,279,513.67
CUST00792,2023-09-11,Paid Ads,22,Tier 1,13.0,12886.39,991.2607692307691,2024-05-06,2023-10-04,35.0,6.0,56.0,294,1.4391143911439115,294,18908.65
CUST00793,2023-12-10,Referral,38,Tier 1,7.0,7229.24,1032.7485714285715,2024-05-22,2023-12-28,19.0,4.0,40.0,204,1.1290322580645162,204,8977.58
CUST00794,2023-12-26,Referral,52,Tier 1,7.0,5863.860000000001,837.6942857142858,2024-06-23,2024-01-06,20.0,3.0,8.0,188,1.1864406779661019,188,7223.04
CUST00795,2023-08-06,Organic Search,30,Tier 1,6.0,4113.58,685.5966666666667,2024-04-11,2023-10-02,19.0,4.0,81.0,330,0.6593406593406594,330,2420.75
CUST00796,2023-10-27,Organic Search,51,Tier 1,31.0,51967.01,1676.3551612903227,2024-07-01,2023-10-29,79.0,6.0,0.0,248,3.7804878048780486,248,45819.13
CUST00797,2023-08-26,Referral,42,Tier 1,15.0,26582.79,1772.1860000000001,2024-06-22,2023-09-04,35.0,6.0,9.0,310,1.495016611295681,310,22666.2
CUST00798,2023-07-08,Referral,38,Tier 2,6.0,5989.97,998.3283333333334,2024-04-11,2023-08-12,14.0,4.0,81.0,359,0.5555555555555556,359,0.0
CUST00799,2023-10-03,Organic Search,23,Tier 1,11.0,10923.06,993.0054545454545,2024-06-26,2023-11-14,30.0,6.0,5.0,272,1.4347826086956523,272,8066.72
CUST00800,2023-10-25,Social Media,56,Tier 2,23.0,35663.39,1550.5821739130436,2024-07-01,2023-10-30,52.0,6.0,0.0,250,2.816326530612245,250,43923.85
CUST00801,2023-10-18,Paid Ads,48,Tier 1,11.0,11154.46,1014.0418181818181,2024-05-15,2023-10-22,27.0,5.0,47.0,257,1.3043478260869565,257,14329.57
CUST00802,2023-07-20,Organic Search,42,Tier 1,3.0,1788.65,596.2166666666667,2024-04-07,2023-08-21,8.0,3.0,85.0,347,0.28571428571428575,347,1469.05
CUST00803,2023-11-01,Social Media,58,Tier 1,11.0,12081.15,1098.2863636363636,2024-06-27,2023-11-29,22.0,5.0,4.0,243,1.5348837209302326,243,13279.119999999999
CUST00804,2023-08-22,Organic Search,25,Tier 1,13.0,11966.32,920.4861538461538,2024-06-29,2023-08-28,35.0,4.0,2.0,314,1.2662337662337662,314,10363.92
CUST00805,2023-10-27,Referral,54,Tier 2,6.0,5830.79,971.7983333333333,2024-06-11,2023-12-28,15.0,3.0,20.0,248,0.967741935483871,248,10406.27
CUST00806,2023-07-12,Organic Search,56,Tier 1,14.0,16379.89,1169.9921428571429,2024-06-24,2023-08-15,28.0,6.0,7.0,355,1.308411214953271,355,5814.63
CUST00807,2023-12-24,Email,34,Tier 3,26.0,38875.06,1495.1946153846152,2024-07-01,2024-01-04,64.0,6.0,0.0,190,4.357541899441341,190,59534.35
CUST00808,2023-07-17,Organic Search,33,Tier 3,22.0,40865.25,1857.5113636363637,2024-07-01,2023-07-20,48.0,5.0,0.0,350,1.9020172910662825,350,40366.65
CUST00809,2023-09-02,Paid Ads,41,Tier 1,15.0,13736.06,915.7373333333333,2024-06-10,2023-09-02,39.0,6.0,21.0,303,1.4851485148514851,303,13124.63
CUST00810,2023-08-11,Email,30,Tier 2,5.0,2742.05,548.4100000000001,2024-06-18,2023-10-27,14.0,4.0,13.0,325,0.6048387096774194,325,3844.87
CUST00811,2023-10-02,Organic Search,47,Tier 1,42.0,137012.32,3262.1980952380954,2024-06-30,2023-10-05,95.0,6.0,1.0,273,4.666666666666667,273,161817.15
CUST00812,2023-12-04,Paid Ads,33,Tier 2,17.0,30078.59,1769.3288235294117,2024-05-26,2023-12-06,43.0,6.0,36.0,210,2.451923076923077,210,25318.94
CUST00813,2023-11-24,Paid Ads,47,Tier 2,2.0,1074.6100000000001,537.3050000000001,2024-02-15,2023-12-25,5.0,2.0,137.0,220,0.31746031746031744,220,2214.45
CUST00814,2023-07-11,Organic Search,39,Tier 1,25.0,39377.0,1575.08,2024-06-24,2023-08-27,69.0,6.0,7.0,356,2.4271844660194173,356,35179.56
CUST00815,2023-10-06,Social Media,33,Tier 1,17.0,29178.68,1716.3929411764707,2024-06-05,2023-10-07,45.0,6.0,26.0,269,1.9029850746268657,269,17629.02
CUST00816,2023-12-25,Paid Ads,32,Tier 1,4.0,3533.03,883.2575,2024-06-23,2024-01-26,8.0,3.0,8.0,189,0.7643312101910829,189,13325.46
CUST00817,2023-09-09,Email,34,Tier 1,15.0,14932.42,995.4946666666667,2024-06-06,2023-09-20,42.0,5.0,25.0,296,1.5789473684210527,296,2265.0
CUST00818,2023-10-16,Paid Ads,33,Tier 2,6.0,3780.68,630.1133333333333,2024-06-28,2023-11-04,15.0,4.0,3.0,259,0.75,259,1246.99
CUST00819,2023-08-27,Paid Ads,22,Tier 1,0.0,0.0,0.0,,,0.0,0.0,360.0,309,0.0,309,0.0
CUST00820,2023-08-03,Organic Search,45,Tier 1,6.0,3357.68,559.6133333333333,2024-05-07,2023-08-19,12.0,3.0,55.0,333,0.5678233438485805,333,1531.02
CUST00821,2023-07-20,Paid Ads,41,Tier 2,37.0,57120.68,1543.8021621621622,2024-06-19,2023-08-13,82.0,6.0,12.0,347,3.4365325077399382,347,59818.39
CUST00822,2023-08-19,Paid Ads,47,Tier 2,9.0,5725.5,636.1666666666666,2024-06-12,2023-08-19,25.0,4.0,19.0,317,0.8517350157728707,317,1561.1
CUST00823,2023-10-10,Social Media,59,Tier 1,0.0,0.0,0.0,,,0.0,0.0,360.0,265,0.0,265,3898.27
CUST00824,2023-11-15,Social Media,27,Tier 2,3.0,1361.71,453.90333333333336,2024-06-07,2024-03-04,8.0,2.0,24.0,229,0.7563025210084033,229,977.23
CUST00825,2023-12-07,Paid Ads,25,Tier 2,13.0,12378.55,952.1961538461538,2024-06-06,2023-12-15,26.0,6.0,25.0,207,1.9597989949748746,207,16008.74
CUST00826,2023-08-21,Organic Search,22,Tier 2,27.0,45003.46,1666.7948148148148,2024-06-29,2023-08-31,70.0,6.0,2.0,315,2.6557377049180326,315,44355.12
CUST00827,2023-07-15,Organic Search,23,Tier 2,5.0,2003.1399999999999,400.628,2024-02-11,2023-10-19,13.0,5.0,141.0,352,0.5859375,352,0.0
CUST00828,2023-09-22,Organic Search,23,Tier 2,1.0,251.95,251.95,2024-04-28,2024-04-28,2.0,1.0,64.0,283,0.46875,283,1782.6699999999998
CUST00829,2023-11-08,Organic Search,29,Tier 1,11.0,10094.57,917.6881818181818,2024-06-25,2023-11-24,32.0,6.0,6.0,236,1.5,236,13526.23
CUST00830,2023-08-06,Paid Ads,59,Tier 2,10.0,8169.19,816.919,2024-06-23,2023-08-13,18.0,5.0,8.0,330,0.9287925696594427,330,3594.0
CUST00831,2023-11-03,Organic Search,46,Tier 3,5.0,2662.59,532.518,2024-06-25,2023-12-22,11.0,2.0,6.0,241,0.78125,241,2199.1099999999997
CUST00832,2023-08-09,Organic Search,34,Tier 2,10.0,9020.01,902.001,2024-05-27,2023-08-17,24.0,5.0,35.0,327,0.9404388714733541,327,11468.85
CUST00833,2023-09-10,Organic Search,59,Tier 1,2.0,736.52,368.26,2023-10-14,2023-10-09,5.0,2.0,261.0,295,0.22556390977443608,295,0.0
CUST00834,2023-08-09,Organic Search,48,Tier 1,4.0,2059.86,514.965,2024-05-25,2023-11-07,9.0,2.0,37.0,327,0.5063291139240506,327,2956.7200000000003
CUST00835,2023-08-25,Organic Search,22,Tier 3,11.0,10819.41,983.5827272727273,2024-06-18,2023-08-29,26.0,6.0,13.0,311,1.0749185667752443,311,15529.59
CUST00836,2023-11-28,Organic Search,20,Tier 1,3.0,2709.63,903.21,2024-06-17,2023-12-02,6.0,3.0,14.0,216,0.42452830188679247,216,13193.63
CUST00837,2023-10-12,Paid Ads,21,Tier 1,23.0,36511.36,1587.4504347826087,2024-07-01,2023-10-21,63.0,5.0,0.0,263,2.716535433070866,263,56351.6
CUST00838,2023-11-16,Paid Ads,39,Tier 1,6.0,3396.5,566.0833333333334,2024-05-25,2023-12-14,15.0,4.0,37.0,228,0.8999999999999999,228,2727.51
CUST00839,2023-10-18,Organic Search,24,Tier 3,8.0,7888.48,986.06,2024-05-19,2023-11-30,26.0,4.0,43.0,257,1.1214953271028036,257,11953.44
CUST00840,2024-01-08,Paid Ads,36,Tier 1,9.0,9013.11,1001.4566666666667,2024-06-22,2024-01-30,23.0,5.0,9.0,175,1.7647058823529411,175,8192.05
CUST00841,2023-11-13,Paid Ads,23,Tier 1,2.0,1133.2,566.6,2024-06-11,2024-05-07,7.0,2.0,20.0,231,1.0909090909090908,231,2741.43
CUST00842,2023-10-01,Organic Search,27,Tier 2,8.0,7147.63,893.45375,2024-06-25,2023-10-22,22.0,5.0,6.0,274,0.9486166007905138,274,10774.119999999999
CUST00843,2023-10-02,Organic Search,38,Tier 1,2.0,1135.86,567.93,2023-12-12,2023-11-21,5.0,2.0,202.0,273,0.26905829596412556,273,2201.17
CUST00844,2023-08-25,Paid Ads,46,Tier 3,42.0,136747.11,3255.883571428571,2024-05-26,2023-08-28,104.0,6.0,36.0,311,4.090909090909091,311,172638.38
CUST00845,2023-08-29,Email,44,Tier 2,3.0,1788.19,596.0633333333334,2024-03-15,2023-09-01,10.0,3.0,108.0,307,0.29605263157894735,307,2923.65
CUST00846,2023-11-15,Organic Search,36,Tier 2,7.0,6808.06,972.58,2024-06-16,2024-01-04,15.0,4.0,15.0,229,1.1731843575418994,229,5656.6
CUST00847,2023-08-08,Organic Search,37,Tier 3,3.0,1716.83,572.2766666666666,2024-02-11,2023-09-25,9.0,3.0,141.0,328,0.32142857142857145,328,1758.83
CUST00848,2023-07-28,Social Media,21,Tier 3,49.0,162483.59,3315.991632653061,2024-06-21,2023-07-28,117.0,6.0,10.0,339,4.336283185840708,339,131834.38
CUST00849,2023-08-18,Organic Search,27,Tier 1,14.0,11323.16,808.7971428571428,2024-04-27,2023-08-28,34.0,5.0,65.0,318,1.3636363636363638,318,0.0
CUST00850,2023-12-11,Organic Search,54,Tier 1,6.0,5642.889999999999,940.4816666666666,2024-04-28,2023-12-23,20.0,4.0,64.0,203,0.9424083769633508,203,0.0
CUST00851,2023-11-02,Social Media,49,Tier 3,1.0,531.22,531.22,2024-03-16,2024-03-16,3.0,1.0,107.0,242,0.2803738317757009,242,2724.0
CUST00852,2023-07-13,Social Media,35,Tier 1,12.0,11837.67,986.4725,2024-05-22,2023-07-13,26.0,6.0,40.0,354,1.0169491525423728,354,5919.05
CUST00853,2023-08-05,Paid Ads,41,Tier 3,6.0,3123.4,520.5666666666667,2024-06-23,2023-09-21,14.0,4.0,8.0,331,0.6338028169014085,331,860.6
CUST00854,2023-10-09,Paid Ads,52,Tier 3,19.0,29682.27,1562.2247368421054,2024-06-12,2023-10-15,50.0,6.0,19.0,266,2.1923076923076925,266,47836.61
CUST00855,2023-07-26,Organic Search,59,Tier 1,3.0,1059.4299999999998,353.14333333333326,2024-05-13,2023-12-03,4.0,3.0,49.0,341,0.42654028436018954,341,738.36
CUST00856,2023-09-24,Organic Search,59,Tier 3,8.0,4000.12,500.015,2024-06-19,2024-01-23,21.0,4.0,12.0,281,1.5,281,6484.72
CUST00857,2023-07-04,Email,23,Tier 1,2.0,1121.68,560.84,2024-01-18,2023-08-02,7.0,2.0,165.0,363,0.17964071856287425,363,889.32
CUST00858,2023-09-20,Organic Search,33,Tier 2,7.0,7273.21,1039.03,2024-05-24,2023-10-18,17.0,4.0,38.0,285,0.8171206225680934,285,15890.619999999999
CUST00859,2024-01-08,Paid Ads,21,Tier 1,4.0,3902.8,975.7,2024-05-05,2024-02-23,11.0,4.0,57.0,175,0.9302325581395349,175,10925.78
CUST00860,2023-12-13,Referral,37,Tier 3,2.0,791.3,395.65,2024-02-15,2024-01-24,5.0,2.0,137.0,201,0.37735849056603776,201,183.48
CUST00861,2023-11-04,Referral,46,Tier 2,18.0,26334.42,1463.0233333333333,2024-06-30,2023-11-04,38.0,6.0,1.0,240,2.25,240,58621.13
CUST00862,2023-09-26,Organic Search,21,Tier 2,8.0,8139.06,1017.3825,2024-04-21,2023-10-15,19.0,5.0,71.0,279,0.9230769230769231,279,0.0
CUST00863,2023-11-04,Email,56,Tier 3,12.0,10564.37,880.3641666666667,2024-06-14,2023-11-23,34.0,5.0,17.0,240,1.6289592760180995,240,11157.92
CUST00864,2023-10-28,Paid Ads,22,Tier 2,7.0,6637.18,948.1685714285715,2024-06-05,2023-11-23,13.0,4.0,26.0,247,0.9502262443438914,247,8371.11
CUST00865,2023-07-22,Social Media,42,Tier 1,14.0,14697.960000000001,1049.8542857142859,2024-06-25,2023-09-21,34.0,6.0,6.0,345,1.4788732394366195,345,5773.360000000001
CUST00866,2023-11-07,Organic Search,49,Tier 3,13.0,11134.69,856.5146153846155,2024-06-28,2023-11-15,36.0,5.0,3.0,237,1.703056768558952,237,13688.6
CUST00867,2023-07-31,Organic Search,29,Tier 2,5.0,2951.74,590.348,2024-04-16,2024-01-01,15.0,3.0,76.0,336,0.8241758241758241,336,3090.05
CUST00868,2023-10-27,Organic Search,55,Tier 3,2.0,954.6999999999999,477.34999999999997,2024-03-12,2023-12-24,6.0,2.0,111.0,248,0.3157894736842105,248,1927.8700000000001
CUST00869,2023-07-11,Paid Ads,19,Tier 3,32.0,53251.55,1664.1109375,2024-06-27,2023-07-15,75.0,6.0,4.0,356,2.7272727272727275,356,45079.09
CUST00870,2023-08-15,Paid Ads,27,Tier 1,28.0,47302.1,1689.3607142857143,2024-06-20,2023-08-15,65.0,6.0,11.0,321,2.616822429906542,321,1256.9499999999998
CUST00871,2023-10-04,Social Media,35,Tier 1,3.0,1653.59,551.1966666666666,2024-03-28,2023-10-19,4.0,2.0,95.0,271,0.3515625,271,2912.1800000000003
CUST00872,2024-01-06,Email,19,Tier 1,1.0,575.56,575.56,2024-02-19,2024-02-19,3.0,1.0,133.0,177,0.22556390977443608,177,0.0
CUST00873,2024-01-13,Organic Search,21,Tier 2,8.0,6935.969999999999,866.9962499999999,2024-06-25,2024-02-07,21.0,6.0,6.0,170,1.6551724137931034,170,12862.949999999999
CUST00874,2024-01-08,Paid Ads,44,Tier 1,11.0,11223.11,1020.2827272727274,2024-06-26,2024-01-08,35.0,5.0,5.0,175,1.885714285714286,175,12348.47
CUST00875,2023-07-10,Organic Search,49,Tier 2,3.0,2280.49,760.1633333333333,2024-04-26,2023-10-27,7.0,2.0,66.0,357,0.3629032258064516,357,3763.9300000000003
CUST00876,2023-12-15,Social Media,44,Tier 1,1.0,645.15,645.15,2024-03-24,2024-03-24,3.0,1.0,99.0,199,0.30303030303030304,199,1452.1
CUST00877,2023-11-05,Referral,41,Tier 1,10.0,8348.03,834.8030000000001,2024-05-25,2023-12-12,23.0,5.0,37.0,239,1.4851485148514851,239,0.0
CUST00878,2023-11-29,Referral,48,Tier 1,3.0,2669.17,889.7233333333334,2024-06-12,2024-03-25,9.0,3.0,19.0,215,0.9183673469387755,215,3386.88
CUST00879,2023-10-07,Social Media,28,Tier 1,2.0,980.22,490.11,2024-02-22,2023-11-15,2.0,1.0,130.0,268,0.26200873362445415,268,3600.6099999999997
CUST00880,2023-12-19,Organic Search,26,Tier 2,4.0,2611.87,652.9675,2024-06-16,2024-02-27,6.0,4.0,15.0,195,0.96,195,2627.27
CUST00881,2023-10-20,Organic Search,43,Tier 1,3.0,1488.76,496.25333333333333,2023-11-28,2023-11-09,9.0,3.0,216.0,255,0.3829787234042553,255,0.0
CUST00882,2023-08-29,Email,40,Tier 1,14.0,14166.97,1011.9264285714286,2024-06-11,2023-08-29,33.0,6.0,20.0,307,1.3680781758957654,307,10346.68
CUST00883,2024-01-06,Referral,33,Tier 1,0.0,0.0,0.0,,,0.0,0.0,360.0,177,0.0,177,3632.23
CUST00884,2023-09-25,Organic Search,59,Tier 2,6.0,3175.29,529.215,2024-06-20,2023-11-02,10.0,4.0,11.0,280,0.743801652892562,280,3767.93
CUST00885,2023-11-22,Organic Search,28,Tier 3,12.0,18360.3,1530.0249999999999,2024-06-02,2023-12-17,35.0,5.0,29.0,222,1.8274111675126905,222,20183.15
CUST00886,2023-09-03,Social Media,38,Tier 1,6.0,2695.46,449.24333333333334,2024-06-17,2023-12-25,19.0,4.0,14.0,302,0.9523809523809523,302,1151.47
CUST00887,2023-08-26,Organic Search,59,Tier 2,10.0,9041.94,904.1940000000001,2024-04-26,2023-09-21,26.0,5.0,66.0,310,1.0563380281690142,310,9123.7
CUST00888,2023-12-30,Paid Ads,41,Tier 1,0.0,0.0,0.0,,,0.0,0.0,360.0,184,0.0,184,1956.13
CUST00889,2023-10-14,Email,19,Tier 1,3.0,2037.16,679.0533333333334,2024-03-28,2023-11-25,10.0,3.0,95.0,261,0.410958904109589,261,2440.96
CUST00890,2023-12-28,Organic Search,20,Tier 2,4.0,2790.98,697.745,2024-05-13,2024-01-04,6.0,2.0,49.0,186,0.670391061452514,186,1325.95
CUST00891,2023-12-31,Organic Search,37,Tier 1,2.0,1118.0700000000002,559.0350000000001,2024-04-03,2024-01-17,8.0,2.0,89.0,183,0.3614457831325301,183,15594.470000000001
CUST00892,2023-07-09,Social Media,32,Tier 2,40.0,66777.34,1669.4334999999999,2024-06-15,2023-07-13,97.0,6.0,16.0,358,3.389830508474576,358,39673.520000000004
CUST00893,2023-07-22,Email,26,Tier 1,17.0,26984.97,1587.3511764705884,2024-02-02,2023-08-13,43.0,6.0,150.0,345,1.5789473684210527,345,0.0
CUST00894,2023-11-18,Referral,56,Tier 3,2.0,1114.7,557.35,2024-05-27,2023-12-23,6.0,2.0,35.0,226,0.31413612565445026,226,2056.48
CUST00895,2023-09-27,Paid Ads,30,Tier 1,4.0,4356.18,1089.045,2024-01-27,2023-10-24,13.0,4.0,156.0,278,0.47808764940239046,278,0.0
CUST00896,2023-12-23,Organic Search,44,Tier 2,1.0,455.12,455.12,2024-06-30,2024-06-30,1.0,1.0,1.0,191,30.0,191,1064.1599999999999
CUST00897,2023-07-18,Social Media,45,Tier 3,5.0,2719.36,543.8720000000001,2024-05-24,2024-01-29,7.0,3.0,38.0,349,0.9740259740259739,349,1929.15
CUST00898,2023-10-23,Paid Ads,47,Tier 1,14.0,20006.59,1429.0421428571428,2024-06-28,2023-10-29,37.0,6.0,3.0,252,1.7073170731707317,252,42587.8
CUST00899,2023-12-15,Organic Search,33,Tier 2,3.0,1273.85,424.6166666666666,2024-06-30,2024-01-13,9.0,2.0,1.0,199,0.5294117647058824,199,3584.69
CUST00900,2023-11-22,Social Media,19,Tier 1,2.0,1168.2199999999998,584.1099999999999,2024-04-27,2024-01-30,5.0,2.0,65.0,222,0.39215686274509803,222,1694.65
CUST00901,2023-11-20,Organic Search,46,Tier 2,4.0,2043.79,510.9475,2024-06-21,2024-02-12,13.0,3.0,10.0,224,0.8571428571428571,224,1360.49
CUST00902,2023-10-14,Organic Search,21,Tier 1,5.0,2551.11,510.22200000000004,2024-02-20,2023-10-18,15.0,4.0,132.0,261,0.5836575875486382,261,0.0
CUST00903,2023-07-15,Organic Search,36,Tier 1,4.0,2239.72,559.93,2024-06-21,2023-08-03,8.0,2.0,10.0,352,0.36036036036036034,352,3933.57
CUST00904,2023-09-01,Paid Ads,52,Tier 2,8.0,10422.89,1302.86125,2024-06-02,2023-11-03,22.0,4.0,29.0,304,0.995850622406639,304,15691.84
CUST00905,2023-12-14,Paid Ads,50,Tier 1,7.0,6397.75,913.9642857142857,2024-05-14,2024-01-23,19.0,5.0,48.0,200,1.3125,200,12542.39
CUST00906,2023-07-13,Paid Ads,47,Tier 2,22.0,37887.42,1722.1554545454544,2024-03-01,2023-07-16,52.0,6.0,122.0,354,1.8803418803418805,354,0.0
CUST00907,2023-09-19,Social Media,43,Tier 1,16.0,26918.0,1682.375,2024-06-25,2023-09-27,44.0,5.0,6.0,286,1.7266187050359714,286,39016.21
CUST00908,2023-08-01,Referral,44,Tier 1,5.0,2657.45,531.49,2024-07-01,2023-12-18,17.0,5.0,0.0,335,0.7653061224489797,335,3265.3
CUST00909,2023-11-14,Organic Search,57,Tier 2,2.0,504.84999999999997,252.42499999999998,2024-06-12,2023-12-11,5.0,2.0,19.0,230,0.2955665024630542,230,1229.38
CUST00910,2023-08-09,Organic Search,26,Tier 2,4.0,2515.33,628.8325,2023-11-23,2023-09-03,11.0,3.0,221.0,327,0.3973509933774834,327,0.0
CUST00911,2023-11-25,Organic Search,37,Tier 1,6.0,3611.1400000000003,601.8566666666667,2024-05-16,2023-12-13,14.0,5.0,46.0,219,0.8955223880597015,219,9979.52
CUST00912,2023-09-20,Organic Search,40,Tier 1,2.0,1231.01,615.505,2024-06-26,2024-03-05,7.0,1.0,5.0,285,0.5084745762711864,285,2078.67
CUST00913,2023-09-15,Email,47,Tier 1,9.0,7709.23,856.5811111111111,2024-03-06,2023-09-15,19.0,6.0,117.0,290,0.9310344827586207,290,16054.08
CUST00914,2024-01-07,Social Media,51,Tier 1,7.0,5607.45,801.0642857142857,2024-06-21,2024-01-14,20.0,4.0,10.0,176,1.2426035502958581,176,9378.07
CUST00915,2023-09-14,Social Media,56,Tier 1,10.0,8037.450000000001,803.7450000000001,2024-06-13,2023-10-11,24.0,5.0,18.0,291,1.1363636363636365,291,10777.73
CUST00916,2023-12-19,Organic Search,53,Tier 1,4.0,5020.79,1255.1975,2024-06-20,2024-02-10,8.0,4.0,11.0,195,0.8450704225352113,195,7561.13
CUST00917,2023-08-07,Paid Ads,21,Tier 2,4.0,2294.23,573.5575,2024-03-24,2023-08-22,9.0,3.0,99.0,329,0.3821656050955414,329,803.26
CUST00918,2024-01-04,Paid Ads,37,Tier 2,13.0,21209.12,1631.470769230769,2024-05-30,2024-01-24,39.0,6.0,32.0,179,2.452830188679245,179,0.0
CUST00919,2023-09-09,Organic Search,28,Tier 1,21.0,37093.59,1766.3614285714284,2024-06-07,2023-09-14,47.0,6.0,24.0,296,2.1649484536082473,296,25608.88
CUST00920,2023-08-17,Email,45,Tier 1,3.0,1726.05,575.35,2024-06-08,2023-08-17,10.0,3.0,23.0,319,0.2821316614420063,319,4652.88
CUST00921,2023-07-18,Referral,33,Tier 1,33.0,52824.05,1600.728787878788,2024-06-13,2023-07-18,71.0,6.0,18.0,349,2.836676217765043,349,41962.51
CUST00922,2023-11-21,Paid Ads,29,Tier 2,4.0,4326.68,1081.67,2024-03-29,2024-01-10,13.0,3.0,94.0,223,0.6936416184971098,223,0.0
CUST00923,2023-12-30,Social Media,44,Tier 3,16.0,24930.09,1558.130625,2024-06-30,2024-01-09,39.0,5.0,1.0,184,2.7586206896551726,184,34590.79
CUST00924,2023-08-08,Paid Ads,42,Tier 2,33.0,49867.17,1511.1263636363635,2024-06-03,2023-08-08,78.0,6.0,28.0,328,3.0182926829268295,328,0.0
CUST00925,2024-01-12,Organic Search,31,Tier 2,10.0,8757.630000000001,875.7630000000001,2024-06-06,2024-01-20,23.0,4.0,25.0,171,1.8404907975460123,171,4961.73
CUST00926,2024-01-03,Email,50,Tier 3,1.0,579.26,579.26,2024-03-07,2024-03-07,3.0,1.0,116.0,180,0.25862068965517243,180,2616.39
CUST00927,2023-09-27,Organic Search,55,Tier 1,4.0,2342.23,585.5575,2024-02-27,2023-10-26,10.0,3.0,125.0,278,0.48192771084337344,278,3823.65
CUST00928,2023-08-31,Organic Search,22,Tier 1,12.0,10515.83,876.3191666666667,2024-06-18,2023-09-09,28.0,5.0,13.0,305,1.2162162162162162,305,8561.05
CUST00929,2023-11-18,Email,31,Tier 2,9.0,8360.51,928.9455555555555,2024-06-27,2023-12-06,24.0,5.0,4.0,226,1.2980769230769231,226,13336.39
CUST00930,2023-10-17,Social Media,27,Tier 1,0.0,0.0,0.0,,,0.0,0.0,360.0,258,0.0,258,0.0
CUST00931,2023-09-19,Paid Ads,52,Tier 2,5.0,3159.45,631.89,2024-06-30,2024-01-01,10.0,3.0,1.0,286,0.8241758241758241,286,2298.2599999999998
CUST00932,2023-11-11,Paid Ads,55,Tier 2,18.0,29027.32,1612.628888888889,2024-06-27,2023-11-11,50.0,5.0,4.0,233,2.3175965665236054,233,70738.49
CUST00933,2023-09-15,Social Media,25,Tier 2,38.0,116665.78,3070.152105263158,2024-06-24,2023-09-16,93.0,6.0,7.0,290,3.9446366782006916,290,162234.48
CUST00934,2024-01-04,Social Media,19,Tier 1,5.0,3818.92,763.784,2024-04-27,2024-01-18,13.0,3.0,65.0,179,0.9090909090909092,179,9418.82
CUST00935,2023-09-28,Social Media,30,Tier 2,2.0,844.42,422.21,2024-01-17,2023-10-01,4.0,2.0,166.0,277,0.218978102189781,277,3237.75
CUST00936,2023-07-14,Organic Search,39,Tier 2,4.0,2634.39,658.5975,2024-01-17,2023-09-26,10.0,3.0,166.0,353,0.43010752688172044,353,0.0
CUST00937,2023-10-03,Referral,29,Tier 3,3.0,1419.93,473.31,2024-02-28,2023-11-16,7.0,2.0,124.0,272,0.39473684210526316,272,949.05
CUST00938,2023-08-23,Organic Search,32,Tier 2,27.0,42898.51,1588.8337037037038,2024-07-01,2023-09-03,72.0,6.0,0.0,313,2.6821192052980134,313,49760.8
CUST00939,2023-11-09,Email,52,Tier 3,2.0,1059.26,529.63,2024-01-03,2023-11-28,7.0,2.0,180.0,235,0.2777777777777778,235,2377.51
CUST00940,2023-08-08,Organic Search,52,Tier 1,13.0,10806.08,831.2369230769231,2024-06-28,2023-08-08,35.0,6.0,3.0,328,1.1890243902439024,328,10796.41
CUST00941,2023-09-10,Email,43,Tier 1,2.0,1541.51,770.755,2024-04-05,2023-11-29,5.0,2.0,87.0,295,0.27906976744186046,295,2711.5099999999998
CUST00942,2023-07-25,Organic Search,22,Tier 1,16.0,14747.98,921.74875,2024-07-01,2023-08-25,29.0,5.0,0.0,342,1.5434083601286173,342,17095.56
CUST00943,2023-09-15,Paid Ads,44,Tier 1,8.0,7640.280000000001,955.0350000000001,2024-06-24,2023-12-22,14.0,4.0,7.0,290,1.25,290,0.0
CUST00944,2023-12-07,Paid Ads,34,Tier 3,18.0,36881.15,2048.952777777778,2024-06-09,2023-12-14,41.0,6.0,22.0,207,2.6999999999999997,207,31246.0
CUST00945,2024-01-03,Organic Search,28,Tier 3,4.0,1788.6,447.15,2024-04-17,2024-01-05,8.0,2.0,75.0,180,0.6741573033707865,180,1575.1999999999998
CUST00946,2024-01-07,Email,20,Tier 1,5.0,2453.69,490.738,2024-05-22,2024-02-03,11.0,3.0,40.0,176,1.0067114093959733,176,6026.33
CUST00947,2023-12-13,Social Media,53,Tier 1,5.0,2611.4300000000003,522.2860000000001,2024-05-22,2024-01-29,11.0,3.0,40.0,201,0.9740259740259739,201,1366.6000000000001
CUST00948,2023-10-28,Referral,37,Tier 1,19.0,28685.079999999998,1509.741052631579,2024-06-10,2023-11-10,38.0,6.0,21.0,247,2.435897435897436,247,40698.66
CUST00949,2023-08-22,Organic Search,24,Tier 3,31.0,49497.6,1596.6967741935484,2024-07-01,2023-09-15,83.0,6.0,0.0,314,3.206896551724138,314,47069.61
CUST00950,2024-01-11,Social Media,37,Tier 1,6.0,6125.49,1020.915,2024-06-19,2024-01-28,17.0,3.0,12.0,172,1.1612903225806452,172,13778.89
CUST00951,2023-12-03,Email,26,Tier 1,11.0,10140.31,921.8463636363635,2024-06-30,2024-02-01,27.0,6.0,1.0,211,2.185430463576159,211,11866.6
CUST00952,2023-11-08,Paid Ads,32,Tier 1,17.0,15120.95,889.4676470588236,2024-06-15,2023-11-21,48.0,5.0,16.0,236,2.286995515695067,236,12887.23
CUST00953,2023-11-27,Organic Search,28,Tier 1,4.0,2183.46,545.865,2024-04-30,2023-12-10,11.0,3.0,62.0,217,0.5882352941176471,217,947.1800000000001
CUST00954,2023-10-04,Email,21,Tier 3,24.0,38846.4,1618.6000000000001,2024-06-16,2023-10-18,59.0,6.0,15.0,271,2.801556420233463,271,45728.55
CUST00955,2023-12-13,Referral,56,Tier 1,7.0,6714.76,959.2514285714286,2024-06-15,2024-01-18,14.0,5.0,16.0,201,1.2727272727272727,201,10423.6
CUST00956,2024-01-16,Email,47,Tier 1,2.0,803.46,401.73,2024-04-23,2024-04-23,4.0,1.0,69.0,167,0.8695652173913043,167,1476.36
CUST00957,2023-09-10,Paid Ads,33,Tier 1,12.0,14436.35,1203.0291666666667,2024-06-12,2023-10-28,31.0,5.0,19.0,295,1.45748987854251,295,9225.76
CUST00958,2023-08-31,Paid Ads,41,Tier 2,4.0,1937.42,484.355,2024-05-21,2024-01-18,9.0,2.0,41.0,305,0.7272727272727273,305,3038.21
CUST00959,2024-01-01,Organic Search,41,Tier 2,1.0,269.81,269.81,2024-06-05,2024-06-05,2.0,1.0,26.0,182,1.153846153846154,182,4599.9
CUST00960,2023-07-06,Social Media,36,Tier 1,14.0,13025.95,930.4250000000001,2024-06-25,2023-07-22,30.0,6.0,6.0,361,1.217391304347826,361,15834.619999999999
CUST00961,2023-08-01,Social Media,37,Tier 1,11.0,6984.76,634.9781818181818,2024-06-20,2023-08-13,29.0,6.0,11.0,335,1.021671826625387,335,575.72
CUST00962,2023-10-07,Organic Search,46,Tier 3,11.0,10856.58,986.9618181818182,2024-06-23,2023-10-12,33.0,4.0,8.0,268,1.2547528517110265,268,8533.06
CUST00963,2023-11-15,Social Media,44,Tier 1,5.0,3339.37,667.874,2024-02-02,2023-11-28,11.0,4.0,150.0,229,0.6944444444444444,229,1101.3400000000001
CUST00964,2023-11-08,Organic Search,28,Tier 2,2.0,1640.97,820.485,2024-05-27,2024-04-17,6.0,1.0,35.0,236,0.8,236,2660.67
CUST00965,2024-01-03,Referral,22,Tier 1,3.0,1267.3400000000001,422.4466666666667,2024-05-20,2024-03-14,11.0,2.0,42.0,180,0.8256880733944955,180,323.45
CUST00966,2023-09-14,Paid Ads,20,Tier 1,7.0,4137.78,591.1114285714285,2024-06-13,2023-12-12,22.0,4.0,18.0,291,1.0396039603960396,291,1149.71
CUST00967,2023-12-24,Organic Search,21,Tier 2,3.0,2756.4700000000003,918.8233333333334,2024-04-17,2024-01-12,9.0,3.0,75.0,190,0.5263157894736842,190,13509.24
CUST00968,2023-08-28,Paid Ads,25,Tier 3,8.0,5119.72,639.965,2024-06-26,2023-09-15,20.0,5.0,5.0,308,0.8275862068965517,308,1339.08
CUST00969,2023-07-31,Paid Ads,34,Tier 2,11.0,9757.36,887.0327272727274,2024-04-05,2023-09-17,31.0,6.0,87.0,336,1.1458333333333335,336,10469.45
CUST00970,2023-10-01,Organic Search,49,Tier 1,11.0,11111.46,1010.1327272727272,2024-06-01,2023-10-15,24.0,6.0,30.0,274,1.2692307692307694,274,7835.39
CUST00971,2023-09-07,Email,28,Tier 2,19.0,17326.0,911.8947368421053,2024-06-23,2023-09-12,48.0,6.0,8.0,298,1.9453924914675766,298,15491.01
CUST00972,2024-01-06,Email,37,Tier 2,13.0,23694.98,1822.690769230769,2024-06-19,2024-01-18,27.0,5.0,12.0,177,2.3636363636363633,177,42204.12
CUST00973,2023-08-21,Social Media,46,Tier 2,12.0,12656.38,1054.6983333333333,2024-06-05,2023-08-25,32.0,5.0,26.0,315,1.157556270096463,315,3723.54
CUST00974,2023-09-27,Organic Search,35,Tier 2,4.0,2451.88,612.97,2024-02-25,2023-10-17,8.0,2.0,127.0,278,0.46511627906976744,278,1680.84
CUST00975,2023-11-04,Paid Ads,46,Tier 1,2.0,903.98,451.99,2024-06-05,2024-02-11,5.0,2.0,26.0,240,0.425531914893617,240,0.0
CUST00976,2023-12-16,Organic Search,37,Tier 2,3.0,1652.5900000000001,550.8633333333333,2024-06-17,2024-02-14,7.0,2.0,14.0,198,0.6521739130434783,198,1136.8600000000001
CUST00977,2023-07-31,Social Media,55,Tier 2,13.0,14851.27,1142.4053846153847,2024-06-17,2023-08-23,30.0,6.0,14.0,336,1.2460063897763578,336,11747.14
CUST00978,2023-09-22,Organic Search,41,Tier 1,7.0,3523.4900000000002,503.3557142857143,2024-05-10,2023-09-23,18.0,3.0,52.0,283,0.7446808510638299,283,1759.53
CUST00979,2023-11-04,Referral,38,Tier 2,11.0,9306.93,846.0845454545455,2024-05-29,2023-11-13,27.0,4.0,33.0,240,1.4285714285714284,240,17808.760000000002
CUST00980,2023-11-27,Social Media,31,Tier 1,7.0,6530.09,932.87,2024-04-29,2024-01-13,13.0,5.0,63.0,217,1.2352941176470589,217,11327.15
CUST00981,2023-11-09,Paid Ads,31,Tier 1,2.0,1109.99,554.995,2024-05-15,2024-01-12,5.0,2.0,47.0,235,0.3508771929824561,235,0.0
CUST00982,2023-07-13,Paid Ads,29,Tier 3,27.0,43798.64,1622.171851851852,2024-06-26,2023-07-14,82.0,6.0,5.0,354,2.294617563739377,354,41784.18
CUST00983,2023-08-14,Organic Search,33,Tier 1,5.0,1597.1299999999999,319.426,2024-04-05,2024-01-02,14.0,4.0,87.0,322,0.8287292817679558,322,1378.8400000000001
CUST00984,2023-11-04,Organic Search,35,Tier 1,3.0,1175.1100000000001,391.7033333333334,2024-06-29,2023-11-28,10.0,3.0,2.0,240,0.41666666666666663,240,2377.36
CUST00985,2023-12-17,Social Media,46,Tier 2,7.0,6256.49,893.7842857142857,2024-06-26,2023-12-30,15.0,5.0,5.0,197,1.141304347826087,197,5919.39
CUST00986,2023-10-22,Referral,37,Tier 3,6.0,5265.95,877.6583333333333,2024-04-19,2023-12-27,18.0,3.0,73.0,253,0.9625668449197862,253,5298.37
CUST00987,2023-12-24,Organic Search,22,Tier 3,5.0,4870.0,974.0,2024-06-13,2024-02-05,11.0,4.0,18.0,190,1.0204081632653061,190,3879.57
CUST00988,2023-07-20,Email,40,Tier 2,8.0,7380.89,922.61125,2024-07-01,2023-07-29,20.0,5.0,0.0,347,0.7100591715976331,347,11337.44
CUST00989,2023-09-19,Social Media,40,Tier 1,0.0,0.0,0.0,,,0.0,0.0,360.0,286,0.0,286,1666.03
CUST00990,2023-12-29,Email,55,Tier 3,11.0,16178.85,1470.8045454545454,2024-06-13,2024-01-29,28.0,6.0,18.0,185,2.142857142857143,185,54603.520000000004
CUST00991,2023-12-11,Organic Search,57,Tier 2,9.0,14898.49,1655.3877777777777,2024-06-29,2023-12-28,25.0,6.0,2.0,203,1.4516129032258065,203,53605.46
CUST00992,2023-11-06,Organic Search,52,Tier 1,12.0,9706.94,808.9116666666667,2024-07-01,2023-11-15,29.0,6.0,0.0,238,1.5720524017467248,238,6173.37
CUST00993,2023-11-20,Organic Search,51,Tier 3,4.0,2110.54,527.635,2024-06-10,2024-02-29,9.0,3.0,21.0,224,0.9756097560975611,224,4993.13
CUST00994,2023-07-17,Social Media,58,Tier 1,13.0,14696.2,1130.4769230769232,2024-06-24,2023-08-09,35.0,6.0,7.0,350,1.1926605504587156,350,9540.460000000001
CUST00995,2023-11-29,Paid Ads,51,Tier 1,5.0,2788.31,557.662,2024-04-26,2024-01-30,11.0,5.0,66.0,215,0.9803921568627452,215,2623.8199999999997
CUST00996,2023-08-27,Paid Ads,30,Tier 3,3.0,1731.04,577.0133333333333,2024-06-03,2023-12-27,8.0,2.0,28.0,309,0.4812834224598931,309,4150.2300000000005
CUST00997,2023-09-10,Referral,20,Tier 2,16.0,26677.82,1667.36375,2024-06-28,2023-10-03,43.0,6.0,3.0,295,1.7647058823529411,295,23869.62
CUST00998,2023-10-17,Email,46,Tier 1,3.0,1944.79,648.2633333333333,2024-06-02,2024-01-23,4.0,2.0,29.0,258,0.5625,258,956.39
CUST00999,2023-07-23,Social Media,28,Tier 1,54.0,173308.41,3209.415,2024-06-26,2023-07-23,129.0,6.0,5.0,344,4.709302325581396,344,183094.48
CUST01000,2023-12-21,Paid Ads,40,Tier 2,9.0,8656.75,961.8611111111111,2024-05-27,2023-12-24,22.0,4.0,35.0,193,1.4210526315789473,193,6722.95
CUST01001,2023-09-10,Organic Search,35,Tier 1,5.0,2289.76,457.95200000000006,2024-06-16,2023-11-10,13.0,3.0,15.0,295,0.6410256410256411,295,2562.0
CUST01002,2023-07-08,Referral,44,Tier 1,20.0,19343.93,967.1965,2024-06-28,2023-07-19,45.0,6.0,3.0,359,1.7241379310344827,359,8277.5
CUST01003,2023-08-28,Paid Ads,21,Tier 2,15.0,26428.52,1761.9013333333335,2024-01-13,2023-08-29,39.0,4.0,170.0,308,1.4657980456026058,308,0.0
CUST01004,2023-10-19,Organic Search,25,Tier 3,10.0,9319.1,931.9100000000001,2024-05-20,2023-11-12,29.0,5.0,42.0,256,1.293103448275862,256,14005.59
CUST01005,2024-01-03,Paid Ads,26,Tier 2,17.0,27327.12,1607.4776470588235,2024-06-30,2024-02-27,48.0,6.0,1.0,180,4.08,180,50681.24
CUST01006,2023-07-13,Organic Search,38,Tier 2,7.0,3815.5699999999997,545.0814285714285,2023-12-25,2023-08-09,14.0,5.0,189.0,354,0.6422018348623852,354,0.0
CUST01007,2023-12-14,Paid Ads,30,Tier 2,9.0,7464.719999999999,829.4133333333333,2024-06-28,2024-01-29,21.0,4.0,3.0,200,1.7532467532467533,200,4648.2699999999995
CUST01008,2023-12-03,Social Media,53,Tier 2,16.0,28554.93,1784.683125,2024-06-29,2023-12-04,40.0,6.0,2.0,211,2.285714285714286,211,50649.97
CUST01009,2024-01-05,Referral,35,Tier 1,0.0,0.0,0.0,,,0.0,0.0,360.0,178,0.0,178,422.83
CUST01010,2023-07-16,Referral,46,Tier 3,9.0,10369.01,1152.1122222222223,2024-07-01,2023-08-07,21.0,5.0,0.0,351,0.8206686930091186,351,11354.93
CUST01011,2023-10-27,Organic Search,59,Tier 1,2.0,1411.0500000000002,705.5250000000001,2024-05-11,2023-11-12,3.0,2.0,51.0,248,0.25862068965517243,248,1294.8799999999999
CUST01012,2023-07-02,Paid Ads,28,Tier 1,64.0,200762.45,3136.91328125,2024-06-30,2023-07-02,153.0,6.0,1.0,365,5.260273972602739,365,146670.75
CUST01013,2023-11-22,Organic Search,40,Tier 1,15.0,28085.89,1872.3926666666666,2024-06-29,2023-11-24,35.0,6.0,2.0,222,2.0454545454545454,222,10708.64
CUST01014,2023-07-30,Social Media,56,Tier 2,5.0,3434.7799999999997,686.9559999999999,2024-05-10,2023-10-04,13.0,3.0,52.0,337,0.5535055350553506,337,1432.3799999999999
CUST01015,2023-10-11,Paid Ads,51,Tier 1,9.0,8298.57,922.0633333333333,2024-06-01,2023-10-15,18.0,6.0,30.0,264,1.0384615384615385,264,14965.17
CUST01016,2023-07-13,Email,40,Tier 1,23.0,35049.31,1523.8830434782608,2024-06-16,2023-07-13,60.0,6.0,15.0,354,1.9491525423728813,354,50429.64
CUST01017,2023-10-04,Social Media,55,Tier 2,4.0,2698.14,674.535,2024-04-29,2023-10-10,13.0,2.0,63.0,271,0.4528301886792453,271,2102.55
CUST01018,2023-10-02,Paid Ads,31,Tier 3,7.0,6093.55,870.5071428571429,2024-05-04,2023-11-06,25.0,3.0,58.0,273,0.8823529411764706,273,11552.92
CUST01019,2023-09-20,Paid Ads,45,Tier 2,26.0,35758.19,1375.315,2024-06-27,2023-09-26,75.0,6.0,4.0,285,2.795698924731183,285,37693.73
CUST01020,2023-07-13,Referral,33,Tier 1,2.0,769.77,384.885,2023-11-12,2023-07-22,8.0,2.0,232.0,354,0.17391304347826086,354,1421.23
CUST01021,2023-12-18,Referral,40,Tier 1,7.0,7136.92,1019.5600000000001,2024-05-17,2023-12-23,19.0,4.0,45.0,196,1.0994764397905759,196,7554.709999999999
CUST01022,2023-10-02,Organic Search,48,Tier 2,3.0,2143.5,714.5,2024-04-26,2023-10-25,8.0,3.0,66.0,273,0.36,273,2019.0500000000002
CUST01023,2023-11-26,Paid Ads,58,Tier 1,17.0,30188.15,1775.7735294117647,2024-06-27,2023-11-27,34.0,5.0,4.0,218,2.3502304147465436,218,38093.25
CUST01024,2023-10-20,Referral,55,Tier 2,46.0,154750.66,3364.1447826086956,2024-07-01,2023-10-22,114.0,6.0,0.0,255,5.454545454545455,255,159765.69
CUST01025,2023-08-24,Organic Search,52,Tier 1,14.0,25011.309999999998,1786.5221428571426,2024-03-12,2023-08-29,39.0,6.0,111.0,312,1.3680781758957654,312,0.0
CUST01026,2023-09-19,Paid Ads,52,Tier 3,11.0,12136.98,1103.361818181818,2024-05-29,2023-10-06,26.0,5.0,33.0,286,1.2267657992565055,286,13092.17
CUST01027,2023-12-15,Organic Search,53,Tier 2,15.0,25086.85,1672.4566666666665,2024-06-19,2023-12-18,43.0,5.0,12.0,199,2.295918367346939,199,31268.899999999998
CUST01028,2023-10-24,Paid Ads,37,Tier 1,15.0,29123.42,1941.5613333333333,2024-05-28,2023-11-14,41.0,5.0,34.0,251,1.9565217391304348,251,40392.03
CUST01029,2023-11-20,Organic Search,26,Tier 3,3.0,1631.17,543.7233333333334,2024-05-06,2024-03-15,5.0,2.0,56.0,224,0.8333333333333333,224,3394.83
CUST01030,2023-12-27,Paid Ads,57,Tier 1,13.0,18478.97,1421.4592307692308,2024-05-31,2024-01-20,29.0,5.0,31.0,187,2.392638036809816,187,45668.87
CUST01031,2023-10-16,Organic Search,51,Tier 1,6.0,2887.77,481.295,2024-04-13,2023-11-06,13.0,4.0,79.0,259,0.7563025210084033,259,2623.77
CUST01032,2023-08-22,Paid Ads,46,Tier 3,11.0,10457.16,950.6509090909091,2024-06-22,2023-08-28,33.0,6.0,9.0,314,1.0714285714285714,314,1748.5
CUST01033,2023-11-05,Referral,55,Tier 1,2.0,1292.6100000000001,646.3050000000001,2024-01-10,2023-11-08,5.0,2.0,173.0,239,0.2542372881355932,239,3455.86
CUST01034,2023-12-27,Social Media,43,Tier 1,4.0,1892.35,473.0875,2024-05-26,2024-01-24,12.0,3.0,36.0,187,0.7547169811320755,187,5891.08
CUST01035,2023-12-05,Social Media,54,Tier 1,4.0,2464.33,616.0825,2024-04-01,2023-12-19,10.0,3.0,91.0,209,0.6153846153846154,209,935.93
CUST01036,2023-12-08,Email,35,Tier 1,7.0,5090.610000000001,727.2300000000001,2024-04-27,2023-12-17,22.0,4.0,65.0,206,1.0659898477157361,206,10073.4
CUST01037,2023-08-26,Organic Search,42,Tier 1,7.0,4038.03,576.8614285714286,2024-04-27,2023-09-30,17.0,3.0,65.0,310,0.7636363636363637,310,1381.52
CUST01038,2023-08-21,Organic Search,39,Tier 2,10.0,9655.220000000001,965.5220000000002,2024-05-23,2023-09-02,27.0,5.0,39.0,315,0.99009900990099,315,14364.79
CUST01039,2023-11-14,Referral,20,Tier 2,1.0,552.91,552.91,2024-05-02,2024-05-02,4.0,1.0,60.0,230,0.5,230,898.37
CUST01040,2023-12-29,Paid Ads,49,Tier 1,1.0,638.15,638.15,2023-12-31,2023-12-31,2.0,1.0,183.0,185,0.16393442622950818,185,5746.1900000000005
CUST01041,2023-10-19,Organic Search,51,Tier 1,7.0,6301.55,900.2214285714286,2024-05-27,2023-11-11,15.0,4.0,35.0,256,0.9012875536480687,256,10828.470000000001
CUST01042,2023-07-01,Social Media,48,Tier 3,26.0,40016.54,1539.0976923076923,2024-06-21,2023-07-11,68.0,6.0,10.0,366,2.191011235955056,366,50410.63
CUST01043,2023-08-13,Organic Search,30,Tier 3,5.0,2317.33,463.466,2023-12-24,2023-08-14,10.0,4.0,190.0,323,0.4658385093167702,323,0.0
CUST01044,2023-09-13,Organic Search,30,Tier 2,13.0,11824.73,909.5946153846154,2024-05-19,2023-09-28,33.0,6.0,43.0,292,1.407942238267148,292,14660.3
CUST01045,2023-10-06,Referral,42,Tier 3,18.0,28855.22,1603.0677777777778,2024-06-28,2023-11-23,48.0,5.0,3.0,269,2.4434389140271495,269,61357.68
CUST01046,2023-07-09,Social Media,42,Tier 2,12.0,8550.93,712.5775,2024-06-17,2023-09-13,34.0,6.0,14.0,358,1.2328767123287672,358,16438.81
CUST01047,2023-08-01,Paid Ads,29,Tier 1,2.0,1176.26,588.13,2023-09-06,2023-09-02,3.0,1.0,299.0,335,0.19801980198019803,335,0.0
CUST01048,2023-07-15,Referral,31,Tier 1,4.0,3075.91,768.9775,2024-05-23,2023-09-03,11.0,3.0,39.0,352,0.3973509933774834,352,2703.1499999999996
CUST01049,2023-11-17,Email,45,Tier 1,21.0,37869.46,1803.307619047619,2024-06-29,2023-11-28,58.0,6.0,2.0,227,2.9166666666666665,227,39233.82
CUST01050,2024-01-01,Social Media,26,Tier 3,1.0,549.23,549.23,2024-02-14,2024-02-14,4.0,1.0,138.0,182,0.21739130434782608,182,517.79
CUST01051,2023-11-13,Organic Search,28,Tier 2,22.0,35712.61,1623.3004545454546,2024-07-01,2023-11-24,61.0,6.0,0.0,231,3.0,231,40120.63
CUST01052,2023-09-10,Organic Search,26,Tier 2,12.0,11752.73,979.3941666666666,2024-05-10,2023-09-24,30.0,5.0,52.0,295,1.2811387900355873,295,0.0
CUST01053,2023-12-02,Email,38,Tier 1,19.0,33538.36,1765.1768421052632,2024-06-03,2023-12-25,55.0,5.0,28.0,212,3.015873015873016,212,26435.61
CUST01054,2024-01-06,Social Media,26,Tier 2,8.0,12227.68,1528.46,2024-06-28,2024-02-08,21.0,6.0,3.0,177,1.6666666666666665,177,57589.82
CUST01055,2023-07-12,Email,27,Tier 2,55.0,172867.53,3143.046,2024-03-27,2023-07-13,140.0,6.0,96.0,355,4.661016949152542,355,0.0
CUST01056,2023-09-03,Organic Search,25,Tier 3,6.0,4048.15,674.6916666666667,2024-03-16,2023-11-06,18.0,5.0,107.0,302,0.7563025210084033,302,1699.03
CUST01057,2023-10-15,Organic Search,32,Tier 1,26.0,43416.42,1669.8623076923077,2024-06-20,2023-10-21,71.0,6.0,11.0,260,3.0708661417322833,260,24088.11
CUST01058,2023-08-11,Social Media,46,Tier 2,9.0,10279.960000000001,1142.2177777777779,2024-06-28,2023-09-18,15.0,5.0,3.0,325,0.940766550522648,325,15211.45
CUST01059,2024-01-06,Organic Search,20,Tier 1,6.0,5568.17,928.0283333333333,2024-06-17,2024-01-09,14.0,3.0,14.0,177,1.0344827586206897,177,11334.23
CUST01060,2023-10-23,Paid Ads,26,Tier 2,8.0,8166.67,1020.83375,2024-06-30,2023-10-28,19.0,4.0,1.0,252,0.9716599190283401,252,5645.08
CUST01061,2023-11-16,Organic Search,31,Tier 2,21.0,33261.8,1583.8952380952383,2024-06-29,2023-11-22,50.0,6.0,2.0,228,2.837837837837838,228,54134.55
CUST01062,2023-10-11,Organic Search,39,Tier 1,49.0,153488.68,3132.4220408163264,2024-06-14,2023-10-13,128.0,6.0,17.0,264,5.6106870229007635,264,137044.25
CUST01063,2023-12-18,Email,46,Tier 2,15.0,23175.08,1545.0053333333335,2024-06-30,2024-01-08,33.0,5.0,1.0,196,2.5714285714285716,196,33056.36
CUST01064,2023-10-03,Email,53,Tier 1,17.0,15372.38,904.2576470588235,2024-06-28,2023-10-21,43.0,6.0,3.0,272,2.0078740157480315,272,9681.59
CUST01065,2023-07-17,Paid Ads,41,Tier 3,17.0,17045.95,1002.7029411764706,2024-05-27,2023-07-25,40.0,6.0,35.0,350,1.4912280701754386,350,12120.7
CUST01066,2023-12-07,Organic Search,33,Tier 1,9.0,9441.949999999999,1049.1055555555554,2024-06-15,2024-01-10,16.0,5.0,16.0,207,1.560693641618497,207,14089.5
CUST01067,2023-09-23,Social Media,20,Tier 2,3.0,1625.1100000000001,541.7033333333334,2024-05-18,2023-10-18,7.0,3.0,44.0,282,0.35019455252918286,282,2776.2
CUST01068,2023-12-15,Organic Search,30,Tier 3,4.0,1764.8899999999999,441.22249999999997,2024-06-25,2024-02-02,9.0,3.0,6.0,199,0.8,199,4852.92
CUST01069,2023-11-28,Paid Ads,54,Tier 1,1.0,493.29,493.29,2024-01-01,2024-01-01,1.0,1.0,182.0,216,0.16483516483516486,216,689.53
CUST01070,2023-08-25,Referral,21,Tier 2,4.0,2684.9,671.225,2024-05-29,2023-10-19,12.0,4.0,33.0,311,0.46875,311,682.65
CUST01071,2023-11-11,Organic Search,23,Tier 2,2.0,1154.26,577.13,2024-06-08,2024-02-24,3.0,2.0,23.0,233,0.46875,233,3051.8900000000003
CUST01072,2023-09-24,Referral,21,Tier 1,2.0,1117.19,558.595,2024-03-20,2023-12-22,3.0,2.0,103.0,281,0.3125,281,900.3199999999999
CUST01073,2023-12-25,Organic Search,37,Tier 2,2.0,880.5899999999999,440.29499999999996,2024-06-26,2024-06-24,5.0,2.0,5.0,189,8.571428571428571,189,2739.3599999999997
CUST01074,2023-10-10,Email,20,Tier 2,6.0,4146.22,691.0366666666667,2024-04-08,2023-12-15,16.0,5.0,84.0,265,0.9045226130653266,265,3020.63
CUST01075,2023-12-12,Paid Ads,55,Tier 3,37.0,113672.32,3072.224864864865,2024-06-29,2023-12-13,91.0,6.0,2.0,202,5.522388059701492,202,167290.03
CUST01076,2024-01-08,Referral,35,Tier 3,3.0,1678.95,559.65,2024-04-23,2024-01-14,7.0,2.0,69.0,175,0.5325443786982249,175,10542.44
CUST01077,2023-08-23,Organic Search,32,Tier 2,3.0,1689.5,563.1666666666666,2024-06-08,2023-11-18,9.0,3.0,23.0,313,0.39823008849557523,313,1494.15
CUST01078,2024-01-16,Paid Ads,46,Tier 2,4.0,3660.0,915.0,2024-05-01,2024-01-23,9.0,2.0,61.0,167,0.75,167,12067.56
CUST01079,2023-12-24,Referral,45,Tier 3,3.0,1333.6399999999999,444.5466666666666,2024-06-12,2024-01-15,9.0,3.0,19.0,190,0.5357142857142857,190,1201.67
CUST01080,2023-10-23,Paid Ads,28,Tier 2,23.0,39050.73,1697.8578260869567,2024-06-30,2023-10-28,58.0,6.0,1.0,252,2.7935222672064777,252,49842.22
CUST01081,2023-11-16,Paid Ads,21,Tier 1,19.0,30898.579999999998,1626.241052631579,2024-05-29,2023-11-25,48.0,5.0,33.0,228,2.602739726027397,228,2012.95
CUST01082,2023-09-26,Organic Search,54,Tier 1,2.0,306.55,153.275,2024-05-28,2024-03-14,6.0,2.0,34.0,279,0.5504587155963303,279,3453.16
CUST01083,2023-08-18,Social Media,56,Tier 3,14.0,14898.45,1064.175,2024-05-06,2023-11-07,33.0,4.0,56.0,318,1.7721518987341773,318,13052.97
CUST01084,2023-11-26,Organic Search,43,Tier 2,28.0,45552.19,1626.8639285714287,2024-06-30,2023-11-29,66.0,6.0,1.0,218,3.9069767441860463,218,40057.55
CUST01085,2023-10-23,Organic Search,40,Tier 2,22.0,38789.52,1763.1599999999999,2024-06-23,2023-12-05,56.0,6.0,8.0,252,3.1578947368421053,252,27559.49
CUST01086,2024-01-10,Email,57,Tier 1,11.0,10958.99,996.2718181818182,2024-07-01,2024-01-20,21.0,6.0,0.0,173,2.0245398773006134,173,12630.99
CUST01087,2023-09-01,Paid Ads,48,Tier 3,9.0,9072.67,1008.0744444444445,2024-06-13,2023-09-18,22.0,5.0,18.0,304,0.940766550522648,304,12272.57
CUST01088,2023-10-12,Referral,39,Tier 1,2.0,1241.4,620.7,2023-12-17,2023-11-25,7.0,2.0,197.0,263,0.273972602739726,263,1953.6000000000001
CUST01089,2023-09-21,Referral,48,Tier 2,42.0,138371.99,3294.57119047619,2024-07-01,2023-09-21,99.0,6.0,0.0,284,4.436619718309859,284,190664.06
CUST01090,2023-10-11,Social Media,46,Tier 1,3.0,1177.65,392.55,2024-05-15,2024-02-05,5.0,2.0,47.0,264,0.6122448979591836,264,3764.0600000000004
CUST01091,2023-12-03,Social Media,49,Tier 1,18.0,25059.45,1392.1916666666666,2024-06-26,2023-12-22,42.0,5.0,5.0,211,2.8125,211,41464.450000000004
CUST01092,2023-07-17,Email,44,Tier 2,17.0,14776.869999999999,869.2276470588234,2024-05-16,2023-07-26,39.0,5.0,46.0,350,1.4956011730205279,350,11797.050000000001
CUST01093,2023-07-06,Organic Search,40,Tier 3,12.0,11353.1,946.0916666666667,2024-06-03,2023-07-22,33.0,6.0,28.0,361,1.0434782608695652,361,16012.32
CUST01094,2023-11-24,Social Media,39,Tier 1,4.0,2974.52,743.63,2024-04-17,2024-01-08,11.0,3.0,75.0,220,0.6857142857142857,220,2772.06
CUST01095,2023-12-31,Organic Search,19,Tier 1,3.0,1101.6399999999999,367.2133333333333,2024-03-22,2024-01-26,10.0,2.0,101.0,183,0.5732484076433121,183,0.0
CUST01096,2023-07-28,Paid Ads,55,Tier 1,7.0,3959.95,565.7071428571428,2024-03-14,2023-09-16,21.0,2.0,109.0,339,0.726643598615917,339,0.0
CUST01097,2024-01-10,Social Media,31,Tier 1,5.0,2205.2200000000003,441.04400000000004,2024-06-23,2024-03-21,9.0,4.0,8.0,173,1.4705882352941175,173,2533.36
CUST01098,2023-08-07,Paid Ads,39,Tier 1,5.0,2540.91,508.18199999999996,2024-04-06,2023-08-10,13.0,4.0,86.0,329,0.4601226993865031,329,947.74
CUST01099,2023-10-27,Social Media,27,Tier 2,19.0,29150.66,1534.2452631578947,2024-06-29,2023-10-27,40.0,6.0,2.0,248,2.2983870967741935,248,33833.69
CUST01100,2023-08-06,Organic Search,35,Tier 3,5.0,2379.24,475.84799999999996,2024-06-25,2023-10-22,13.0,4.0,6.0,330,0.5928853754940712,330,1733.3700000000001
CUST01101,2023-10-23,Email,39,Tier 1,5.0,2323.17,464.634,2024-06-19,2023-12-29,11.0,3.0,12.0,252,0.8108108108108109,252,3603.84
CUST01102,2023-09-06,Organic Search,49,Tier 2,53.0,166798.2,3147.135849056604,2024-06-30,2023-09-13,135.0,6.0,1.0,299,5.445205479452055,299,158771.8
CUST01103,2023-12-24,Email,57,Tier 1,17.0,24559.02,1444.6482352941177,2024-06-12,2023-12-24,47.0,6.0,19.0,190,2.6842105263157894,190,36553.3
CUST01104,2023-08-12,Social Media,40,Tier 1,14.0,23143.47,1653.105,2024-03-31,2023-08-22,28.0,6.0,92.0,324,1.3375796178343948,324,0.0
CUST01105,2023-12-11,Email,30,Tier 1,28.0,96778.55,3456.3767857142857,2024-06-08,2023-12-17,67.0,6.0,23.0,203,4.2639593908629445,203,176745.43
CUST01106,2023-08-27,Organic Search,24,Tier 2,5.0,3037.53,607.5060000000001,2024-06-25,2023-09-11,11.0,4.0,6.0,309,0.5102040816326531,309,687.08
CUST01107,2023-07-13,Organic Search,34,Tier 1,3.0,1357.37,452.45666666666665,2024-06-20,2023-08-07,5.0,3.0,11.0,354,0.2735562310030395,354,6034.92
CUST01108,2023-08-21,Organic Search,44,Tier 1,30.0,44774.090000000004,1492.4696666666669,2024-06-26,2023-08-25,71.0,6.0,5.0,315,2.8938906752411575,315,48537.75
CUST01109,2023-08-27,Email,23,Tier 1,7.0,7808.39,1115.4842857142858,2024-01-29,2023-08-29,17.0,3.0,154.0,309,0.6840390879478827,309,0.0
CUST01110,2023-08-01,Referral,27,Tier 1,3.0,1122.5900000000001,374.1966666666667,2024-02-02,2023-08-03,7.0,3.0,150.0,335,0.2702702702702703,335,0.0
CUST01111,2023-10-13,Organic Search,58,Tier 1,14.0,24247.239999999998,1731.945714285714,2024-06-22,2023-10-22,34.0,5.0,9.0,262,1.6600790513833992,262,42892.77
CUST01112,2024-01-04,Social Media,32,Tier 3,4.0,1752.46,438.115,2024-06-17,2024-02-21,10.0,3.0,14.0,179,0.916030534351145,179,2402.02
CUST01113,2023-09-21,Social Media,48,Tier 2,3.0,1423.22,474.4066666666667,2024-05-26,2023-10-07,5.0,3.0,36.0,284,0.33582089552238803,284,3224.09
CUST01114,2024-01-02,Paid Ads,44,Tier 3,5.0,4459.05,891.8100000000001,2024-05-11,2024-01-18,15.0,4.0,51.0,181,0.9090909090909092,181,22603.0
CUST01115,2023-10-07,Email,47,Tier 1,10.0,8514.73,851.473,2024-06-29,2023-10-15,23.0,5.0,2.0,268,1.153846153846154,268,14676.74
CUST01116,2023-10-12,Social Media,37,Tier 1,16.0,14885.32,930.3325,2024-06-27,2023-10-13,40.0,6.0,4.0,263,1.83206106870229,263,13591.54
CUST01117,2023-12-31,Organic Search,26,Tier 1,3.0,2107.51,702.5033333333334,2024-02-17,2024-02-09,8.0,3.0,135.0,183,0.6293706293706294,183,1403.04
CUST01118,2023-07-28,Organic Search,41,Tier 1,30.0,49930.29,1664.343,2024-06-27,2023-08-01,69.0,6.0,4.0,339,2.6865671641791042,339,38353.79
CUST01119,2023-11-06,Organic Search,53,Tier 2,2.0,924.19,462.095,2024-06-17,2023-12-21,6.0,2.0,14.0,238,0.31088082901554404,238,1969.4299999999998
CUST01120,2023-12-17,Referral,49,Tier 1,4.0,2854.44,713.61,2024-06-23,2024-01-03,10.0,3.0,8.0,197,0.6666666666666667,197,1078.46
CUST01121,2023-08-17,Referral,53,Tier 1,25.0,41345.88,1653.8352,2024-06-30,2023-09-16,59.0,5.0,1.0,319,2.5951557093425603,319,34636.64
CUST01122,2023-08-09,Social Media,50,Tier 2,52.0,178343.85,3429.689423076923,2024-06-29,2023-08-13,125.0,6.0,2.0,327,4.829721362229102,327,71422.09
CUST01123,2023-10-05,Organic Search,23,Tier 1,25.0,35698.99,1427.9596,2024-06-26,2023-10-05,52.0,6.0,5.0,270,2.7777777777777777,270,17737.75
CUST01124,2024-01-07,Paid Ads,34,Tier 3,7.0,8814.72,1259.2457142857143,2024-06-17,2024-01-31,19.0,4.0,14.0,176,1.381578947368421,176,47591.98
CUST01125,2024-01-16,Organic Search,35,Tier 1,6.0,5477.84,912.9733333333334,2024-06-11,2024-01-16,15.0,2.0,20.0,167,1.0778443113772456,167,16121.529999999999
CUST01126,2023-10-22,Organic Search,50,Tier 2,8.0,8194.5,1024.3125,2024-06-27,2024-01-02,22.0,4.0,4.0,253,1.3259668508287292,253,14527.470000000001
CUST01127,2023-11-09,Email,56,Tier 1,4.0,2453.58,613.395,2024-04-21,2023-11-12,10.0,3.0,71.0,235,0.5172413793103449,235,4403.36
CUST01128,2023-12-13,Referral,50,Tier 3,8.0,6296.33,787.04125,2024-05-22,2023-12-30,19.0,4.0,40.0,201,1.3043478260869565,201,8942.04
CUST01129,2023-12-02,Referral,38,Tier 1,4.0,1933.45,483.3625,2024-06-21,2024-01-08,6.0,3.0,10.0,212,0.6857142857142857,212,1403.79
CUST01130,2023-11-14,Email,20,Tier 2,8.0,4709.23,588.65375,2024-06-28,2023-11-30,26.0,5.0,3.0,230,1.1214953271028036,230,3597.44
CUST01131,2023-10-19,Organic Search,38,Tier 1,13.0,13413.11,1031.7776923076924,2024-06-22,2023-11-09,33.0,5.0,9.0,256,1.6595744680851063,256,12304.38
CUST01132,2023-11-21,Organic Search,36,Tier 2,10.0,9196.42,919.642,2024-06-19,2023-11-26,24.0,5.0,12.0,223,1.3761467889908259,223,13858.45
CUST01133,2023-12-31,Paid Ads,19,Tier 1,1.0,702.92,702.92,2024-02-26,2024-02-26,4.0,1.0,126.0,183,0.23809523809523808,183,4177.29
CUST01134,2023-09-14,Social Media,47,Tier 1,3.0,2031.43,677.1433333333333,2024-05-05,2023-11-12,8.0,2.0,57.0,291,0.3879310344827586,291,0.0
CUST01135,2023-07-31,Social Media,47,Tier 3,15.0,11996.789999999999,799.786,2024-06-27,2023-08-28,32.0,5.0,4.0,336,1.4610389610389611,336,11519.98
CUST01136,2023-10-27,Paid Ads,37,Tier 3,5.0,2635.66,527.132,2024-05-12,2023-12-05,9.0,3.0,50.0,248,0.7177033492822966,248,3189.29
CUST01137,2023-11-19,Paid Ads,58,Tier 1,18.0,31179.78,1732.21,2024-06-08,2023-12-05,41.0,6.0,23.0,225,2.583732057416268,225,0.0
CUST01138,2023-07-25,Organic Search,24,Tier 3,13.0,12260.92,943.1476923076923,2024-05-31,2023-08-28,33.0,6.0,31.0,342,1.2662337662337662,342,10948.78
CUST01139,2023-08-03,Organic Search,57,Tier 1,15.0,15187.2,1012.48,2024-06-24,2023-08-05,36.0,6.0,7.0,333,1.3595166163141994,333,5068.3099999999995
CUST01140,2023-09-05,Paid Ads,26,Tier 3,12.0,11442.97,953.5808333333333,2024-06-30,2023-09-11,31.0,6.0,1.0,300,1.2244897959183672,300,16930.15
CUST01141,2023-11-29,Organic Search,42,Tier 2,15.0,27492.2,1832.8133333333333,2024-07-01,2023-12-02,33.0,6.0,0.0,215,2.1226415094339623,215,36392.89
CUST01142,2023-10-26,Paid Ads,38,Tier 2,3.0,2302.25,767.4166666666666,2024-06-25,2024-02-26,6.0,3.0,6.0,249,0.7142857142857142,249,1716.69
CUST01143,2023-09-11,Social Media,32,Tier 3,19.0,17621.64,927.4547368421053,2024-06-25,2023-09-18,49.0,6.0,6.0,294,1.9860627177700347,294,10682.029999999999
CUST01144,2023-07-26,Email,23,Tier 3,10.0,10069.75,1006.975,2024-04-19,2023-08-20,22.0,5.0,73.0,341,0.949367088607595,341,10305.56
CUST01145,2023-11-25,Organic Search,59,Tier 1,2.0,1032.12,516.06,2024-02-01,2024-01-19,8.0,2.0,151.0,219,0.36585365853658536,219,2480.03
CUST01146,2024-01-08,Organic Search,58,Tier 2,17.0,24004.15,1412.0088235294118,2024-06-28,2024-01-22,41.0,6.0,3.0,175,3.1677018633540373,175,32788.16
CUST01147,2023-10-12,Paid Ads,52,Tier 1,17.0,27571.67,1621.8629411764705,2024-06-27,2023-10-12,43.0,6.0,4.0,263,1.9391634980988592,263,27199.14
CUST01148,2023-07-10,Paid Ads,34,Tier 3,10.0,12484.81,1248.481,2024-06-27,2023-07-22,24.0,6.0,4.0,357,0.8695652173913043,357,9684.34
CUST01149,2023-09-05,Paid Ads,25,Tier 2,11.0,15960.949999999999,1450.9954545454545,2024-05-17,2023-10-01,30.0,5.0,45.0,300,1.2043795620437956,300,51541.47
CUST01150,2023-11-29,Paid Ads,34,Tier 1,21.0,34202.5,1628.6904761904761,2024-06-13,2023-11-30,56.0,6.0,18.0,215,2.9439252336448596,215,34188.12
CUST01151,2023-07-05,Email,25,Tier 2,11.0,11347.95,1031.6318181818183,2024-05-25,2023-07-22,19.0,5.0,37.0,362,0.9565217391304347,362,7950.49
CUST01152,2024-01-11,Social Media,45,Tier 2,11.0,19322.45,1756.5863636363638,2024-06-30,2024-01-11,27.0,4.0,1.0,172,1.9186046511627908,172,43529.41
CUST01153,2024-01-02,Paid Ads,32,Tier 2,7.0,5992.1,856.0142857142857,2024-06-03,2024-01-06,17.0,3.0,28.0,181,1.1864406779661019,181,11080.54
CUST01154,2023-07-27,Social Media,32,Tier 1,15.0,14000.81,933.3873333333333,2024-06-06,2023-08-30,44.0,5.0,25.0,340,1.4705882352941175,340,0.0
CUST01155,2023-10-21,Paid Ads,51,Tier 1,6.0,6830.93,1138.4883333333335,2024-06-25,2023-12-06,15.0,4.0,6.0,254,0.8653846153846154,254,11517.58
CUST01156,2023-07-15,Organic Search,51,Tier 2,31.0,49332.62,1591.3748387096775,2024-06-29,2023-07-16,83.0,6.0,2.0,352,2.6495726495726495,352,47483.75
CUST01157,2023-12-10,Email,38,Tier 1,4.0,2468.15,617.0375,2024-05-07,2023-12-26,9.0,4.0,55.0,204,0.6382978723404256,204,1252.33
CUST01158,2023-10-13,Email,54,Tier 1,13.0,19574.72,1505.7476923076924,2024-06-23,2023-11-16,34.0,6.0,8.0,262,1.7105263157894737,262,24880.72
CUST01159,2023-12-28,Referral,25,Tier 2,21.0,38718.84,1843.7542857142855,2024-06-21,2023-12-28,49.0,6.0,10.0,186,3.3870967741935485,186,47900.58
CUST01160,2023-08-13,Social Media,50,Tier 1,5.0,2763.48,552.696,2024-03-14,2023-09-14,13.0,3.0,109.0,323,0.5154639175257733,323,1644.57
CUST01161,2023-07-26,Referral,21,Tier 2,22.0,31036.63,1410.7559090909092,2024-04-15,2023-07-29,57.0,6.0,77.0,341,1.952662721893491,341,6848.55
CUST01162,2023-12-22,Referral,57,Tier 2,3.0,842.6400000000001,280.88000000000005,2024-07-01,2024-05-04,8.0,3.0,0.0,192,1.5517241379310345,192,3687.3
CUST01163,2023-12-09,Email,47,Tier 2,8.0,4581.110000000001,572.6387500000001,2024-06-13,2023-12-13,17.0,4.0,18.0,205,1.1940298507462686,205,1982.77
CUST01164,2023-10-03,Paid Ads,42,Tier 1,13.0,9697.7,745.9769230769232,2024-06-27,2023-10-05,24.0,5.0,4.0,272,1.4444444444444444,272,16400.48
CUST01165,2023-12-25,Email,40,Tier 1,5.0,2547.63,509.526,2024-06-28,2023-12-25,17.0,3.0,3.0,189,0.7936507936507936,189,518.76
CUST01166,2023-09-22,Referral,24,Tier 1,26.0,39904.159999999996,1534.7753846153844,2024-06-24,2023-11-03,60.0,6.0,7.0,283,3.236514522821577,283,40363.59
CUST01167,2023-11-17,Social Media,42,Tier 3,17.0,30294.829999999998,1782.0488235294117,2024-06-23,2023-12-06,43.0,5.0,8.0,227,2.451923076923077,227,40119.9
CUST01168,2023-11-09,Organic Search,58,Tier 1,4.0,3742.07,935.5175,2024-04-16,2023-12-25,11.0,3.0,76.0,235,0.6349206349206349,235,4687.8099999999995
CUST01169,2023-09-25,Social Media,41,Tier 3,2.0,824.94,412.47,2023-11-13,2023-10-25,7.0,2.0,231.0,280,0.24,280,3034.2
CUST01170,2023-12-23,Organic Search,56,Tier 2,2.0,1490.0900000000001,745.0450000000001,2024-03-23,2024-01-04,6.0,2.0,100.0,191,0.335195530726257,191,1101.77
CUST01171,2023-12-30,Paid Ads,28,Tier 3,10.0,10515.220000000001,1051.5220000000002,2024-07-01,2024-02-06,21.0,5.0,0.0,184,2.054794520547945,184,9802.16
CUST01172,2023-10-20,Organic Search,34,Tier 1,26.0,90363.98,3475.537692307692,2024-07-01,2023-10-24,56.0,6.0,0.0,255,3.107569721115538,255,132764.94
CUST01173,2023-11-06,Email,29,Tier 1,8.0,7997.92,999.74,2024-05-16,2023-11-14,19.0,3.0,46.0,238,1.0434782608695652,238,8118.78
CUST01174,2023-09-27,Social Media,50,Tier 3,4.0,1815.22,453.805,2024-03-01,2023-12-09,13.0,3.0,122.0,278,0.5853658536585366,278,1180.93
CUST01175,2023-09-04,Organic Search,24,Tier 1,8.0,7168.81,896.10125,2024-05-04,2023-09-08,21.0,5.0,58.0,301,0.8080808080808081,301,13663.890000000001
CUST01176,2023-12-05,Organic Search,42,Tier 1,11.0,10917.92,992.5381818181818,2024-05-29,2023-12-07,29.0,5.0,33.0,209,1.5942028985507246,209,9778.68
CUST01177,2023-11-08,Organic Search,51,Tier 1,21.0,35452.979999999996,1688.2371428571428,2024-06-20,2023-11-22,59.0,6.0,11.0,236,2.837837837837838,236,12927.07
CUST01178,2023-10-30,Email,30,Tier 3,4.0,2746.2200000000003,686.5550000000001,2024-04-02,2023-11-08,13.0,3.0,90.0,245,0.5084745762711864,245,3764.3199999999997
CUST01179,2023-11-26,Paid Ads,45,Tier 2,10.0,16920.47,1692.047,2024-06-15,2024-02-14,21.0,3.0,16.0,218,2.1739130434782608,218,6890.54
CUST01180,2023-09-22,Organic Search,56,Tier 2,9.0,7966.59,885.1766666666667,2024-06-15,2023-10-17,25.0,5.0,16.0,283,1.0465116279069768,283,15335.19
CUST01181,2023-12-24,Organic Search,36,Tier 2,29.0,96820.94,3338.653103448276,2024-06-22,2023-12-24,65.0,6.0,9.0,190,4.578947368421053,190,163086.39
CUST01182,2023-10-24,Paid Ads,57,Tier 1,3.0,1672.6499999999999,557.55,2023-12-12,2023-11-08,7.0,2.0,202.0,251,0.38135593220338987,251,3175.06
CUST01183,2024-01-06,Organic Search,31,Tier 2,7.0,4144.97,592.1385714285715,2024-06-11,2024-01-24,18.0,5.0,20.0,177,1.320754716981132,177,15799.05
CUST01184,2023-10-24,Social Media,58,Tier 1,19.0,33936.35,1786.1236842105263,2024-06-27,2023-11-07,47.0,6.0,4.0,251,2.405063291139241,251,49548.51
CUST01185,2023-08-07,Organic Search,48,Tier 3,6.0,3333.29,555.5483333333333,2024-06-03,2023-09-09,17.0,3.0,28.0,329,0.6081081081081081,329,1412.1299999999999
CUST01186,2023-11-20,Email,59,Tier 1,21.0,35680.1,1699.0523809523809,2024-06-14,2023-11-23,49.0,6.0,17.0,224,2.850678733031674,224,0.0
CUST01187,2023-10-18,Organic Search,31,Tier 1,15.0,15134.66,1008.9773333333334,2024-06-21,2023-10-26,40.0,5.0,10.0,257,1.8072289156626506,257,2629.32
CUST01188,2023-12-27,Paid Ads,52,Tier 2,3.0,1683.48,561.16,2024-05-06,2024-01-30,10.0,3.0,56.0,187,0.5882352941176471,187,1203.81
CUST01189,2023-08-15,Organic Search,54,Tier 1,5.0,2956.21,591.242,2024-06-30,2023-08-21,14.0,4.0,1.0,321,0.47619047619047616,321,450.81
CUST01190,2023-07-25,Social Media,48,Tier 2,12.0,10074.619999999999,839.5516666666666,2024-06-24,2023-08-23,29.0,5.0,7.0,342,1.1501597444089455,342,6070.6900000000005
CUST01191,2023-07-21,Referral,43,Tier 1,5.0,2930.7799999999997,586.156,2024-06-30,2024-01-05,12.0,4.0,1.0,346,0.8426966292134831,346,5480.54
CUST01192,2023-10-29,Referral,20,Tier 1,12.0,11884.84,990.4033333333333,2024-06-12,2023-12-13,34.0,6.0,19.0,246,1.791044776119403,246,14668.529999999999
CUST01193,2023-10-30,Email,54,Tier 2,5.0,1832.83,366.566,2024-06-27,2023-12-02,12.0,3.0,4.0,245,0.7075471698113208,245,2472.9
CUST01194,2023-11-10,Paid Ads,36,Tier 2,5.0,4573.18,914.6360000000001,2024-03-08,2023-11-11,14.0,5.0,115.0,234,0.6437768240343348,234,0.0
CUST01195,2023-09-08,Social Media,23,Tier 1,3.0,1216.82,405.6066666666666,2024-05-26,2024-01-18,7.0,2.0,36.0,297,0.5454545454545454,297,4123.21
CUST01196,2023-10-21,Email,37,Tier 2,22.0,40225.13,1828.415,2024-06-21,2023-10-28,61.0,6.0,10.0,254,2.672064777327935,254,48382.66
CUST01197,2023-10-15,Organic Search,36,Tier 1,37.0,120513.31,3257.1164864864863,2024-06-29,2023-10-24,79.0,6.0,2.0,260,4.422310756972112,260,138764.57
CUST01198,2023-10-20,Social Media,50,Tier 1,36.0,117909.33,3275.2591666666667,2024-06-19,2023-10-31,84.0,6.0,12.0,255,4.426229508196721,255,151915.19
CUST01199,2023-10-16,Paid Ads,39,Tier 1,6.0,5785.28,964.2133333333333,2024-06-24,2023-12-29,13.0,5.0,7.0,259,0.972972972972973,259,12868.119999999999
CUST01200,2023-08-16,Organic Search,28,Tier 3,0.0,0.0,0.0,,,0.0,0.0,360.0,320,0.0,320,0.0
CUST01201,2024-01-12,Organic Search,55,Tier 2,12.0,20257.39,1688.1158333333333,2024-06-20,2024-01-29,28.0,5.0,11.0,171,2.3376623376623376,171,3409.6000000000004
CUST01202,2023-09-29,Organic Search,40,Tier 1,2.0,1020.5899999999999,510.29499999999996,2024-05-28,2024-01-12,6.0,1.0,34.0,276,0.3508771929824561,276,960.83
CUST01203,2023-07-18,Paid Ads,31,Tier 2,5.0,2956.67,591.3340000000001,2024-07-01,2023-07-20,15.0,4.0,0.0,349,0.4322766570605187,349,3070.9
CUST01204,2023-11-26,Organic Search,35,Tier 3,5.0,3302.2,660.4399999999999,2024-04-24,2023-12-26,15.0,3.0,68.0,218,0.7978723404255319,218,1162.9
CUST01205,2023-10-12,Organic Search,27,Tier 1,17.0,18052.89,1061.934705882353,2024-06-30,2023-10-23,43.0,6.0,1.0,263,2.0238095238095237,263,9534.09
CUST01206,2023-11-28,Organic Search,42,Tier 3,19.0,30314.65,1595.5078947368422,2024-06-25,2023-12-10,51.0,6.0,6.0,216,2.7941176470588234,216,47920.12
CUST01207,2024-01-08,Email,32,Tier 1,5.0,5505.4400000000005,1101.0880000000002,2024-06-03,2024-03-18,12.0,3.0,28.0,175,1.4285714285714284,175,2871.83
CUST01208,2024-01-11,Social Media,26,Tier 3,10.0,9295.97,929.597,2024-06-24,2024-01-28,20.0,5.0,7.0,172,1.935483870967742,172,13904.16
CUST01209,2023-08-09,Paid Ads,55,Tier 2,6.0,2144.17,357.3616666666667,2023-12-13,2023-08-11,15.0,4.0,201.0,327,0.5538461538461539,327,0.0
CUST01210,2023-11-15,Organic Search,37,Tier 1,34.0,107742.19,3168.8879411764706,2024-06-28,2023-11-15,77.0,6.0,3.0,229,4.454148471615721,229,32032.440000000002
CUST01211,2023-09-27,Organic Search,46,Tier 1,10.0,9780.27,978.027,2024-05-07,2023-10-14,24.0,6.0,55.0,278,1.1494252873563218,278,15546.18
CUST01212,2023-12-27,Referral,59,Tier 3,6.0,5023.85,837.3083333333334,2024-04-18,2024-01-14,17.0,4.0,74.0,187,1.0650887573964498,187,9729.0
CUST01213,2024-01-16,Paid Ads,48,Tier 2,3.0,1558.99,519.6633333333333,2024-05-13,2024-01-31,9.0,3.0,49.0,167,0.5921052631578947,167,0.0
CUST01214,2023-08-30,Paid Ads,25,Tier 2,22.0,41580.02,1890.0009090909089,2024-06-23,2023-09-05,57.0,6.0,8.0,306,2.2,306,36686.12
CUST01215,2024-01-08,Organic Search,44,Tier 1,5.0,5604.93,1120.986,2024-06-21,2024-02-06,16.0,3.0,10.0,175,1.0273972602739725,175,11621.14
CUST01216,2023-07-05,Social Media,58,Tier 1,11.0,6485.39,589.5809090909091,2024-06-19,2023-11-10,25.0,4.0,12.0,362,1.4102564102564101,362,1360.58
CUST01217,2023-10-30,Paid Ads,29,Tier 1,9.0,5423.24,602.5822222222222,2024-06-29,2023-12-07,17.0,5.0,2.0,245,1.3043478260869565,245,1783.06
CUST01218,2023-12-28,Organic Search,32,Tier 1,8.0,6890.13,861.26625,2024-06-25,2024-01-19,23.0,4.0,6.0,186,1.4634146341463414,186,7366.63
CUST01219,2023-08-24,Organic Search,39,Tier 2,9.0,9285.03,1031.67,2024-05-29,2023-09-29,20.0,5.0,33.0,312,0.9782608695652174,312,18488.190000000002
CUST01220,2023-08-06,Paid Ads,26,Tier 3,5.0,2632.06,526.412,2024-05-06,2023-08-28,15.0,3.0,56.0,330,0.48701298701298695,330,4186.8099999999995
CUST01221,2023-08-25,Social Media,21,Tier 2,55.0,161288.13,2932.511454545455,2024-06-30,2023-08-25,134.0,6.0,1.0,311,5.305466237942122,311,144040.15
CUST01222,2024-01-03,Social Media,46,Tier 1,4.0,2385.0,596.25,2024-06-21,2024-02-13,10.0,3.0,10.0,180,0.8633093525179857,180,4183.49
CUST01223,2023-10-10,Email,47,Tier 2,4.0,3233.83,808.4575,2024-06-02,2023-11-12,6.0,3.0,29.0,265,0.5172413793103449,265,1211.96
CUST01224,2023-10-01,Social Media,41,Tier 3,15.0,24413.73,1627.5819999999999,2024-06-27,2023-11-17,34.0,6.0,4.0,274,1.9823788546255507,274,52324.11
CUST01225,2024-01-13,Organic Search,36,Tier 2,9.0,9095.380000000001,1010.5977777777779,2024-05-03,2024-02-08,19.0,5.0,59.0,170,1.875,170,0.0
CUST01226,2023-09-11,Email,53,Tier 2,13.0,12230.89,940.8376923076922,2024-06-25,2023-09-12,31.0,5.0,6.0,294,1.3310580204778157,294,8787.59
CUST01227,2023-08-28,Email,31,Tier 3,3.0,2166.72,722.2399999999999,2024-04-04,2024-02-11,7.0,3.0,88.0,308,0.6382978723404256,308,2514.92
CUST01228,2023-07-02,Organic Search,30,Tier 2,7.0,3710.7200000000003,530.1028571428571,2024-06-23,2023-11-27,15.0,5.0,8.0,365,0.967741935483871,365,2356.77
CUST01229,2024-01-09,Social Media,23,Tier 1,32.0,102642.98,3207.593125,2024-06-30,2024-01-11,88.0,6.0,1.0,174,5.5813953488372094,174,150899.01
CUST01230,2023-10-12,Organic Search,57,Tier 1,12.0,12040.35,1003.3625000000001,2024-03-11,2023-10-18,27.0,6.0,112.0,263,1.4007782101167314,263,0.0
CUST01231,2024-01-04,Paid Ads,29,Tier 3,14.0,23534.64,1681.0457142857142,2024-07-01,2024-01-21,45.0,6.0,0.0,179,2.5925925925925926,179,25295.79
CUST01232,2023-08-20,Email,29,Tier 2,2.0,1003.56,501.78,2024-01-17,2023-12-12,5.0,1.0,166.0,316,0.297029702970297,316,0.0
CUST01233,2023-07-30,Email,49,Tier 1,2.0,1287.82,643.91,2024-05-17,2023-09-13,6.0,2.0,45.0,337,0.2054794520547945,337,3021.15
CUST01234,2023-07-11,Email,49,Tier 2,7.0,3691.08,527.2971428571428,2024-04-23,2023-08-02,13.0,3.0,69.0,356,0.6287425149700598,356,1626.83
CUST01235,2023-10-16,Organic Search,31,Tier 2,9.0,10291.24,1143.471111111111,2024-05-31,2023-11-06,21.0,4.0,31.0,259,1.134453781512605,259,8490.9
CUST01236,2023-09-14,Social Media,32,Tier 3,1.0,691.17,691.17,2023-09-18,2023-09-18,1.0,1.0,287.0,291,0.10452961672473868,291,2542.68
CUST01237,2023-12-14,Paid Ads,43,Tier 1,19.0,33394.58,1757.6094736842106,2024-06-30,2023-12-30,50.0,6.0,1.0,200,3.097826086956522,200,45889.05
CUST01238,2023-09-28,Paid Ads,51,Tier 2,5.0,4093.9,818.78,2024-06-18,2024-01-31,11.0,4.0,13.0,277,0.9868421052631579,277,11532.529999999999
CUST01239,2023-10-31,Referral,51,Tier 3,40.0,124231.56,3105.7889999999998,2024-06-27,2023-10-31,99.0,6.0,4.0,244,4.918032786885245,244,60341.520000000004
CUST01240,2024-01-16,Social Media,33,Tier 1,4.0,2034.39,508.5975,2024-05-09,2024-03-13,7.0,4.0,53.0,167,1.0909090909090908,167,322.72
CUST01241,2024-01-07,Organic Search,34,Tier 1,7.0,11982.67,1711.81,2024-06-30,2024-02-20,19.0,4.0,1.0,176,1.590909090909091,176,47138.39
CUST01242,2024-01-08,Social Media,56,Tier 3,10.0,17027.5,1702.75,2024-06-29,2024-02-02,27.0,5.0,2.0,175,2.0,175,25377.5
CUST01243,2024-01-05,Organic Search,24,Tier 2,10.0,17455.97,1745.5970000000002,2024-06-06,2024-01-08,26.0,4.0,25.0,178,1.7142857142857142,178,34445.97
CUST01244,2023-11-02,Organic Search,43,Tier 2,16.0,26811.22,1675.70125,2024-06-10,2023-11-10,32.0,6.0,21.0,242,2.0512820512820515,242,11085.810000000001
CUST01245,2023-12-29,Paid Ads,33,Tier 2,15.0,27217.05,1814.47,2024-06-05,2024-01-16,36.0,5.0,26.0,185,2.694610778443114,185,31393.579999999998
CUST01246,2023-10-30,Referral,22,Tier 1,6.0,5434.639999999999,905.7733333333332,2024-05-19,2023-11-19,9.0,4.0,43.0,245,0.8,245,7292.0599999999995
CUST01247,2023-10-02,Organic Search,22,Tier 3,2.0,1080.56,540.28,2024-01-29,2023-10-04,6.0,1.0,154.0,273,0.22140221402214022,273,3091.9
CUST01248,2023-10-11,Email,48,Tier 1,3.0,1132.65,377.55,2024-03-30,2023-11-11,9.0,3.0,93.0,264,0.38626609442060084,264,4148.75
CUST01249,2024-01-02,Organic Search,52,Tier 1,15.0,23961.07,1597.4046666666666,2024-06-13,2024-02-10,40.0,6.0,18.0,181,3.169014084507042,181,39099.86
CUST01250,2023-12-31,Social Media,45,Tier 1,10.0,9952.0,995.2,2024-05-06,2023-12-31,22.0,5.0,56.0,183,1.639344262295082,183,9816.52
CUST01251,2023-12-09,Paid Ads,49,Tier 1,18.0,26577.03,1476.5016666666666,2024-06-23,2023-12-15,40.0,6.0,8.0,205,2.71356783919598,205,30357.77
CUST01252,2023-07-31,Email,50,Tier 3,19.0,18928.54,996.2389473684211,2024-06-20,2023-09-11,42.0,6.0,11.0,336,1.9387755102040818,336,16350.7
CUST01253,2023-08-21,Organic Search,57,Tier 2,0.0,0.0,0.0,,,0.0,0.0,360.0,315,0.0,315,2522.5
CUST01254,2023-09-27,Social Media,27,Tier 3,6.0,3474.7200000000003,579.12,2024-05-19,2023-10-18,13.0,3.0,43.0,278,0.7003891050583657,278,861.92
CUST01255,2023-09-14,Referral,59,Tier 1,14.0,13478.550000000001,962.7535714285715,2024-05-18,2023-09-14,38.0,5.0,44.0,291,1.443298969072165,291,13938.0
CUST01256,2023-11-06,Email,26,Tier 2,6.0,5855.21,975.8683333333333,2024-06-11,2023-12-29,15.0,3.0,20.0,238,0.972972972972973,238,8628.75
CUST01257,2023-12-30,Paid Ads,32,Tier 2,0.0,0.0,0.0,,,0.0,0.0,360.0,184,0.0,184,3427.71
CUST01258,2023-07-22,Referral,51,Tier 3,10.0,10633.75,1063.375,2024-06-18,2023-08-08,23.0,4.0,13.0,345,0.9146341463414633,345,8357.47
CUST01259,2023-08-09,Organic Search,41,Tier 2,4.0,1926.93,481.7325,2024-06-28,2023-09-19,8.0,4.0,3.0,327,0.4195804195804196,327,4011.49
CUST01260,2023-10-09,Social Media,39,Tier 1,6.0,3754.02,625.67,2024-06-29,2023-11-03,15.0,4.0,2.0,266,0.7468879668049792,266,9489.78
CUST01261,2023-10-19,Social Media,30,Tier 1,4.0,2545.62,636.405,2024-06-19,2023-11-08,10.0,3.0,12.0,256,0.5084745762711864,256,4774.06
CUST01262,2023-11-06,Organic Search,20,Tier 1,21.0,40157.06,1912.2409523809522,2024-06-27,2023-11-08,59.0,6.0,4.0,238,2.669491525423729,238,60626.9
CUST01263,2023-09-03,Paid Ads,31,Tier 2,5.0,2063.57,412.71400000000006,2024-04-09,2023-12-15,14.0,2.0,83.0,302,0.7537688442211056,302,2309.98
CUST01264,2024-01-07,Organic Search,22,Tier 3,8.0,6569.99,821.24875,2024-05-25,2024-02-20,25.0,4.0,37.0,176,1.8181818181818183,176,12658.279999999999
CUST01265,2023-12-29,Email,38,Tier 1,2.0,1088.27,544.135,2024-05-10,2024-04-11,5.0,2.0,52.0,185,0.7407407407407407,185,420.78
CUST01266,2023-12-17,Email,32,Tier 1,2.0,1209.81,604.905,2024-03-13,2024-02-04,3.0,2.0,110.0,197,0.40540540540540543,197,1078.01
CUST01267,2023-11-26,Paid Ads,48,Tier 1,2.0,709.74,354.87,2024-04-17,2024-02-24,4.0,2.0,75.0,218,0.46875,218,1273.75
CUST01268,2023-09-17,Paid Ads,47,Tier 2,8.0,7735.16,966.895,2024-04-30,2023-10-11,19.0,6.0,62.0,288,0.9090909090909092,288,3518.87
CUST01269,2023-07-22,Organic Search,26,Tier 1,13.0,11639.22,895.3246153846153,2024-04-01,2023-07-30,32.0,6.0,91.0,345,1.1572700296735905,345,12675.34
CUST01270,2023-12-13,Paid Ads,30,Tier 1,1.0,864.82,864.82,2023-12-18,2023-12-18,2.0,1.0,196.0,201,0.1530612244897959,201,1414.4
CUST01271,2023-10-07,Organic Search,59,Tier 1,13.0,13152.22,1011.7092307692308,2024-06-29,2023-11-09,34.0,4.0,2.0,268,1.6595744680851063,268,16487.22
CUST01272,2023-07-08,Social Media,56,Tier 2,35.0,54311.28,1551.750857142857,2024-06-23,2023-07-17,88.0,6.0,8.0,359,3.0,359,41636.77
CUST01273,2024-01-06,Organic Search,44,Tier 2,20.0,31704.03,1585.2015,2024-06-25,2024-01-08,48.0,6.0,6.0,177,3.4285714285714284,177,48124.71
CUST01274,2023-12-22,Social Media,20,Tier 2,3.0,1377.25,459.0833333333333,2024-04-21,2024-01-25,8.0,3.0,71.0,192,0.569620253164557,192,750.6
CUST01275,2023-07-17,Email,58,Tier 1,16.0,18402.42,1150.15125,2024-06-30,2023-09-22,40.0,6.0,1.0,350,1.696113074204947,350,15784.6
CUST01276,2023-07-17,Paid Ads,32,Tier 2,3.0,1447.49,482.49666666666667,2024-06-05,2023-11-29,9.0,3.0,26.0,350,0.41860465116279066,350,1496.81
CUST01277,2023-09-28,Social Media,24,Tier 1,0.0,0.0,0.0,,,0.0,0.0,360.0,277,0.0,277,1259.06
CUST01278,2023-11-18,Paid Ads,58,Tier 1,38.0,128144.65,3372.2276315789472,2024-06-21,2023-11-19,93.0,6.0,10.0,226,5.066666666666666,226,58124.91
CUST01279,2023-11-22,Paid Ads,49,Tier 2,5.0,2569.5,513.9,2024-05-25,2023-12-16,17.0,4.0,37.0,222,0.7575757575757576,222,0.0
CUST01280,2023-12-13,Organic Search,35,Tier 1,5.0,6214.42,1242.884,2024-06-30,2023-12-15,16.0,3.0,1.0,201,0.7537688442211056,201,15207.19
CUST01281,2023-09-19,Paid Ads,43,Tier 2,9.0,10325.57,1147.2855555555554,2024-04-23,2023-11-17,20.0,5.0,69.0,286,1.1894273127753305,286,7608.96
CUST01282,2023-09-16,Organic Search,50,Tier 1,10.0,11242.88,1124.288,2024-06-26,2023-11-13,27.0,5.0,5.0,289,1.2987012987012987,289,15733.46
CUST01283,2023-12-20,Organic Search,30,Tier 1,11.0,9257.71,841.6099999999999,2024-06-30,2024-01-22,27.0,6.0,1.0,194,2.049689440993789,194,11880.51
CUST01284,2023-07-06,Paid Ads,31,Tier 3,2.0,1510.35,755.175,2024-01-10,2023-09-05,3.0,2.0,173.0,361,0.2,361,0.0
CUST01285,2023-12-10,Organic Search,37,Tier 2,0.0,0.0,0.0,,,0.0,0.0,360.0,204,0.0,204,2300.75
CUST01286,2023-10-18,Organic Search,43,Tier 2,7.0,5883.88,840.5542857142857,2024-06-27,2023-11-05,14.0,4.0,4.0,257,0.8786610878661087,257,6899.49
CUST01287,2023-07-14,Organic Search,49,Tier 3,4.0,2157.04,539.26,2024-05-21,2023-09-04,8.0,2.0,41.0,353,0.39867109634551495,353,407.31
CUST01288,2023-09-10,Organic Search,55,Tier 2,4.0,2101.8,525.45,2024-03-20,2023-11-15,10.0,4.0,103.0,295,0.5240174672489083,295,0.0
CUST01289,2024-01-05,Organic Search,43,Tier 2,4.0,1837.42,459.355,2024-06-26,2024-02-01,8.0,2.0,5.0,178,0.7947019867549668,178,2632.44
CUST01290,2023-11-20,Referral,34,Tier 2,4.0,2020.05,505.0125,2024-05-23,2023-11-22,10.0,3.0,39.0,224,0.5405405405405406,224,1366.6
CUST01291,2023-08-23,Organic Search,56,Tier 1,7.0,4068.14,581.1628571428571,2024-06-13,2023-09-07,21.0,5.0,18.0,313,0.7046979865771812,313,2156.58
CUST01292,2023-07-27,Email,41,Tier 1,2.0,1046.39,523.195,2024-05-21,2024-04-21,8.0,2.0,41.0,340,0.8450704225352113,340,373.08
CUST01293,2023-07-13,Organic Search,32,Tier 2,19.0,15828.26,833.0663157894737,2024-06-17,2023-07-29,54.0,6.0,14.0,354,1.6863905325443789,354,10234.22
CUST01294,2023-12-06,Referral,24,Tier 1,10.0,9162.47,916.247,2024-06-09,2024-01-19,28.0,5.0,22.0,208,1.8292682926829267,208,11003.99
CUST01295,2023-12-10,Organic Search,43,Tier 1,21.0,33793.36,1609.2076190476191,2024-06-11,2023-12-17,58.0,6.0,20.0,204,3.197969543147208,204,2712.66
CUST01296,2023-08-29,Referral,41,Tier 1,3.0,1679.53,559.8433333333334,2024-05-21,2023-09-15,10.0,2.0,41.0,307,0.3103448275862069,307,1931.62
CUST01297,2023-07-06,Email,30,Tier 1,3.0,1434.78,478.26,2024-06-17,2023-08-22,6.0,2.0,14.0,361,0.28662420382165604,361,2202.67
CUST01298,2024-01-13,Organic Search,31,Tier 1,2.0,934.96,467.48,2024-06-13,2024-01-24,5.0,2.0,18.0,170,0.37735849056603776,170,562.25
CUST01299,2023-08-27,Social Media,54,Tier 1,12.0,11288.789999999999,940.7325,2024-06-11,2023-09-07,33.0,5.0,20.0,309,1.2080536912751678,309,13017.65
CUST01300,2023-08-18,Paid Ads,57,Tier 1,13.0,13968.72,1074.516923076923,2024-06-08,2023-08-26,28.0,6.0,23.0,318,1.2580645161290323,318,22588.4
CUST01301,2023-11-28,Organic Search,52,Tier 1,4.0,1757.15,439.2875,2024-06-03,2023-12-14,5.0,2.0,28.0,216,0.6,216,5110.280000000001
CUST01302,2023-12-09,Social Media,24,Tier 2,17.0,29685.079999999998,1746.181176470588,2024-06-26,2023-12-13,45.0,6.0,5.0,205,2.537313432835821,205,43611.88
CUST01303,2023-07-26,Referral,56,Tier 1,3.0,1705.22,568.4066666666666,2024-06-24,2023-10-31,10.0,2.0,7.0,341,0.3688524590163934,341,891.63
CUST01304,2023-08-16,Paid Ads,58,Tier 3,10.0,7821.84,782.184,2024-06-17,2023-09-30,26.0,6.0,14.0,320,1.0909090909090908,320,2988.08
CUST01305,2023-07-05,Paid Ads,26,Tier 3,11.0,10138.5,921.6818181818181,2024-06-11,2023-12-25,28.0,4.0,20.0,362,1.746031746031746,362,16049.19
CUST01306,2023-07-20,Social Media,26,Tier 2,41.0,66715.41,1627.2051219512196,2024-07-01,2023-07-21,108.0,6.0,0.0,347,3.5549132947976876,347,51492.42
CUST01307,2023-11-11,Email,58,Tier 2,4.0,4397.24,1099.31,2024-05-14,2024-01-10,9.0,4.0,48.0,233,0.6936416184971098,233,8507.35
CUST01308,2024-01-14,Social Media,51,Tier 1,14.0,23813.51,1700.965,2024-06-28,2024-01-16,38.0,6.0,3.0,169,2.5149700598802394,169,39503.31
CUST01309,2023-08-28,Email,52,Tier 1,8.0,3532.11,441.51375,2024-06-08,2023-09-01,26.0,5.0,23.0,308,0.7894736842105263,308,692.78
CUST01310,2024-01-08,Organic Search,33,Tier 3,14.0,24798.16,1771.297142857143,2024-06-22,2024-01-30,38.0,5.0,9.0,175,2.7450980392156863,175,38530.5
CUST01311,2023-11-23,Referral,54,Tier 1,1.0,379.31,379.31,2024-01-16,2024-01-16,3.0,1.0,167.0,221,0.17964071856287425,221,0.0
CUST01312,2023-11-09,Organic Search,53,Tier 3,17.0,29068.65,1709.9205882352942,2024-06-15,2023-12-29,45.0,6.0,16.0,235,2.756756756756757,235,7074.29
CUST01313,2023-07-17,Organic Search,40,Tier 2,8.0,7541.83,942.72875,2024-02-17,2023-07-24,22.0,5.0,135.0,350,0.6997084548104956,350,21335.5
CUST01314,2023-07-14,Paid Ads,41,Tier 1,26.0,47088.590000000004,1811.0996153846156,2024-06-26,2023-07-15,59.0,6.0,5.0,353,2.215909090909091,353,15925.26
CUST01315,2023-07-13,Email,58,Tier 2,13.0,10202.77,784.8284615384616,2024-05-23,2023-07-13,28.0,5.0,39.0,354,1.1016949152542372,354,12906.41
CUST01316,2023-11-12,Organic Search,40,Tier 2,11.0,12439.57,1130.87,2024-06-20,2023-11-26,24.0,5.0,11.0,232,1.5137614678899083,232,6762.33
CUST01317,2023-11-05,Social Media,23,Tier 1,4.0,5113.8,1278.45,2024-06-28,2024-02-03,10.0,3.0,3.0,239,0.8053691275167785,239,15710.800000000001
CUST01318,2023-08-13,Paid Ads,49,Tier 1,10.0,9388.47,938.847,2024-06-22,2023-09-22,25.0,6.0,9.0,323,1.0600706713780919,323,16472.48
CUST01319,2023-10-27,Paid Ads,31,Tier 2,6.0,3336.59,556.0983333333334,2024-05-17,2023-11-21,9.0,5.0,45.0,248,0.8071748878923767,248,4298.65
CUST01320,2023-11-20,Social Media,46,Tier 2,5.0,3718.26,743.652,2024-06-19,2023-12-06,13.0,3.0,12.0,224,0.7211538461538461,224,1439.63
CUST01321,2023-07-19,Paid Ads,38,Tier 1,6.0,3705.58,617.5966666666667,2024-06-14,2023-07-22,11.0,5.0,17.0,348,0.5217391304347826,348,3616.44
CUST01322,2023-09-01,Organic Search,51,Tier 1,6.0,3278.11,546.3516666666667,2024-04-03,2023-10-05,16.0,4.0,89.0,304,0.6666666666666667,304,1125.1
CUST01323,2023-12-10,Organic Search,34,Tier 3,17.0,27719.0,1630.5294117647059,2024-06-16,2023-12-16,36.0,6.0,15.0,204,2.5757575757575757,204,53864.479999999996
CUST01324,2023-09-19,Referral,47,Tier 2,4.0,2088.9,522.225,2024-03-30,2024-01-13,8.0,3.0,93.0,286,0.7058823529411764,286,3248.71
CUST01325,2023-12-10,Organic Search,41,Tier 2,37.0,111375.35,3010.1445945945948,2024-06-25,2023-12-11,89.0,6.0,6.0,204,5.467980295566503,204,15134.27
CUST01326,2023-11-24,Paid Ads,42,Tier 3,3.0,1151.1,383.7,2024-02-24,2023-12-06,8.0,3.0,128.0,220,0.4326923076923077,220,1275.8500000000001
CUST01327,2023-11-25,Paid Ads,52,Tier 1,0.0,0.0,0.0,,,0.0,0.0,360.0,219,0.0,219,0.0
CUST01328,2023-10-08,Paid Ads,25,Tier 2,16.0,28110.25,1756.890625,2024-06-17,2023-10-31,38.0,5.0,14.0,267,1.9672131147540985,267,44247.28
CUST01329,2023-12-10,Organic Search,56,Tier 3,9.0,10381.36,1153.4844444444445,2024-06-25,2023-12-16,25.0,5.0,6.0,204,1.3636363636363638,204,0.0
CUST01330,2023-12-07,Paid Ads,55,Tier 2,9.0,8385.14,931.6822222222222,2024-06-07,2023-12-11,24.0,6.0,24.0,207,1.3300492610837438,207,17873.55
CUST01331,2023-10-30,Paid Ads,22,Tier 1,8.0,7909.98,988.7475,2024-03-17,2023-11-17,15.0,4.0,106.0,245,1.0572687224669604,245,0.0
CUST01332,2023-12-23,Referral,52,Tier 1,13.0,14090.15,1083.8576923076923,2024-06-14,2024-01-01,28.0,6.0,17.0,191,2.142857142857143,191,10956.26
CUST01333,2023-08-13,Organic Search,40,Tier 2,2.0,1195.95,597.975,2024-02-07,2023-11-12,5.0,1.0,145.0,323,0.25862068965517243,323,2450.0299999999997
CUST01334,2023-10-12,Paid Ads,23,Tier 1,32.0,94362.81999999999,2948.8381249999998,2024-06-24,2023-10-19,74.0,6.0,7.0,263,3.75,263,121875.65
CUST01335,2023-11-29,Paid Ads,41,Tier 3,32.0,98154.11,3067.3159375,2024-06-30,2023-11-29,77.0,6.0,1.0,215,4.465116279069767,215,90476.7
CUST01336,2023-08-30,Paid Ads,33,Tier 1,12.0,11859.6,988.3000000000001,2024-05-28,2023-09-03,30.0,5.0,34.0,306,1.1920529801324504,306,17732.44
CUST01337,2023-11-02,Email,49,Tier 1,0.0,0.0,0.0,,,0.0,0.0,360.0,242,0.0,242,2697.2799999999997
CUST01338,2023-11-22,Organic Search,27,Tier 1,5.0,4175.5599999999995,835.1119999999999,2024-04-16,2023-12-10,16.0,4.0,76.0,222,0.7352941176470588,222,5594.54
CUST01339,2023-09-09,Organic Search,43,Tier 2,3.0,2016.47,672.1566666666666,2024-02-02,2023-11-23,8.0,2.0,150.0,296,0.4072398190045249,296,3029.26
CUST01340,2023-10-15,Social Media,43,Tier 3,5.0,2853.39,570.678,2024-05-05,2023-11-24,10.0,3.0,57.0,260,0.6818181818181819,260,1826.68
CUST01341,2023-08-19,Paid Ads,39,Tier 2,3.0,1575.3600000000001,525.12,2024-03-21,2023-08-23,9.0,2.0,102.0,317,0.2875399361022364,317,473.86
CUST01342,2023-09-03,Paid Ads,27,Tier 3,10.0,10166.03,1016.6030000000001,2024-05-12,2023-10-02,25.0,5.0,50.0,302,1.098901098901099,302,11361.57
CUST01343,2023-10-07,Organic Search,56,Tier 1,13.0,18679.699999999997,1436.8999999999999,2024-06-29,2023-10-30,30.0,6.0,2.0,268,1.5918367346938775,268,47467.09
CUST01344,2023-08-01,Organic Search,40,Tier 1,9.0,7671.71,852.4122222222222,2024-05-30,2023-09-10,24.0,4.0,32.0,335,0.9152542372881356,335,6829.08
CUST01345,2023-12-11,Organic Search,41,Tier 3,6.0,6693.98,1115.6633333333332,2024-06-21,2024-01-25,11.0,5.0,10.0,203,1.139240506329114,203,8186.74
CUST01346,2023-11-18,Organic Search,22,Tier 3,7.0,6946.96,992.4228571428572,2024-06-24,2023-11-18,14.0,5.0,7.0,226,0.9292035398230089,226,7627.900000000001
CUST01347,2024-01-14,Email,47,Tier 3,0.0,0.0,0.0,,,0.0,0.0,360.0,169,0.0,169,1506.58
CUST01348,2023-08-27,Social Media,33,Tier 2,7.0,3761.75,537.3928571428571,2024-06-14,2023-11-08,12.0,3.0,17.0,309,0.8898305084745763,309,1023.16
CUST01349,2023-11-05,Organic Search,19,Tier 1,31.0,98840.59,3188.406129032258,2024-06-11,2023-11-07,80.0,6.0,20.0,239,3.924050632911393,239,150989.41
CUST01350,2023-11-19,Paid Ads,48,Tier 1,6.0,3986.0800000000004,664.3466666666667,2024-06-29,2023-12-20,14.0,4.0,2.0,225,0.9278350515463918,225,4240.12
CUST01351,2023-12-12,Organic Search,47,Tier 3,20.0,32389.23,1619.4615,2024-06-30,2024-01-30,54.0,6.0,1.0,202,3.9215686274509807,202,42458.5
CUST01352,2023-10-20,Paid Ads,38,Tier 1,8.0,6008.9400000000005,751.1175000000001,2024-06-25,2023-11-09,21.0,5.0,6.0,255,1.0212765957446808,255,12839.11
CUST01353,2023-09-06,Organic Search,51,Tier 1,10.0,9817.5,981.75,2024-06-04,2023-09-07,23.0,6.0,27.0,299,1.0067114093959733,299,13007.39
CUST01354,2023-08-09,Referral,59,Tier 2,9.0,8465.0,940.5555555555555,2024-06-29,2023-08-28,22.0,5.0,2.0,327,0.8766233766233766,327,9505.19
CUST01355,2024-01-03,Email,54,Tier 1,9.0,8724.06,969.3399999999999,2024-06-21,2024-01-29,22.0,6.0,10.0,180,1.7532467532467533,180,11692.75
CUST01356,2023-11-21,Referral,40,Tier 3,14.0,22960.85,1640.060714285714,2024-05-21,2023-12-06,35.0,6.0,41.0,223,2.019230769230769,223,48437.31
CUST01357,2024-01-06,Social Media,31,Tier 1,14.0,23496.29,1678.3064285714286,2024-06-24,2024-02-01,32.0,6.0,7.0,177,2.781456953642384,177,54818.61
CUST01358,2023-11-09,Paid Ads,25,Tier 2,8.0,7220.03,902.50375,2024-05-02,2024-01-23,20.0,5.0,60.0,235,1.5,235,10016.59
CUST01359,2023-12-20,Paid Ads,26,Tier 2,1.0,679.58,679.58,2024-02-05,2024-02-05,2.0,1.0,147.0,194,0.20408163265306123,194,2260.16
CUST01360,2023-09-28,Organic Search,46,Tier 2,13.0,15544.24,1195.7107692307693,2024-05-22,2023-10-18,38.0,6.0,40.0,277,1.517509727626459,277,4725.89
CUST01361,2023-07-28,Paid Ads,27,Tier 2,33.0,52970.74,1605.1739393939392,2024-07-01,2023-08-17,72.0,6.0,0.0,339,3.103448275862069,339,40207.4
CUST01362,2023-10-04,Referral,43,Tier 1,6.0,3872.42,645.4033333333333,2024-06-05,2023-12-13,17.0,3.0,26.0,271,0.8955223880597015,271,2658.13
CUST01363,2024-01-10,Organic Search,34,Tier 2,8.0,7545.24,943.155,2024-06-20,2024-02-09,23.0,6.0,11.0,173,1.6783216783216783,173,7200.49
CUST01364,2023-07-31,Social Media,28,Tier 2,7.0,6182.22,883.1742857142857,2024-06-05,2023-09-07,20.0,4.0,26.0,336,0.7046979865771812,336,5030.05
CUST01365,2023-07-03,Paid Ads,29,Tier 2,11.0,10929.359999999999,993.5781818181817,2024-06-20,2023-07-22,19.0,5.0,11.0,364,0.9565217391304347,364,10075.84
CUST01366,2023-11-13,Social Media,49,Tier 1,5.0,3004.96,600.992,2024-06-21,2024-04-18,14.0,4.0,10.0,231,2.027027027027027,231,6392.639999999999
CUST01367,2023-07-24,Referral,30,Tier 1,9.0,8465.04,940.5600000000001,2023-12-27,2023-09-04,24.0,4.0,187.0,343,0.8970099667774087,343,0.0
CUST01368,2023-07-15,Email,49,Tier 1,30.0,53168.8,1772.2933333333335,2024-06-29,2023-07-21,75.0,6.0,2.0,352,2.601156069364162,352,51120.37
CUST01369,2023-12-18,Email,32,Tier 2,2.0,589.67,294.835,2024-03-10,2024-01-18,3.0,2.0,113.0,196,0.36363636363636365,196,3008.71
CUST01370,2023-12-06,Paid Ads,50,Tier 1,0.0,0.0,0.0,,,0.0,0.0,360.0,208,0.0,208,2752.0
CUST01371,2023-08-14,Social Media,35,Tier 3,45.0,154106.22,3424.5826666666667,2024-06-29,2023-08-29,108.0,6.0,2.0,322,4.397394136807818,322,219500.84
CUST01372,2024-01-10,Referral,53,Tier 2,2.0,962.46,481.23,2024-04-12,2024-03-18,5.0,2.0,80.0,173,0.5714285714285715,173,5016.37
CUST01373,2023-07-08,Social Media,19,Tier 2,27.0,39760.21,1472.6003703703702,2024-06-27,2023-07-17,75.0,6.0,4.0,359,2.314285714285714,359,40995.75
CUST01374,2023-09-09,Email,47,Tier 3,12.0,9519.02,793.2516666666667,2024-06-20,2023-09-11,32.0,5.0,11.0,296,1.2244897959183672,296,13364.09
CUST01375,2023-10-16,Email,22,Tier 1,5.0,2576.01,515.202,2024-04-26,2023-11-27,14.0,3.0,66.0,259,0.6912442396313364,259,2642.86
CUST01376,2023-10-23,Social Media,41,Tier 3,10.0,16493.63,1649.363,2024-06-23,2023-12-10,23.0,6.0,8.0,252,1.4705882352941175,252,36962.979999999996
CUST01377,2023-10-11,Paid Ads,46,Tier 2,9.0,9226.0,1025.111111111111,2024-06-19,2023-11-08,19.0,6.0,12.0,264,1.1440677966101696,264,4229.280000000001
CUST01378,2023-11-02,Social Media,34,Tier 3,7.0,4742.43,677.49,2024-05-08,2023-12-03,21.0,4.0,54.0,242,0.9952606635071091,242,21770.88
CUST01379,2023-08-26,Paid Ads,30,Tier 3,0.0,0.0,0.0,,,0.0,0.0,360.0,310,0.0,310,1793.3000000000002
CUST01380,2023-07-30,Organic Search,39,Tier 1,11.0,12053.99,1095.8172727272727,2024-06-10,2023-11-25,28.0,6.0,21.0,337,1.506849315068493,337,4750.78
CUST01381,2023-11-23,Paid Ads,35,Tier 1,1.0,598.16,598.16,2023-12-08,2023-12-08,2.0,1.0,206.0,221,0.14563106796116504,221,635.72
CUST01382,2023-10-22,Paid Ads,58,Tier 2,5.0,2226.5,445.3,2024-06-04,2023-12-07,9.0,4.0,27.0,253,0.7246376811594203,253,764.25
CUST01383,2024-01-13,Organic Search,31,Tier 2,38.0,123886.25,3260.1644736842104,2024-06-28,2024-01-28,102.0,6.0,3.0,170,7.354838709677419,170,133479.33
CUST01384,2023-10-25,Organic Search,50,Tier 1,3.0,1397.6799999999998,465.89333333333326,2023-11-21,2023-11-08,8.0,3.0,223.0,250,0.38135593220338987,250,3284.62
CUST01385,2023-12-14,Paid Ads,55,Tier 1,5.0,4990.95,998.1899999999999,2024-06-06,2023-12-29,10.0,4.0,25.0,200,0.8108108108108109,200,0.0
CUST01386,2023-08-29,Organic Search,33,Tier 1,4.0,1171.65,292.9125,2024-06-25,2023-12-04,11.0,3.0,6.0,307,0.5714285714285715,307,3105.17
CUST01387,2023-10-06,Paid Ads,30,Tier 2,33.0,52203.56,1581.9260606060604,2024-06-27,2023-10-15,83.0,6.0,4.0,269,3.8076923076923075,269,62420.33
CUST01388,2023-12-18,Social Media,33,Tier 3,3.0,1570.0100000000002,523.3366666666667,2024-05-09,2023-12-29,6.0,3.0,53.0,196,0.4864864864864865,196,1477.0700000000002
CUST01389,2023-11-03,Referral,52,Tier 2,33.0,110757.22,3356.279393939394,2024-06-25,2023-12-09,84.0,6.0,6.0,241,4.829268292682927,241,234218.26
CUST01390,2023-12-20,Social Media,24,Tier 1,4.0,3415.26,853.815,2024-06-23,2024-03-13,13.0,4.0,8.0,194,1.0909090909090908,194,13054.84
CUST01391,2023-11-28,Referral,35,Tier 1,3.0,1956.98,652.3266666666667,2024-06-27,2024-05-11,3.0,3.0,4.0,216,1.7647058823529411,216,916.71
CUST01392,2024-01-13,Email,38,Tier 1,2.0,1448.08,724.04,2024-03-01,2024-01-31,6.0,2.0,122.0,170,0.39473684210526316,170,1046.33
CUST01393,2023-10-02,Organic Search,27,Tier 2,5.0,2727.29,545.458,2024-05-30,2023-10-24,14.0,5.0,32.0,273,0.5976095617529881,273,2642.62
CUST01394,2023-11-11,Email,23,Tier 3,7.0,5645.05,806.4357142857143,2024-04-16,2023-11-15,24.0,3.0,76.0,233,0.9170305676855894,233,11246.26
CUST01395,2023-12-31,Social Media,41,Tier 1,1.0,762.03,762.03,2024-06-21,2024-06-21,4.0,1.0,10.0,183,3.0,183,4325.38
CUST01396,2023-10-30,Paid Ads,51,Tier 2,22.0,35019.83,1591.8104545454546,2024-06-27,2023-11-08,54.0,6.0,4.0,245,2.7966101694915255,245,48369.04
CUST01397,2023-10-16,Organic Search,56,Tier 3,9.0,9077.07,1008.5633333333333,2024-06-30,2023-11-02,26.0,6.0,1.0,259,1.115702479338843,259,0.0
CUST01398,2023-07-04,Social Media,32,Tier 3,5.0,2964.48,592.896,2024-05-17,2023-10-30,10.0,4.0,45.0,363,0.6122448979591836,363,3724.42
CUST01399,2023-10-01,Organic Search,35,Tier 1,16.0,16027.61,1001.725625,2024-06-25,2023-10-03,46.0,6.0,6.0,274,1.7647058823529411,274,1933.33
CUST01400,2023-11-28,Email,37,Tier 1,5.0,4712.26,942.452,2024-06-29,2023-12-04,9.0,5.0,2.0,216,0.7142857142857142,216,8529.99
CUST01401,2023-07-06,Organic Search,51,Tier 1,4.0,2158.73,539.6825,2023-12-08,2023-08-12,8.0,3.0,206.0,361,0.37037037037037035,361,4359.03
CUST01402,2023-08-01,Email,19,Tier 2,6.0,2966.96,494.49333333333334,2024-05-31,2023-10-18,13.0,3.0,31.0,335,0.7003891050583657,335,3137.33
CUST01403,2023-10-14,Paid Ads,31,Tier 3,0.0,0.0,0.0,,,0.0,0.0,360.0,261,0.0,261,3746.5
CUST01404,2023-11-23,Organic Search,45,Tier 1,10.0,8794.01,879.4010000000001,2024-07-01,2023-12-06,30.0,5.0,0.0,221,1.4423076923076923,221,13054.29
CUST01405,2023-07-15,Paid Ads,24,Tier 1,14.0,12893.970000000001,920.9978571428572,2024-06-24,2023-07-31,39.0,6.0,7.0,352,1.25,352,12930.14
CUST01406,2023-12-15,Email,24,Tier 3,9.0,7960.11,884.4566666666666,2024-06-17,2024-01-05,28.0,5.0,14.0,199,1.5168539325842696,199,28018.65
CUST01407,2023-10-30,Social Media,51,Tier 2,24.0,41391.91,1724.662916666667,2024-06-22,2023-11-06,69.0,6.0,9.0,245,3.0252100840336134,245,3464.06
CUST01408,2023-10-04,Social Media,48,Tier 3,20.0,32318.48,1615.924,2024-06-13,2023-11-04,58.0,6.0,18.0,271,2.5,271,54648.01
CUST01409,2023-07-06,Paid Ads,53,Tier 1,15.0,14607.98,973.8653333333333,2024-06-20,2023-10-08,43.0,5.0,11.0,361,1.6853932584269662,361,10964.58
CUST01410,2023-10-20,Social Media,41,Tier 1,21.0,34095.22,1623.5819047619048,2024-06-04,2023-10-29,41.0,6.0,27.0,255,2.5609756097560976,255,39321.64
CUST01411,2023-10-28,Paid Ads,28,Tier 1,3.0,1942.51,647.5033333333333,2024-05-08,2023-12-18,7.0,2.0,54.0,247,0.45918367346938777,247,4444.2300000000005
CUST01412,2023-10-31,Paid Ads,37,Tier 1,8.0,4477.93,559.74125,2024-06-26,2024-01-19,21.0,5.0,5.0,244,1.4634146341463414,244,2964.2
CUST01413,2024-01-07,Organic Search,46,Tier 2,3.0,1018.57,339.52333333333337,2024-03-22,2024-01-21,9.0,3.0,101.0,176,0.5555555555555556,176,2207.57
CUST01414,2023-09-05,Email,41,Tier 1,2.0,1323.01,661.505,2024-04-26,2024-04-09,6.0,2.0,66.0,300,0.7228915662650602,300,1262.98
CUST01415,2023-10-14,Paid Ads,22,Tier 1,8.0,6799.48,849.935,2024-06-11,2023-12-21,17.0,5.0,20.0,261,1.2435233160621761,261,19930.329999999998
CUST01416,2023-11-16,Organic Search,38,Tier 3,20.0,34600.82,1730.041,2024-06-19,2023-11-25,47.0,5.0,12.0,228,2.73972602739726,228,57994.43
CUST01417,2023-08-12,Email,37,Tier 1,4.0,1678.19,419.5475,2024-05-21,2024-01-05,9.0,3.0,41.0,324,0.6741573033707865,324,1018.02
CUST01418,2023-11-22,Social Media,45,Tier 2,3.0,1694.56,564.8533333333334,2024-02-07,2023-11-24,6.0,3.0,145.0,222,0.40909090909090906,222,1636.23
CUST01419,2023-10-04,Paid Ads,52,Tier 1,8.0,7214.049999999999,901.7562499999999,2024-06-28,2023-10-15,17.0,5.0,3.0,271,0.9230769230769231,271,19234.87
CUST01420,2023-11-09,Organic Search,22,Tier 3,12.0,19257.89,1604.8241666666665,2024-06-30,2023-11-24,33.0,5.0,1.0,235,1.6363636363636362,235,50940.65
CUST01421,2024-01-07,Paid Ads,56,Tier 1,4.0,2862.49,715.6225,2024-06-18,2024-03-29,15.0,2.0,13.0,176,1.2765957446808511,176,4840.98
CUST01422,2024-01-12,Paid Ads,25,Tier 2,7.0,7333.42,1047.6314285714286,2024-06-14,2024-01-28,16.0,4.0,17.0,171,1.3548387096774193,171,10916.11
CUST01423,2023-09-19,Email,25,Tier 1,6.0,3554.88,592.48,2024-05-18,2023-10-23,13.0,5.0,44.0,286,0.7142857142857142,286,1267.55
CUST01424,2023-08-10,Paid Ads,44,Tier 1,7.0,4059.12,579.8742857142857,2024-05-11,2023-09-05,16.0,5.0,51.0,326,0.7000000000000001,326,0.0
CUST01425,2023-11-10,Email,44,Tier 2,41.0,130914.84,3193.0448780487804,2024-06-25,2023-11-12,101.0,6.0,6.0,234,5.301724137931034,234,145955.87
CUST01426,2023-12-07,Social Media,37,Tier 1,34.0,113620.01,3341.765,2024-06-28,2023-12-09,78.0,6.0,3.0,207,4.975609756097561,207,198485.45
CUST01427,2024-01-14,Organic Search,27,Tier 1,4.0,3500.05,875.0125,2024-06-19,2024-04-24,10.0,2.0,12.0,169,1.7647058823529411,169,4575.1
CUST01428,2023-08-04,Referral,38,Tier 3,55.0,171019.39,3109.4434545454546,2024-06-28,2023-08-12,144.0,6.0,3.0,332,5.092592592592593,332,6541.370000000001
CUST01429,2023-07-22,Paid Ads,34,Tier 3,7.0,6504.26,929.1800000000001,2024-06-22,2023-08-20,16.0,5.0,9.0,345,0.6645569620253164,345,17227.94
CUST01430,2024-01-09,Organic Search,35,Tier 1,18.0,32372.27,1798.4594444444444,2024-06-06,2024-01-13,44.0,5.0,25.0,174,3.176470588235294,174,23734.31
CUST01431,2023-11-27,Paid Ads,40,Tier 1,8.0,6218.3,777.2875,2024-04-05,2023-12-04,15.0,4.0,87.0,217,1.142857142857143,217,8923.84
CUST01432,2023-10-20,Organic Search,31,Tier 1,10.0,9439.33,943.933,2024-06-18,2023-10-28,26.0,4.0,13.0,255,1.214574898785425,255,13305.279999999999
CUST01433,2023-07-11,Organic Search,30,Tier 1,5.0,4379.36,875.872,2023-12-04,2023-07-26,12.0,4.0,210.0,356,0.43988269794721413,356,0.0
CUST01434,2023-07-03,Paid Ads,28,Tier 3,6.0,6397.48,1066.2466666666667,2024-06-02,2023-09-10,15.0,4.0,29.0,364,0.6101694915254237,364,15769.84
CUST01435,2023-11-14,Social Media,19,Tier 2,2.0,1301.1100000000001,650.5550000000001,2024-04-01,2024-03-07,5.0,1.0,91.0,230,0.5172413793103449,230,2615.96
CUST01436,2023-08-29,Referral,50,Tier 2,2.0,784.3199999999999,392.15999999999997,2024-02-26,2023-09-01,2.0,2.0,126.0,307,0.19736842105263158,307,0.0
CUST01437,2023-09-14,Email,48,Tier 3,4.0,2527.3199999999997,631.8299999999999,2024-07-01,2023-11-08,9.0,3.0,0.0,291,0.5084745762711864,291,1394.88
CUST01438,2023-09-25,Organic Search,26,Tier 2,7.0,5436.58,776.6542857142857,2024-04-27,2023-12-18,20.0,3.0,65.0,280,1.0714285714285714,280,18526.97
CUST01439,2023-07-14,Email,39,Tier 2,6.0,3931.71,655.285,2024-04-27,2023-08-07,18.0,4.0,65.0,353,0.547112462006079,353,690.88
CUST01440,2023-07-18,Email,40,Tier 1,12.0,11727.68,977.3066666666667,2024-05-19,2023-07-18,32.0,5.0,43.0,349,1.0315186246418337,349,9316.56
CUST01441,2023-10-21,Social Media,36,Tier 1,36.0,118726.40000000001,3297.9555555555557,2024-06-30,2023-10-28,97.0,6.0,1.0,254,4.37246963562753,254,212888.84
CUST01442,2023-09-11,Social Media,20,Tier 2,4.0,3157.04,789.26,2024-06-06,2023-10-02,7.0,4.0,25.0,294,0.43956043956043955,294,3973.7200000000003
CUST01443,2023-07-23,Social Media,27,Tier 1,5.0,4671.98,934.396,2024-06-07,2023-09-02,11.0,3.0,24.0,344,0.495049504950495,344,10803.14
CUST01444,2023-09-21,Paid Ads,21,Tier 1,9.0,8784.04,976.0044444444445,2024-06-14,2023-11-21,24.0,5.0,17.0,284,1.210762331838565,284,12454.82
CUST01445,2023-11-02,Email,44,Tier 1,13.0,18540.75,1426.2115384615386,2024-05-18,2023-11-15,27.0,6.0,44.0,242,1.703056768558952,242,41124.1
CUST01446,2023-12-22,Organic Search,39,Tier 1,2.0,1096.0500000000002,548.0250000000001,2024-05-21,2024-04-14,6.0,2.0,41.0,192,0.7692307692307692,192,422.03
CUST01447,2023-09-07,Referral,48,Tier 2,10.0,9355.869999999999,935.5869999999999,2024-05-26,2023-09-22,28.0,5.0,36.0,298,1.0600706713780919,298,13721.55
CUST01448,2023-08-16,Organic Search,46,Tier 2,27.0,47715.88,1767.2548148148146,2024-06-24,2023-08-16,69.0,6.0,7.0,320,2.53125,320,39982.2
CUST01449,2023-10-24,Organic Search,54,Tier 1,26.0,43599.98,1676.9223076923079,2024-05-31,2023-10-24,66.0,5.0,31.0,251,3.107569721115538,251,53574.62
CUST01450,2023-07-30,Organic Search,44,Tier 1,12.0,11523.03,960.2525,2024-06-20,2023-09-02,31.0,6.0,11.0,337,1.188118811881188,337,11901.279999999999
CUST01451,2023-07-25,Social Media,52,Tier 2,11.0,10477.4,952.4909090909091,2024-05-29,2023-10-09,33.0,6.0,33.0,342,1.2406015037593985,342,7766.28
CUST01452,2023-12-03,Paid Ads,26,Tier 1,9.0,9767.73,1085.3033333333333,2024-06-07,2023-12-03,17.0,3.0,24.0,211,1.2796208530805688,211,10925.91
CUST01453,2023-10-20,Paid Ads,28,Tier 2,21.0,31999.68,1523.7942857142857,2024-06-03,2023-11-08,50.0,6.0,28.0,255,2.669491525423729,255,55748.25
CUST01454,2023-07-25,Referral,32,Tier 2,10.0,9176.1,917.61,2024-07-01,2023-07-25,25.0,6.0,0.0,342,0.8771929824561403,342,8668.06
CUST01455,2023-09-12,Referral,58,Tier 1,1.0,693.92,693.92,2024-06-04,2024-06-04,4.0,1.0,27.0,293,1.1111111111111112,293,0.0
CUST01456,2023-08-27,Paid Ads,33,Tier 2,27.0,41592.94,1540.4792592592594,2024-06-26,2023-08-31,73.0,6.0,5.0,309,2.6557377049180326,309,43920.37
CUST01457,2023-10-02,Organic Search,35,Tier 2,14.0,11438.689999999999,817.0492857142856,2024-06-28,2023-10-30,35.0,5.0,3.0,273,1.7142857142857142,273,516.52
CUST01458,2023-10-27,Social Media,36,Tier 1,12.0,11121.37,926.7808333333334,2024-05-21,2023-10-27,34.0,6.0,41.0,248,1.4516129032258065,248,1033.95
CUST01459,2023-11-04,Referral,50,Tier 1,3.0,2054.34,684.7800000000001,2024-05-06,2023-12-08,10.0,2.0,56.0,240,0.4368932038834952,240,1636.42
CUST01460,2023-12-16,Paid Ads,56,Tier 3,7.0,6534.43,933.49,2024-05-31,2024-01-09,17.0,4.0,31.0,198,1.206896551724138,198,11080.47
CUST01461,2023-07-25,Email,41,Tier 1,6.0,3668.9700000000003,611.495,2024-05-10,2023-09-27,17.0,4.0,52.0,342,0.6474820143884893,342,2381.3500000000004
CUST01462,2023-09-16,Organic Search,41,Tier 3,13.0,11813.47,908.7284615384615,2024-06-22,2023-11-23,32.0,5.0,9.0,289,1.7647058823529411,289,10118.66
CUST01463,2023-10-07,Social Media,53,Tier 2,4.0,2243.71,560.9275,2024-06-14,2023-12-08,7.0,3.0,17.0,268,0.5825242718446602,268,3201.05
CUST01464,2023-10-24,Email,57,Tier 1,12.0,8981.3,748.4416666666666,2024-07-01,2023-10-25,36.0,6.0,0.0,251,1.44,251,10855.81
CUST01465,2023-08-17,Paid Ads,33,Tier 1,62.0,200776.16999999998,3238.3253225806448,2024-06-25,2023-08-30,152.0,6.0,6.0,319,6.078431372549019,319,166048.6
CUST01466,2023-07-10,Organic Search,42,Tier 2,2.0,1020.51,510.255,2023-12-29,2023-10-09,8.0,1.0,185.0,357,0.22556390977443608,357,2089.68
CUST01467,2023-10-07,Referral,46,Tier 1,40.0,119653.44,2991.3360000000002,2024-06-11,2023-10-17,110.0,6.0,20.0,268,4.651162790697675,268,163434.07
CUST01468,2023-07-11,Email,34,Tier 2,14.0,13503.61,964.5435714285715,2024-05-28,2023-10-12,32.0,6.0,34.0,356,1.5969581749049429,356,11237.95
CUST01469,2023-09-23,Organic Search,34,Tier 3,19.0,31444.69,1654.9836842105262,2024-06-20,2023-09-26,50.0,6.0,11.0,282,2.043010752688172,282,56506.83
CUST01470,2023-11-26,Email,58,Tier 3,16.0,25114.78,1569.67375,2024-06-12,2023-12-12,47.0,5.0,19.0,218,2.376237623762376,218,43581.78
CUST01471,2023-12-20,Email,57,Tier 1,9.0,8818.13,979.7922222222221,2024-06-21,2024-01-13,27.0,6.0,10.0,194,1.588235294117647,194,8091.41
CUST01472,2023-11-12,Paid Ads,24,Tier 3,7.0,6369.8,909.9714285714286,2024-06-20,2024-02-10,21.0,5.0,11.0,232,1.4788732394366195,232,12236.55
CUST01473,2024-01-08,Social Media,20,Tier 3,16.0,29742.29,1858.893125,2024-06-30,2024-01-08,46.0,4.0,1.0,175,2.742857142857143,175,44961.43
CUST01474,2023-11-03,Email,31,Tier 3,8.0,9085.35,1135.66875,2024-05-14,2023-11-05,18.0,4.0,48.0,241,1.00418410041841,241,11376.29
CUST01475,2023-09-02,Referral,27,Tier 2,4.0,2877.35,719.3375,2024-06-10,2023-09-20,8.0,3.0,21.0,303,0.4210526315789474,303,2753.86
CUST01476,2023-07-02,Organic Search,52,Tier 2,13.0,12184.17,937.2438461538461,2024-07-01,2023-07-17,30.0,6.0,0.0,365,1.1142857142857143,365,9955.11
CUST01477,2023-09-14,Organic Search,35,Tier 2,17.0,29959.63,1762.3311764705884,2024-06-14,2023-09-19,41.0,6.0,17.0,291,1.7832167832167831,291,34961.52
CUST01478,2023-10-29,Organic Search,45,Tier 1,18.0,25736.75,1429.8194444444443,2024-04-16,2023-10-29,42.0,5.0,76.0,246,2.195121951219512,246,0.0
CUST01479,2023-08-11,Email,47,Tier 3,26.0,45890.5,1765.0192307692307,2024-06-28,2023-08-23,66.0,6.0,3.0,325,2.4920127795527156,325,34766.66
CUST01480,2023-08-23,Email,55,Tier 1,10.0,8373.59,837.359,2024-05-11,2023-08-24,28.0,6.0,51.0,313,0.9615384615384615,313,17213.69
CUST01481,2023-09-13,Social Media,40,Tier 1,25.0,44062.729999999996,1762.5091999999997,2024-06-30,2023-09-13,65.0,6.0,1.0,292,2.5684931506849313,292,41448.06
CUST01482,2023-07-16,Social Media,42,Tier 3,8.0,4847.62,605.9525,2024-06-06,2023-07-31,21.0,5.0,25.0,351,0.7142857142857142,351,2789.59
CUST01483,2023-07-18,Paid Ads,25,Tier 1,14.0,13099.93,935.7092857142858,2024-06-06,2023-07-26,38.0,6.0,25.0,349,1.2316715542521994,349,12686.35
CUST01484,2024-01-03,Referral,52,Tier 3,3.0,1131.6,377.2,2024-06-17,2024-02-07,4.0,3.0,14.0,180,0.6206896551724138,180,3007.07
CUST01485,2023-09-28,Organic Search,30,Tier 2,3.0,1913.16,637.72,2024-05-28,2023-10-14,10.0,2.0,34.0,277,0.3448275862068966,277,1919.93
CUST01486,2023-11-21,Social Media,41,Tier 1,7.0,4022.51,574.6442857142857,2024-06-13,2023-11-27,19.0,4.0,18.0,223,0.967741935483871,223,4030.5699999999997
CUST01487,2023-07-06,Paid Ads,33,Tier 1,5.0,2560.8,512.1600000000001,2024-05-18,2024-02-05,10.0,5.0,44.0,361,1.0204081632653061,361,1398.64
CUST01488,2024-01-01,Email,51,Tier 2,8.0,9965.18,1245.6475,2024-06-30,2024-01-29,22.0,4.0,1.0,182,1.5584415584415585,182,7259.28
CUST01489,2023-10-16,Social Media,31,Tier 2,3.0,1347.66,449.22,2024-05-01,2024-02-01,7.0,3.0,61.0,259,0.5960264900662252,259,2565.69
CUST01490,2023-12-22,Email,41,Tier 3,6.0,5292.61,882.1016666666666,2024-06-13,2024-01-03,15.0,4.0,18.0,192,1.0,192,0.0
CUST01491,2023-08-17,Organic Search,56,Tier 3,4.0,2430.74,607.685,2024-05-31,2023-11-02,10.0,4.0,31.0,319,0.49586776859504134,319,2981.54
CUST01492,2023-08-11,Paid Ads,50,Tier 1,4.0,2532.58,633.145,2024-02-12,2023-08-11,9.0,3.0,140.0,325,0.36923076923076925,325,2133.66
CUST01493,2023-09-14,Email,53,Tier 1,6.0,2983.75,497.2916666666667,2024-04-25,2023-12-03,12.0,4.0,67.0,291,0.8530805687203791,291,2006.82
CUST01494,2024-01-04,Social Media,19,Tier 3,5.0,2582.72,516.544,2024-05-16,2024-01-09,12.0,3.0,46.0,179,0.8620689655172413,179,0.0
CUST01495,2023-09-15,Paid Ads,23,Tier 2,10.0,8673.12,867.3120000000001,2024-06-18,2023-10-31,28.0,5.0,13.0,290,1.2295081967213113,290,19249.89
CUST01496,2023-11-09,Referral,31,Tier 1,11.0,10907.28,991.5709090909091,2024-06-10,2023-11-11,34.0,4.0,21.0,235,1.4163090128755367,235,6192.97
CUST01497,2023-11-07,Paid Ads,23,Tier 3,12.0,10103.89,841.9908333333333,2024-06-08,2023-11-09,27.0,6.0,23.0,237,1.5319148936170213,237,8958.6
CUST01498,2023-08-28,Paid Ads,50,Tier 3,11.0,9709.99,882.7263636363637,2024-03-22,2023-11-04,30.0,5.0,101.0,308,1.375,308,7769.29
CUST01499,2023-12-02,Social Media,39,Tier 2,3.0,1835.12,611.7066666666666,2024-04-03,2023-12-10,6.0,3.0,89.0,212,0.4411764705882353,212,4776.9
CUST01500,2023-07-27,Email,42,Tier 1,29.0,49516.11,1707.4520689655174,2024-06-25,2023-08-04,64.0,6.0,6.0,340,2.6204819277108435,340,20467.32
CUST01501,2023-09-17,Referral,36,Tier 2,13.0,12809.24,985.3261538461538,2024-06-27,2023-11-05,31.0,5.0,4.0,288,1.6317991631799165,288,3907.2
CUST01502,2023-09-10,Email,39,Tier 2,11.0,9923.45,902.1318181818183,2024-06-17,2023-09-13,33.0,5.0,14.0,295,1.1301369863013697,295,12819.62
CUST01503,2023-07-07,Paid Ads,28,Tier 3,5.0,2763.48,552.696,2024-02-05,2023-09-26,12.0,4.0,147.0,360,0.5376344086021505,360,5078.73
CUST01504,2024-01-07,Organic Search,42,Tier 3,4.0,2154.65,538.6625,2024-06-28,2024-02-03,8.0,3.0,3.0,176,0.8053691275167785,176,338.7
CUST01505,2023-10-19,Paid Ads,58,Tier 2,3.0,1075.3400000000001,358.4466666666667,2024-04-16,2023-10-30,7.0,3.0,76.0,256,0.36734693877551017,256,1828.3600000000001
CUST01506,2023-10-27,Organic Search,39,Tier 2,2.0,741.49,370.745,2024-06-24,2024-04-18,7.0,1.0,7.0,248,0.8108108108108109,248,2551.08
CUST01507,2023-12-21,Social Media,43,Tier 3,9.0,8497.88,944.2088888888889,2024-05-18,2023-12-31,18.0,4.0,44.0,193,1.4754098360655736,193,10048.45
CUST01508,2023-09-01,Organic Search,41,Tier 1,14.0,12657.61,904.115,2024-05-24,2023-09-06,31.0,6.0,38.0,304,1.4046822742474916,304,17922.0
CUST01509,2023-11-01,Organic Search,40,Tier 1,11.0,10584.73,962.2481818181818,2024-06-25,2023-11-17,25.0,5.0,6.0,243,1.4537444933920705,243,12265.88
CUST01510,2023-07-12,Organic Search,22,Tier 3,25.0,41474.020000000004,1658.9608,2024-07-01,2023-07-22,63.0,6.0,0.0,355,2.1739130434782608,355,55411.05
CUST01511,2023-11-18,Organic Search,52,Tier 1,14.0,22959.760000000002,1639.9828571428573,2024-06-30,2023-12-02,31.0,6.0,1.0,226,1.9811320754716981,226,51647.42
CUST01512,2023-08-12,Paid Ads,24,Tier 1,8.0,6487.88,810.985,2024-04-10,2023-09-07,17.0,4.0,82.0,324,0.8053691275167785,324,0.0
CUST01513,2023-07-17,Social Media,46,Tier 1,71.0,233658.04,3290.958309859155,2024-06-28,2023-08-01,171.0,6.0,3.0,350,6.358208955223881,350,165189.98
CUST01514,2023-09-01,Social Media,49,Tier 1,1.0,442.77,442.77,2024-05-02,2024-05-02,2.0,1.0,60.0,304,0.5,304,2862.33
CUST01515,2023-10-28,Social Media,53,Tier 1,5.0,2608.18,521.636,2024-06-29,2024-04-22,15.0,4.0,2.0,247,2.142857142857143,247,3931.56
CUST01516,2023-08-05,Social Media,57,Tier 1,7.0,3934.2799999999997,562.04,2024-04-28,2023-09-14,16.0,4.0,64.0,331,0.7216494845360825,331,924.19
CUST01517,2023-07-08,Organic Search,41,Tier 3,15.0,11846.04,789.7360000000001,2024-06-30,2023-07-25,45.0,6.0,1.0,359,1.3157894736842104,359,11283.33
CUST01518,2023-09-07,Social Media,24,Tier 2,34.0,51679.0,1519.9705882352941,2024-06-02,2023-09-07,96.0,6.0,29.0,298,3.422818791946309,298,44635.05
CUST01519,2023-09-28,Organic Search,34,Tier 2,2.0,1286.85,643.425,2024-02-01,2023-11-10,7.0,2.0,151.0,277,0.25641025641025644,277,0.0
CUST01520,2023-08-05,Paid Ads,20,Tier 1,14.0,22423.04,1601.6457142857143,2024-06-19,2023-08-08,39.0,5.0,12.0,331,1.2804878048780488,331,40965.86
CUST01521,2023-07-28,Email,42,Tier 2,2.0,1279.1,639.55,2024-06-06,2023-09-02,4.0,2.0,25.0,339,0.19801980198019803,339,2315.46
CUST01522,2023-10-26,Organic Search,35,Tier 2,11.0,19848.63,1804.4209090909092,2024-06-17,2023-11-18,24.0,3.0,14.0,249,1.4601769911504425,249,51042.59
CUST01523,2023-10-01,Social Media,19,Tier 2,2.0,1272.68,636.34,2024-07-01,2024-04-08,3.0,2.0,0.0,274,0.7142857142857142,274,2913.53
CUST01524,2023-12-22,Paid Ads,24,Tier 1,3.0,2283.08,761.0266666666666,2024-05-04,2023-12-31,8.0,3.0,58.0,192,0.49180327868852464,192,1667.61
CUST01525,2023-09-14,Social Media,23,Tier 1,13.0,11058.8,850.676923076923,2024-05-26,2023-09-25,30.0,6.0,36.0,291,1.3928571428571428,291,13251.9
CUST01526,2023-10-09,Paid Ads,47,Tier 3,0.0,0.0,0.0,,,0.0,0.0,360.0,266,0.0,266,3610.13
CUST01527,2023-12-05,Organic Search,30,Tier 2,3.0,1553.24,517.7466666666667,2024-07-01,2024-01-05,10.0,2.0,0.0,209,0.5056179775280899,209,4211.82
CUST01528,2023-11-28,Social Media,57,Tier 2,2.0,1566.52,783.26,2024-06-18,2024-04-14,4.0,2.0,13.0,216,0.7692307692307692,216,2017.49
CUST01529,2023-11-21,Organic Search,21,Tier 2,17.0,26002.13,1529.5370588235294,2024-07-01,2023-11-24,52.0,5.0,0.0,223,2.3181818181818183,223,3033.31
CUST01530,2023-07-14,Paid Ads,19,Tier 1,13.0,12696.94,976.6876923076924,2024-06-29,2023-08-24,38.0,6.0,2.0,353,1.25,353,10458.54
CUST01531,2023-09-09,Organic Search,45,Tier 2,3.0,1539.02,513.0066666666667,2024-02-05,2023-09-21,7.0,2.0,147.0,296,0.31690140845070425,296,2960.99
CUST01532,2023-12-27,Email,42,Tier 1,3.0,2416.34,805.4466666666667,2024-06-12,2024-01-13,5.0,3.0,19.0,187,0.5294117647058824,187,14307.15
CUST01533,2023-11-01,Email,37,Tier 2,9.0,8539.24,948.8044444444445,2024-05-25,2023-12-07,28.0,4.0,37.0,243,1.3043478260869565,243,768.94
CUST01534,2023-11-02,Paid Ads,26,Tier 3,3.0,2475.63,825.21,2024-05-31,2024-02-11,9.0,2.0,31.0,242,0.6382978723404256,242,546.75
CUST01535,2023-08-06,Referral,20,Tier 2,11.0,11468.83,1042.620909090909,2024-06-16,2023-08-14,25.0,4.0,15.0,330,1.0248447204968945,330,7463.24
CUST01536,2023-07-29,Social Media,48,Tier 1,3.0,1497.36,499.11999999999995,2024-05-24,2023-10-05,9.0,2.0,38.0,338,0.33333333333333337,338,1636.44
CUST01537,2024-01-11,Social Media,48,Tier 1,0.0,0.0,0.0,,,0.0,0.0,360.0,172,0.0,172,1412.8
CUST01538,2023-11-20,Social Media,57,Tier 2,10.0,10361.43,1036.143,2024-06-05,2023-11-29,23.0,5.0,26.0,224,1.3953488372093024,224,9962.58
CUST01539,2023-12-22,Organic Search,50,Tier 3,1.0,746.03,746.03,2024-03-24,2024-03-24,2.0,1.0,99.0,192,0.30303030303030304,192,2207.86
CUST01540,2023-12-21,Email,19,Tier 2,2.0,2297.87,1148.935,2024-04-21,2024-01-24,6.0,2.0,71.0,193,0.37735849056603776,193,17763.98
CUST01541,2023-12-27,Organic Search,56,Tier 2,6.0,7025.99,1170.9983333333332,2024-06-21,2024-01-02,17.0,5.0,10.0,187,0.9944751381215469,187,5272.780000000001
CUST01542,2023-07-19,Organic Search,31,Tier 1,3.0,1857.42,619.14,2023-11-15,2023-08-13,4.0,2.0,229.0,348,0.2786377708978328,348,1742.99
CUST01543,2023-10-14,Referral,29,Tier 2,10.0,8033.2,803.3199999999999,2024-04-15,2023-11-04,30.0,5.0,77.0,261,1.25,261,7618.71
CUST01544,2023-07-21,Email,28,Tier 2,1.0,476.2,476.2,2024-05-10,2024-05-10,1.0,1.0,52.0,346,0.576923076923077,346,2413.06
CUST01545,2023-09-02,Paid Ads,44,Tier 3,38.0,119722.25,3150.5855263157896,2024-07-01,2023-09-02,91.0,6.0,0.0,303,3.762376237623762,303,173517.71
CUST01546,2023-12-12,Organic Search,38,Tier 1,13.0,10979.18,844.5523076923077,2024-06-25,2024-01-02,40.0,5.0,6.0,202,2.154696132596685,202,8749.5
CUST01547,2023-07-27,Email,35,Tier 2,22.0,33653.22,1529.6918181818182,2024-06-23,2023-08-18,47.0,6.0,8.0,340,2.0754716981132075,340,5109.56
CUST01548,2023-08-24,Organic Search,35,Tier 1,14.0,14029.75,1002.125,2024-06-25,2023-08-29,38.0,5.0,6.0,312,1.3680781758957654,312,14444.41
CUST01549,2023-07-29,Organic Search,22,Tier 2,3.0,1559.8,519.9333333333333,2024-05-10,2023-11-12,8.0,3.0,52.0,338,0.3879310344827586,338,2943.13
CUST01550,2023-11-25,Organic Search,23,Tier 3,12.0,13316.35,1109.6958333333334,2024-06-25,2023-12-14,31.0,6.0,6.0,219,1.7999999999999998,219,3839.82
CUST01551,2023-07-25,Paid Ads,41,Tier 1,60.0,190614.4,3176.9066666666668,2024-06-30,2023-07-25,152.0,6.0,1.0,342,5.263157894736842,342,184851.45
CUST01552,2023-09-08,Email,28,Tier 1,5.0,5501.04,1100.208,2024-05-14,2023-10-15,6.0,4.0,48.0,297,0.576923076923077,297,8292.17
CUST01553,2023-09-01,Organic Search,46,Tier 2,20.0,29015.69,1450.7845,2024-06-05,2023-09-12,47.0,6.0,26.0,304,2.0477815699658706,304,36918.29
CUST01554,2023-12-11,Social Media,51,Tier 2,20.0,31849.92,1592.4959999999999,2024-06-15,2024-01-08,42.0,6.0,16.0,203,3.4285714285714284,203,41625.81
CUST01555,2023-11-07,Organic Search,44,Tier 1,3.0,1003.04,334.34666666666664,2024-06-27,2024-01-13,9.0,2.0,4.0,237,0.5294117647058824,237,3839.38
CUST01556,2023-11-27,Email,47,Tier 1,6.0,3439.34,573.2233333333334,2024-03-27,2023-12-07,12.0,3.0,96.0,217,0.8695652173913043,217,1588.84
CUST01557,2023-07-16,Referral,45,Tier 2,14.0,11542.23,824.4449999999999,2024-06-18,2023-07-21,37.0,5.0,13.0,351,1.2138728323699421,351,7673.41
CUST01558,2023-11-23,Email,36,Tier 3,12.0,11145.45,928.7875,2024-06-14,2023-12-01,27.0,5.0,17.0,221,1.6901408450704225,221,17096.510000000002
CUST01559,2024-01-13,Social Media,58,Tier 1,18.0,33397.4,1855.4111111111113,2024-06-27,2024-01-24,49.0,6.0,4.0,170,3.3962264150943398,170,50143.63
CUST01560,2023-12-29,Referral,28,Tier 3,9.0,13147.58,1460.8422222222223,2024-06-20,2024-02-17,25.0,4.0,11.0,185,2.0,185,43645.81
CUST01561,2023-10-08,Paid Ads,23,Tier 1,0.0,0.0,0.0,,,0.0,0.0,360.0,267,0.0,267,4683.32
CUST01562,2023-07-30,Social Media,28,Tier 1,1.0,379.78,379.78,2023-08-05,2023-08-05,4.0,1.0,331.0,337,0.09063444108761329,337,4406.09
CUST01563,2023-08-14,Social Media,39,Tier 1,28.0,44541.07,1590.7525,2024-07-01,2023-08-17,70.0,6.0,0.0,322,2.633228840125392,322,50407.590000000004
CUST01564,2023-07-19,Paid Ads,42,Tier 3,2.0,1169.78,584.89,2024-03-24,2023-11-07,7.0,1.0,99.0,348,0.2531645569620253,348,2097.09
CUST01565,2023-08-03,Organic Search,56,Tier 1,25.0,35859.45,1434.378,2024-06-29,2023-08-08,62.0,6.0,2.0,333,2.2865853658536586,333,8270.5
CUST01566,2023-11-18,Referral,21,Tier 2,7.0,6268.74,895.5342857142857,2024-03-23,2024-01-03,20.0,5.0,100.0,226,1.1666666666666667,226,12567.95
CUST01567,2023-12-18,Social Media,58,Tier 2,10.0,10428.75,1042.875,2024-06-30,2024-02-21,22.0,5.0,1.0,196,2.290076335877863,196,9724.1
CUST01568,2023-08-31,Organic Search,49,Tier 3,5.0,3110.48,622.096,2024-06-12,2023-12-20,14.0,3.0,19.0,305,0.7731958762886597,305,1719.1599999999999
CUST01569,2023-10-26,Paid Ads,59,Tier 3,9.0,8937.14,993.0155555555555,2024-05-23,2023-12-07,21.0,6.0,39.0,249,1.3043478260869565,249,0.0
CUST01570,2023-10-08,Social Media,55,Tier 2,13.0,13165.49,1012.73,2024-06-30,2023-10-22,35.0,6.0,1.0,267,1.541501976284585,267,15747.65
CUST01571,2023-07-22,Paid Ads,20,Tier 3,8.0,7396.49,924.56125,2024-06-27,2023-09-10,20.0,5.0,4.0,345,0.8135593220338982,345,15381.42
CUST01572,2023-12-27,Email,20,Tier 2,1.0,870.49,870.49,2024-03-05,2024-03-05,3.0,1.0,118.0,187,0.2542372881355932,187,3950.3199999999997
CUST01573,2023-12-27,Social Media,57,Tier 3,7.0,5693.58,813.3685714285714,2024-05-31,2024-01-02,21.0,5.0,31.0,187,1.160220994475138,187,11972.07
CUST01574,2023-10-19,Email,52,Tier 1,17.0,24991.49,1470.0876470588237,2024-05-28,2023-11-01,43.0,6.0,34.0,256,2.0987654320987654,256,54782.32
CUST01575,2023-12-11,Paid Ads,38,Tier 1,2.0,1156.16,578.08,2024-06-30,2024-03-04,3.0,2.0,1.0,203,0.5042016806722689,203,2862.92
CUST01576,2023-09-11,Social Media,51,Tier 2,5.0,3169.13,633.826,2024-06-14,2023-09-15,12.0,3.0,17.0,294,0.5172413793103449,294,1125.7
CUST01577,2023-11-24,Social Media,22,Tier 1,3.0,1320.74,440.24666666666667,2024-03-09,2023-11-30,9.0,3.0,114.0,220,0.4205607476635514,220,2196.4
CUST01578,2023-08-07,Email,29,Tier 1,3.0,3885.0600000000004,1295.0200000000002,2024-04-12,2023-11-24,5.0,2.0,80.0,329,0.40909090909090906,329,7145.2
CUST01579,2023-09-08,Paid Ads,23,Tier 2,6.0,4728.139999999999,788.0233333333332,2024-05-04,2023-10-25,24.0,5.0,58.0,297,0.72,297,0.0
CUST01580,2023-10-24,Paid Ads,43,Tier 1,8.0,7783.8099999999995,972.9762499999999,2024-06-28,2023-11-01,21.0,6.0,3.0,251,0.9876543209876544,251,6219.24
CUST01581,2023-09-17,Referral,55,Tier 2,5.0,2931.46,586.292,2024-06-04,2023-11-29,11.0,3.0,27.0,288,0.6976744186046512,288,0.0
CUST01582,2024-01-01,Organic Search,52,Tier 1,3.0,1628.25,542.75,2024-05-05,2024-02-17,11.0,3.0,57.0,182,0.6666666666666667,182,2329.29
CUST01583,2023-11-25,Organic Search,27,Tier 3,6.0,5673.21,945.535,2024-04-11,2023-12-19,14.0,4.0,81.0,219,0.9230769230769231,219,0.0
CUST01584,2023-07-09,Paid Ads,24,Tier 3,12.0,9888.75,824.0625,2024-06-29,2023-08-14,26.0,5.0,2.0,358,1.1180124223602486,358,6157.87
CUST01585,2023-08-01,Social Media,36,Tier 3,50.0,161702.29,3234.0458000000003,2024-06-02,2023-08-02,124.0,6.0,29.0,335,4.4910179640718555,335,0.0
CUST01586,2023-11-09,Organic Search,32,Tier 1,3.0,1926.71,642.2366666666667,2024-06-10,2024-01-08,11.0,2.0,21.0,235,0.5142857142857143,235,1304.0
CUST01587,2023-08-19,Organic Search,37,Tier 2,7.0,6826.33,975.1899999999999,2024-04-09,2023-09-09,21.0,5.0,83.0,317,0.7094594594594595,317,14993.67
CUST01588,2023-09-20,Organic Search,32,Tier 3,10.0,7903.4,790.3399999999999,2024-06-29,2023-10-31,23.0,4.0,2.0,285,1.2295081967213113,285,12178.09
CUST01589,2023-07-05,Social Media,58,Tier 3,13.0,10497.58,807.5061538461539,2024-06-08,2023-07-05,37.0,6.0,23.0,362,1.0773480662983426,362,8178.65
CUST01590,2023-11-25,Organic Search,35,Tier 2,6.0,7074.02,1179.0033333333333,2024-06-24,2024-01-04,11.0,6.0,7.0,219,1.005586592178771,219,1659.53
CUST01591,2023-09-25,Paid Ads,53,Tier 1,10.0,10938.37,1093.837,2024-06-08,2023-10-16,28.0,6.0,23.0,280,1.1583011583011582,280,10534.69
CUST01592,2023-11-03,Paid Ads,47,Tier 2,41.0,138595.47,3380.3773170731706,2024-06-30,2023-11-07,112.0,6.0,1.0,241,5.189873417721519,241,164516.09
CUST01593,2023-09-13,Social Media,35,Tier 2,2.0,853.27,426.635,2023-11-17,2023-10-13,3.0,2.0,227.0,292,0.22900763358778625,292,0.0
CUST01594,2023-12-12,Paid Ads,26,Tier 1,4.0,2431.27,607.8175,2024-06-02,2024-03-18,13.0,3.0,29.0,202,1.142857142857143,202,2080.15
CUST01595,2023-07-22,Organic Search,19,Tier 2,10.0,9978.21,997.8209999999999,2024-06-13,2023-08-15,26.0,5.0,18.0,345,0.9345794392523364,345,3721.85
CUST01596,2024-01-02,Paid Ads,54,Tier 3,8.0,7134.16,891.77,2024-05-12,2024-01-02,17.0,3.0,50.0,181,1.3259668508287292,181,8824.11
CUST01597,2023-09-06,Referral,25,Tier 2,7.0,3959.01,565.5728571428572,2024-05-14,2023-10-27,12.0,4.0,48.0,299,0.8467741935483871,299,2232.69
CUST01598,2023-08-13,Email,23,Tier 2,5.0,3042.42,608.484,2024-03-21,2023-08-24,12.0,3.0,102.0,323,0.4807692307692307,323,3161.87
CUST01599,2023-08-03,Referral,42,Tier 2,2.0,816.76,408.38,2024-05-06,2024-01-23,3.0,1.0,56.0,333,0.375,333,3211.82
CUST01600,2023-09-15,Social Media,46,Tier 3,16.0,28187.92,1761.745,2024-06-26,2023-10-08,44.0,6.0,5.0,290,1.797752808988764,290,10091.64
CUST01601,2023-08-11,Organic Search,35,Tier 2,4.0,2190.75,547.6875,2024-04-02,2023-08-27,9.0,3.0,90.0,325,0.3883495145631068,325,3597.9
CUST01602,2023-11-14,Email,55,Tier 2,2.0,1259.08,629.54,2024-01-19,2023-12-31,2.0,2.0,164.0,230,0.32786885245901637,230,3287.59
CUST01603,2023-10-14,Organic Search,38,Tier 2,3.0,1750.94,583.6466666666666,2024-04-13,2023-11-14,4.0,3.0,79.0,261,0.3913043478260869,261,1113.96
CUST01604,2023-10-03,Email,21,Tier 2,4.0,2510.51,627.6275,2024-06-24,2024-03-09,8.0,3.0,7.0,272,1.0526315789473684,272,1139.17
CUST01605,2023-11-12,Organic Search,55,Tier 2,6.0,4077.79,679.6316666666667,2024-05-19,2023-12-10,16.0,5.0,43.0,232,0.8823529411764706,232,1526.0100000000002
CUST01606,2023-09-06,Paid Ads,44,Tier 2,8.0,9014.96,1126.87,2024-03-08,2023-09-18,17.0,5.0,115.0,299,0.8362369337979094,299,1335.36
CUST01607,2023-11-24,Referral,33,Tier 2,3.0,1362.58,454.1933333333333,2024-04-28,2024-03-02,9.0,3.0,64.0,220,0.743801652892562,220,2087.74
CUST01608,2023-12-06,Organic Search,26,Tier 2,15.0,23146.829999999998,1543.1219999999998,2024-06-09,2023-12-15,37.0,6.0,22.0,208,2.2613065326633164,208,26312.190000000002
CUST01609,2023-11-05,Social Media,31,Tier 1,1.0,405.63,405.63,2023-12-23,2023-12-23,2.0,1.0,191.0,239,0.15706806282722513,239,2361.8599999999997
CUST01610,2023-12-10,Organic Search,21,Tier 1,9.0,8544.08,949.3422222222222,2024-06-23,2023-12-24,22.0,4.0,8.0,204,1.4210526315789473,204,11951.9
CUST01611,2024-01-01,Organic Search,19,Tier 1,13.0,23067.100000000002,1774.392307692308,2024-06-28,2024-02-03,32.0,4.0,3.0,182,2.61744966442953,182,6827.4
CUST01612,2023-09-23,Social Media,27,Tier 3,13.0,13318.53,1024.5023076923078,2024-05-31,2023-11-21,34.0,5.0,31.0,282,1.7488789237668163,282,15631.269999999999
CUST01613,2024-01-05,Email,49,Tier 1,11.0,10687.98,971.6345454545454,2024-05-20,2024-01-09,28.0,6.0,42.0,178,1.8965517241379313,178,16336.77
CUST01614,2023-12-06,Social Media,59,Tier 1,2.0,998.21,499.105,2024-01-17,2024-01-02,6.0,1.0,166.0,208,0.3314917127071823,208,4253.93
CUST01615,2023-09-21,Organic Search,44,Tier 1,6.0,2758.84,459.8066666666667,2024-04-16,2023-10-20,21.0,4.0,76.0,284,0.7058823529411764,284,1766.01
CUST01616,2023-10-03,Paid Ads,35,Tier 2,8.0,8760.0,1095.0,2024-06-01,2023-10-21,17.0,5.0,30.0,272,0.9448818897637795,272,11795.72
CUST01617,2023-12-28,Social Media,52,Tier 1,18.0,61751.59,3430.643888888889,2024-07-01,2023-12-28,44.0,6.0,0.0,186,2.903225806451613,186,203053.4
CUST01618,2023-08-01,Email,27,Tier 2,17.0,16088.8,946.4,2024-06-15,2023-09-03,48.0,5.0,16.0,335,1.6887417218543048,335,14088.43
CUST01619,2023-09-04,Paid Ads,31,Tier 1,15.0,13473.32,898.2213333333333,2024-06-29,2023-09-19,43.0,6.0,2.0,301,1.5734265734265733,301,6994.46
CUST01620,2024-01-03,Referral,23,Tier 3,3.0,2122.54,707.5133333333333,2024-06-20,2024-05-13,3.0,2.0,11.0,180,1.836734693877551,180,14679.869999999999
CUST01621,2023-10-24,Email,59,Tier 3,10.0,10179.47,1017.9469999999999,2024-06-20,2023-10-27,29.0,6.0,11.0,251,1.2096774193548387,251,13518.2
CUST01622,2023-11-15,Referral,31,Tier 3,3.0,2061.17,687.0566666666667,2024-05-15,2024-02-11,7.0,3.0,47.0,229,0.6382978723404256,229,1965.98
CUST01623,2023-11-07,Social Media,19,Tier 1,5.0,5235.06,1047.0120000000002,2024-03-17,2023-11-15,7.0,3.0,106.0,237,0.6550218340611353,237,17332.68
CUST01624,2024-01-10,Social Media,43,Tier 2,23.0,75091.85,3264.8630434782613,2024-06-28,2024-01-12,54.0,6.0,3.0,173,4.035087719298246,173,145006.18
CUST01625,2023-08-29,Organic Search,22,Tier 2,1.0,519.7,519.7,2024-06-10,2024-06-10,2.0,1.0,21.0,307,1.4285714285714284,307,788.0
CUST01626,2023-07-17,Paid Ads,54,Tier 1,13.0,12791.1,983.9307692307692,2024-06-24,2023-08-09,28.0,5.0,7.0,350,1.1926605504587156,350,0.0
CUST01627,2023-10-04,Social Media,28,Tier 1,2.0,645.39,322.695,2023-11-18,2023-11-01,5.0,2.0,226.0,271,0.2469135802469136,271,0.0
CUST01628,2023-11-21,Organic Search,46,Tier 1,9.0,9208.38,1023.1533333333332,2024-06-15,2023-11-25,21.0,5.0,16.0,223,1.2328767123287672,223,14415.67
CUST01629,2023-07-16,Organic Search,24,Tier 2,4.0,1633.16,408.29,2024-05-18,2023-09-30,8.0,2.0,44.0,351,0.43636363636363634,351,4189.09
CUST01630,2023-08-15,Paid Ads,45,Tier 1,12.0,10509.3,875.775,2024-04-08,2023-10-04,28.0,5.0,84.0,321,1.3284132841328413,321,1310.8899999999999
CUST01631,2023-12-14,Organic Search,30,Tier 2,16.0,25423.22,1588.95125,2024-07-01,2023-12-16,39.0,5.0,0.0,200,2.4242424242424243,200,40405.86
CUST01632,2023-12-06,Referral,21,Tier 2,1.0,789.02,789.02,2023-12-25,2023-12-25,2.0,1.0,189.0,208,0.15873015873015872,208,5132.66
CUST01633,2023-10-15,Social Media,51,Tier 2,5.0,4654.200000000001,930.8400000000001,2024-03-20,2023-12-13,15.0,5.0,103.0,260,0.746268656716418,260,0.0
CUST01634,2023-09-26,Paid Ads,28,Tier 3,15.0,26654.39,1776.9593333333332,2024-06-03,2023-10-20,41.0,6.0,28.0,279,1.7647058823529411,279,48946.82
CUST01635,2023-11-06,Organic Search,49,Tier 2,22.0,38603.95,1754.725,2024-06-17,2023-11-20,67.0,6.0,14.0,238,2.946428571428571,238,41409.020000000004
CUST01636,2023-11-16,Social Media,33,Tier 2,5.0,3385.45,677.0899999999999,2024-06-12,2024-01-12,13.0,3.0,19.0,228,0.8771929824561403,228,2221.88
CUST01637,2023-10-27,Email,25,Tier 2,3.0,1901.46,633.82,2024-06-02,2024-02-26,6.0,3.0,29.0,248,0.7142857142857142,248,0.0
CUST01638,2023-09-23,Referral,54,Tier 1,1.0,293.52,293.52,2023-10-26,2023-10-26,1.0,1.0,249.0,282,0.12048192771084336,282,1151.75
CUST01639,2023-07-04,Email,32,Tier 1,43.0,135492.1,3150.979069767442,2024-06-30,2023-07-07,105.0,6.0,1.0,363,3.5833333333333335,363,188936.15
CUST01640,2023-09-09,Paid Ads,32,Tier 3,25.0,39860.82,1594.4328,2024-06-18,2023-09-09,65.0,6.0,13.0,296,2.5337837837837838,296,28124.62
CUST01641,2023-12-01,Paid Ads,21,Tier 3,7.0,7213.599999999999,1030.5142857142857,2024-06-03,2023-12-16,20.0,3.0,28.0,213,1.0606060606060606,213,5725.82
CUST01642,2023-10-19,Referral,21,Tier 2,26.0,34292.99,1318.9611538461538,2024-06-30,2023-10-23,75.0,5.0,1.0,256,3.095238095238095,256,48069.659999999996
CUST01643,2023-08-19,Email,40,Tier 1,7.0,6855.22,979.3171428571429,2024-04-27,2023-08-28,18.0,5.0,65.0,317,0.6818181818181819,317,10522.0
CUST01644,2023-11-17,Email,37,Tier 1,9.0,8417.73,935.3033333333333,2024-06-30,2023-11-23,21.0,5.0,1.0,227,1.2217194570135748,227,18891.51
CUST01645,2023-10-03,Organic Search,53,Tier 1,1.0,532.38,532.38,2024-05-12,2024-05-12,4.0,1.0,50.0,272,0.6,272,904.4499999999999
CUST01646,2023-09-30,Social Media,30,Tier 3,14.0,26832.030000000002,1916.5735714285715,2024-06-30,2023-10-14,35.0,6.0,1.0,275,1.6091954022988506,275,39932.99
CUST01647,2023-09-03,Social Media,23,Tier 2,6.0,3325.33,554.2216666666667,2024-05-12,2023-09-13,10.0,2.0,50.0,302,0.6164383561643836,302,2209.96
CUST01648,2023-08-16,Paid Ads,28,Tier 3,21.0,35928.78,1710.8942857142856,2024-06-23,2023-08-22,58.0,6.0,8.0,320,2.006369426751592,320,35209.03
CUST01649,2023-12-28,Paid Ads,59,Tier 2,15.0,23958.71,1597.2473333333332,2024-06-23,2023-12-28,38.0,5.0,8.0,186,2.4193548387096775,186,41432.49
CUST01650,2023-10-14,Organic Search,51,Tier 1,7.0,6993.42,999.0600000000001,2024-03-26,2023-11-16,18.0,4.0,97.0,261,0.9210526315789473,261,0.0
CUST01651,2024-01-15,Organic Search,31,Tier 1,3.0,1178.19,392.73,2024-06-11,2024-01-16,6.0,2.0,20.0,168,0.5389221556886228,168,0.0
CUST01652,2023-11-07,Organic Search,53,Tier 1,4.0,1850.64,462.66,2024-05-08,2023-12-11,10.0,4.0,54.0,237,0.5911330049261084,237,2757.71
CUST01653,2023-10-14,Organic Search,50,Tier 2,4.0,2570.88,642.72,2024-06-24,2023-11-21,13.0,2.0,7.0,261,0.5381165919282511,261,472.61
CUST01654,2023-07-24,Email,29,Tier 1,3.0,1221.54,407.18,2024-05-18,2024-02-11,8.0,2.0,44.0,343,0.6382978723404256,343,3986.01
CUST01655,2023-07-04,Organic Search,56,Tier 2,5.0,2588.66,517.732,2024-04-25,2023-07-24,16.0,4.0,67.0,363,0.43731778425655976,363,416.29
CUST01656,2023-10-16,Organic Search,42,Tier 2,23.0,39133.24,1701.4452173913044,2024-06-27,2023-10-29,65.0,6.0,4.0,259,2.8048780487804876,259,23516.14
CUST01657,2023-07-19,Social Media,53,Tier 1,11.0,13135.55,1194.140909090909,2024-05-26,2023-10-05,29.0,5.0,36.0,348,1.2222222222222223,348,10693.16
CUST01658,2023-12-01,Email,37,Tier 1,4.0,2348.75,587.1875,2024-04-21,2023-12-15,10.0,3.0,71.0,213,0.6030150753768845,213,2932.7200000000003
CUST01659,2023-08-09,Email,24,Tier 1,3.0,2459.46,819.82,2024-04-16,2023-09-11,6.0,2.0,76.0,327,0.3061224489795918,327,725.97
CUST01660,2023-08-19,Paid Ads,58,Tier 2,11.0,10696.28,972.389090909091,2024-05-30,2023-10-11,23.0,5.0,32.0,317,1.25,317,12360.73
CUST01661,2023-12-18,Email,53,Tier 2,7.0,4899.01,699.8585714285715,2024-05-07,2024-01-06,18.0,4.0,55.0,196,1.1864406779661019,196,10185.29
CUST01662,2023-09-13,Organic Search,22,Tier 1,12.0,8106.46,675.5383333333333,2024-05-29,2023-09-22,26.0,6.0,33.0,292,1.2720848056537104,292,10973.87
CUST01663,2024-01-11,Social Media,51,Tier 3,12.0,21496.77,1791.3975,2024-07-01,2024-01-13,29.0,6.0,0.0,172,2.1176470588235294,172,16318.130000000001
CUST01664,2023-07-12,Organic Search,31,Tier 2,11.0,12247.15,1113.3772727272726,2024-06-08,2023-10-10,29.0,6.0,23.0,355,1.2452830188679245,355,13780.36
CUST01665,2024-01-11,Email,54,Tier 2,23.0,82740.86,3597.428695652174,2024-06-26,2024-01-12,60.0,6.0,5.0,172,4.035087719298246,172,222166.0
CUST01666,2023-07-27,Paid Ads,37,Tier 2,34.0,63616.03,1871.059705882353,2024-06-28,2023-07-29,87.0,6.0,3.0,340,3.0177514792899407,340,34240.72
CUST01667,2023-10-21,Social Media,30,Tier 3,9.0,4688.14,520.9044444444445,2024-06-05,2023-11-30,18.0,6.0,26.0,254,1.2616822429906542,254,931.82
CUST01668,2023-12-29,Paid Ads,29,Tier 2,21.0,35886.43,1708.877619047619,2024-06-27,2024-01-19,57.0,6.0,4.0,185,3.8414634146341466,185,43394.99
CUST01669,2024-01-10,Paid Ads,24,Tier 1,3.0,2141.44,713.8133333333334,2024-06-29,2024-05-14,10.0,2.0,2.0,173,1.875,173,584.39
CUST01670,2023-08-18,Organic Search,30,Tier 1,26.0,41463.88,1594.7646153846154,2024-05-19,2023-08-27,59.0,6.0,43.0,318,2.524271844660194,318,35582.979999999996
CUST01671,2023-11-21,Email,45,Tier 2,2.0,1392.15,696.075,2024-04-27,2024-04-15,3.0,2.0,65.0,223,0.7792207792207793,223,1898.1100000000001
CUST01672,2023-11-07,Referral,59,Tier 2,19.0,30531.21,1606.905789473684,2024-06-16,2023-11-26,50.0,6.0,15.0,237,2.614678899082569,237,41585.16
CUST01673,2023-08-29,Social Media,43,Tier 2,18.0,31709.100000000002,1761.6166666666668,2024-07-01,2023-09-02,44.0,6.0,0.0,307,1.782178217821782,307,10925.59
CUST01674,2023-12-29,Organic Search,21,Tier 3,16.0,27889.97,1743.123125,2024-06-26,2024-01-13,37.0,6.0,5.0,185,2.8235294117647056,185,15911.210000000001
CUST01675,2023-07-30,Paid Ads,21,Tier 3,23.0,38647.77,1680.3378260869563,2024-06-29,2023-08-10,58.0,4.0,2.0,337,2.116564417177914,337,27962.989999999998
CUST01676,2023-09-22,Referral,38,Tier 1,1.0,635.7,635.7,2023-10-16,2023-10-16,4.0,1.0,259.0,283,0.11583011583011583,283,3398.45
CUST01677,2023-12-13,Paid Ads,46,Tier 1,3.0,1345.24,448.41333333333336,2024-06-08,2024-02-27,9.0,3.0,23.0,201,0.72,201,2701.31
CUST01678,2023-07-28,Email,41,Tier 1,20.0,17610.1,880.5049999999999,2024-06-04,2023-08-13,53.0,6.0,27.0,339,1.8575851393188854,339,7857.46
CUST01679,2023-07-25,Referral,21,Tier 2,3.0,2034.26,678.0866666666667,2024-05-27,2023-09-05,5.0,3.0,35.0,342,0.3,342,4360.64
CUST01680,2023-10-04,Social Media,42,Tier 1,11.0,10344.38,940.3981818181818,2024-06-27,2023-10-22,23.0,4.0,4.0,271,1.3043478260869565,271,10658.49
CUST01681,2023-11-02,Paid Ads,58,Tier 1,1.0,414.25,414.25,2024-02-16,2024-02-16,2.0,1.0,136.0,242,0.22058823529411764,242,2455.78
CUST01682,2023-07-10,Paid Ads,24,Tier 1,48.0,152405.6,3175.116666666667,2024-07-01,2023-07-11,118.0,6.0,0.0,357,4.044943820224719,357,154409.72
CUST01683,2024-01-04,Paid Ads,38,Tier 1,9.0,9127.81,1014.201111111111,2024-06-13,2024-01-29,20.0,6.0,18.0,179,1.7532467532467533,179,10181.869999999999
CUST01684,2023-08-11,Social Media,29,Tier 1,24.0,38596.19,1608.1745833333334,2024-06-22,2023-08-12,55.0,6.0,9.0,325,2.2222222222222223,325,41265.91
CUST01685,2023-08-09,Organic Search,50,Tier 1,2.0,953.39,476.695,2024-06-07,2024-03-25,3.0,2.0,24.0,327,0.6122448979591836,327,1418.5
CUST01686,2023-09-15,Organic Search,45,Tier 2,27.0,47352.02,1753.7785185185185,2024-06-30,2023-09-15,57.0,6.0,1.0,290,2.793103448275862,290,34748.96
CUST01687,2023-10-13,Paid Ads,39,Tier 1,20.0,33160.97,1658.0485,2024-05-26,2023-10-21,49.0,6.0,36.0,262,2.3622047244094486,262,42074.53
CUST01688,2023-10-26,Organic Search,31,Tier 1,5.0,5708.18,1141.636,2024-06-12,2023-12-28,14.0,5.0,19.0,249,0.8064516129032259,249,15852.27
CUST01689,2023-08-11,Email,40,Tier 3,14.0,15224.35,1087.4535714285714,2024-06-29,2023-08-26,29.0,5.0,2.0,325,1.3548387096774193,325,17093.95
CUST01690,2023-08-16,Email,53,Tier 3,32.0,53151.39,1660.9809375,2024-06-24,2023-08-31,84.0,6.0,7.0,320,3.1475409836065573,320,1274.61
CUST01691,2023-12-12,Paid Ads,40,Tier 1,3.0,2003.3,667.7666666666667,2024-05-23,2024-03-28,7.0,3.0,39.0,202,0.9473684210526316,202,1179.28
CUST01692,2023-07-22,Paid Ads,46,Tier 1,12.0,11236.68,936.39,2024-05-08,2023-09-01,39.0,6.0,54.0,345,1.1842105263157894,345,9712.83
CUST01693,2024-01-01,Referral,39,Tier 2,4.0,2171.34,542.835,2024-06-13,2024-04-01,12.0,4.0,18.0,182,1.3186813186813189,182,2288.24
CUST01694,2023-10-15,Organic Search,36,Tier 1,0.0,0.0,0.0,,,0.0,0.0,360.0,260,0.0,260,1870.0700000000002
CUST01695,2023-07-27,Social Media,49,Tier 1,6.0,3379.0299999999997,563.1716666666666,2024-04-25,2023-09-14,12.0,4.0,67.0,340,0.6185567010309279,340,2371.2400000000002
CUST01696,2023-08-10,Referral,55,Tier 1,6.0,2387.88,397.98,2024-04-30,2023-09-18,11.0,4.0,62.0,326,0.6271777003484321,326,677.59
CUST01697,2023-09-18,Paid Ads,39,Tier 1,5.0,3039.1899999999996,607.838,2024-05-23,2023-09-26,13.0,4.0,39.0,287,0.5376344086021505,287,974.8699999999999
CUST01698,2023-12-09,Email,32,Tier 2,4.0,2743.09,685.7725,2024-06-26,2023-12-29,14.0,3.0,5.0,205,0.6486486486486487,205,590.82
CUST01699,2023-12-07,Referral,43,Tier 3,34.0,100905.45,2967.8073529411763,2024-07-01,2023-12-19,84.0,6.0,0.0,207,5.230769230769231,207,144814.63999999998
CUST01700,2023-09-27,Organic Search,45,Tier 2,5.0,5161.360000000001,1032.2720000000002,2024-06-25,2024-03-16,16.0,5.0,6.0,278,1.4018691588785046,278,10501.1
CUST01701,2023-09-04,Paid Ads,58,Tier 2,34.0,123627.65,3636.1073529411765,2024-06-12,2023-09-10,87.0,6.0,19.0,301,3.457627118644068,301,178082.18
CUST01702,2023-07-12,Paid Ads,41,Tier 1,10.0,9051.03,905.1030000000001,2024-05-21,2023-08-08,25.0,6.0,41.0,355,0.9146341463414633,355,10457.39
CUST01703,2023-12-15,Organic Search,49,Tier 2,1.0,648.92,648.92,2024-05-27,2024-05-27,4.0,1.0,35.0,199,0.8571428571428571,199,2953.3199999999997
CUST01704,2023-09-11,Social Media,47,Tier 1,10.0,10324.65,1032.465,2024-04-12,2023-09-30,33.0,5.0,80.0,294,1.0909090909090908,294,12316.86
CUST01705,2023-09-14,Social Media,48,Tier 1,7.0,5303.54,757.6485714285715,2024-05-04,2023-10-29,17.0,5.0,58.0,291,0.8536585365853658,291,8380.98
CUST01706,2023-09-28,Social Media,44,Tier 2,2.0,1065.97,532.985,2024-06-19,2024-01-02,5.0,2.0,12.0,277,0.3314917127071823,277,1620.32
CUST01707,2023-07-10,Organic Search,38,Tier 3,8.0,7471.38,933.9225,2024-06-03,2023-11-13,24.0,4.0,28.0,357,1.0389610389610389,357,14294.21
CUST01708,2023-10-04,Organic Search,56,Tier 1,6.0,3075.04,512.5066666666667,2024-04-11,2023-12-02,13.0,5.0,81.0,271,0.8490566037735849,271,0.0
CUST01709,2023-12-23,Email,37,Tier 3,10.0,9062.57,906.257,2024-07-01,2024-01-18,27.0,4.0,0.0,191,1.8181818181818183,191,9504.23
CUST01710,2023-07-20,Organic Search,45,Tier 1,11.0,10370.08,942.7345454545455,2024-06-16,2023-08-13,23.0,5.0,15.0,347,1.021671826625387,347,12577.02
CUST01711,2023-08-08,Email,43,Tier 1,3.0,1781.17,593.7233333333334,2024-05-29,2024-02-04,9.0,2.0,33.0,328,0.6081081081081081,328,2713.55
CUST01712,2023-08-29,Paid Ads,58,Tier 1,4.0,2604.7799999999997,651.1949999999999,2024-06-29,2023-11-15,10.0,2.0,2.0,307,0.5240174672489083,307,2344.76
CUST01713,2023-09-04,Email,56,Tier 2,32.0,57977.55,1811.7984375,2024-06-28,2023-09-14,78.0,6.0,3.0,301,3.2989690721649483,301,53446.19
CUST01714,2023-09-03,Email,41,Tier 3,10.0,8045.62,804.562,2024-06-25,2023-09-22,27.0,6.0,6.0,302,1.0600706713780919,302,10420.62
CUST01715,2023-12-26,Paid Ads,47,Tier 2,3.0,1252.8999999999999,417.63333333333327,2024-06-13,2024-05-18,6.0,2.0,18.0,188,2.0454545454545454,188,1067.28
CUST01716,2023-11-01,Organic Search,33,Tier 1,42.0,137273.17,3268.40880952381,2024-06-25,2023-11-20,122.0,6.0,6.0,243,5.625,243,150155.18
CUST01717,2023-12-11,Paid Ads,21,Tier 1,3.0,1256.95,418.98333333333335,2024-06-14,2024-01-18,8.0,2.0,17.0,203,0.5454545454545454,203,1431.1
CUST01718,2023-11-29,Paid Ads,28,Tier 2,8.0,8853.599999999999,1106.6999999999998,2024-05-28,2024-01-15,16.0,4.0,34.0,215,1.4285714285714284,215,13970.84
CUST01719,2023-12-02,Email,33,Tier 1,34.0,108293.19,3185.093823529412,2024-06-26,2023-12-02,71.0,6.0,5.0,212,4.811320754716981,212,150460.09
CUST01720,2023-11-07,Social Media,34,Tier 1,2.0,1378.04,689.02,2024-05-24,2024-05-14,6.0,2.0,38.0,237,1.25,237,0.0
CUST01721,2023-12-06,Social Media,35,Tier 3,1.0,726.31,726.31,2024-06-20,2024-06-20,1.0,1.0,11.0,208,2.7272727272727275,208,2964.62
CUST01722,2023-08-26,Referral,37,Tier 2,7.0,4279.6,611.3714285714286,2024-04-30,2023-09-06,18.0,3.0,62.0,310,0.7023411371237458,310,1086.13
CUST01723,2023-09-16,Organic Search,29,Tier 1,6.0,2943.69,490.615,2024-04-14,2023-10-03,15.0,4.0,78.0,289,0.661764705882353,289,3736.58
CUST01724,2024-01-10,Organic Search,23,Tier 1,7.0,3465.75,495.10714285714283,2024-04-20,2024-01-23,16.0,5.0,72.0,173,1.3125,173,4029.97
CUST01725,2023-07-29,Paid Ads,23,Tier 1,8.0,7206.79,900.84875,2024-04-16,2023-08-02,17.0,5.0,76.0,338,0.718562874251497,338,0.0
CUST01726,2023-07-15,Social Media,32,Tier 2,3.0,1283.23,427.74333333333334,2024-06-08,2023-08-13,7.0,3.0,23.0,352,0.2786377708978328,352,0.0
CUST01727,2023-07-12,Paid Ads,44,Tier 3,16.0,16403.61,1025.225625,2024-06-20,2023-08-07,45.0,6.0,11.0,355,1.458966565349544,355,7028.15
CUST01728,2023-10-09,Social Media,26,Tier 2,41.0,138376.98,3375.0482926829272,2024-06-21,2023-10-14,106.0,6.0,10.0,266,4.712643678160919,266,198317.84
CUST01729,2023-12-03,Paid Ads,23,Tier 1,15.0,23388.4,1559.2266666666667,2024-06-14,2023-12-17,37.0,5.0,17.0,211,2.284263959390863,211,52749.24
CUST01730,2023-09-22,Referral,25,Tier 1,11.0,9408.47,855.3154545454545,2024-06-08,2023-10-17,31.0,6.0,23.0,283,1.2790697674418605,283,13527.59
CUST01731,2023-11-02,Referral,34,Tier 3,4.0,2396.78,599.195,2024-05-06,2023-12-09,11.0,2.0,56.0,242,0.5853658536585366,242,4632.96
CUST01732,2023-10-11,Organic Search,32,Tier 3,14.0,14006.57,1000.4692857142857,2024-06-30,2023-11-18,34.0,6.0,1.0,264,1.8584070796460177,264,10277.5
CUST01733,2023-07-24,Paid Ads,55,Tier 2,15.0,14430.44,962.0293333333334,2024-06-29,2023-07-28,42.0,5.0,2.0,343,1.3274336283185841,343,8627.52
CUST01734,2023-11-26,Email,59,Tier 1,5.0,4367.68,873.5360000000001,2024-06-16,2023-12-09,15.0,4.0,15.0,218,0.7317073170731707,218,11756.53
CUST01735,2023-11-15,Organic Search,22,Tier 2,1.0,243.45,243.45,2024-06-02,2024-06-02,3.0,1.0,29.0,229,1.0344827586206897,229,3985.0
CUST01736,2023-10-18,Paid Ads,54,Tier 3,14.0,20419.25,1458.517857142857,2024-06-04,2023-11-29,36.0,6.0,27.0,257,1.9534883720930232,257,36578.51
CUST01737,2023-09-16,Email,35,Tier 2,12.0,10328.54,860.7116666666667,2024-06-11,2023-09-16,38.0,5.0,20.0,289,1.245674740484429,289,13388.289999999999
CUST01738,2023-10-09,Organic Search,54,Tier 2,6.0,3288.09,548.015,2024-06-12,2023-11-13,15.0,4.0,19.0,266,0.7792207792207793,266,4980.3
CUST01739,2023-11-23,Email,24,Tier 1,3.0,1364.59,454.8633333333333,2024-02-15,2024-02-03,9.0,3.0,137.0,221,0.6040268456375839,221,0.0
CUST01740,2023-11-19,Email,34,Tier 1,2.0,1455.88,727.94,2024-05-05,2024-01-16,8.0,2.0,57.0,225,0.3592814371257485,225,9295.25
CUST01741,2023-12-09,Organic Search,47,Tier 1,7.0,12150.28,1735.7542857142857,2024-05-24,2024-02-11,21.0,6.0,38.0,205,1.4893617021276597,205,0.0
CUST01742,2023-11-05,Paid Ads,54,Tier 3,8.0,7582.299999999999,947.7874999999999,2024-06-29,2023-11-26,18.0,5.0,2.0,239,1.1009174311926606,239,691.21
CUST01743,2023-08-27,Organic Search,56,Tier 2,26.0,45639.88,1755.3799999999999,2024-06-28,2023-09-03,67.0,6.0,3.0,309,2.5827814569536423,309,34253.46
CUST01744,2023-09-14,Social Media,55,Tier 2,2.0,970.75,485.375,2024-05-24,2024-05-16,6.0,2.0,38.0,291,1.3043478260869565,291,959.65
CUST01745,2023-11-27,Organic Search,28,Tier 1,11.0,8281.93,752.9027272727272,2024-06-16,2023-12-25,20.0,4.0,15.0,217,1.746031746031746,217,8618.96
CUST01746,2024-01-14,Social Media,59,Tier 3,9.0,7912.65,879.1833333333333,2024-06-14,2024-01-19,23.0,6.0,17.0,169,1.646341463414634,169,15010.68
CUST01747,2023-08-05,Paid Ads,54,Tier 3,1.0,639.26,639.26,2024-02-15,2024-02-15,3.0,1.0,137.0,331,0.218978102189781,331,4380.04
CUST01748,2023-12-20,Organic Search,47,Tier 1,4.0,1697.98,424.495,2024-05-29,2024-03-02,12.0,4.0,33.0,194,0.9917355371900827,194,0.0
CUST01749,2023-12-11,Paid Ads,32,Tier 3,19.0,34502.32,1815.9115789473683,2024-06-30,2023-12-30,59.0,6.0,1.0,203,3.097826086956522,203,32783.49
CUST01750,2023-07-22,Paid Ads,22,Tier 1,3.0,1768.6,589.5333333333333,2024-06-26,2023-10-09,11.0,3.0,5.0,345,0.3383458646616541,345,3160.58
CUST01751,2023-11-04,Paid Ads,54,Tier 1,8.0,6848.68,856.085,2024-06-13,2023-12-18,11.0,5.0,18.0,240,1.2244897959183672,240,10856.44
CUST01752,2023-09-18,Email,31,Tier 1,2.0,616.1600000000001,308.08000000000004,2024-06-13,2023-12-15,4.0,2.0,18.0,287,0.30150753768844224,287,3608.23
CUST01753,2024-01-05,Paid Ads,36,Tier 3,1.0,411.1,411.1,2024-05-05,2024-05-05,3.0,1.0,57.0,178,0.5263157894736842,178,1543.57
CUST01754,2023-10-08,Organic Search,51,Tier 3,6.0,3884.11,647.3516666666667,2024-06-30,2023-12-06,12.0,4.0,1.0,267,0.8653846153846154,267,1017.9
CUST01755,2023-12-31,Organic Search,39,Tier 1,30.0,88525.41,2950.847,2024-06-24,2023-12-31,71.0,6.0,7.0,183,4.918032786885245,183,159926.94
CUST01756,2023-10-04,Social Media,34,Tier 2,22.0,36396.37,1654.3804545454548,2024-06-22,2023-10-04,53.0,6.0,9.0,271,2.4354243542435423,271,66614.58
CUST01757,2023-12-08,Email,33,Tier 2,23.0,71384.24,3103.6626086956526,2024-06-16,2023-12-09,60.0,6.0,15.0,206,3.3658536585365852,206,170754.24
CUST01758,2023-12-20,Paid Ads,23,Tier 3,8.0,6788.4,848.55,2024-06-17,2023-12-20,21.0,5.0,14.0,194,1.2371134020618557,194,10576.15
CUST01759,2023-12-11,Social Media,24,Tier 1,4.0,2450.99,612.7475,2024-04-29,2024-02-16,11.0,3.0,63.0,203,0.8823529411764706,203,3997.7599999999998
CUST01760,2023-11-25,Paid Ads,56,Tier 2,8.0,8148.74,1018.5925,2024-05-05,2023-12-06,20.0,4.0,57.0,219,1.153846153846154,219,1080.53
CUST01761,2023-07-18,Social Media,21,Tier 2,14.0,14170.48,1012.1771428571428,2024-04-06,2023-07-25,35.0,6.0,86.0,349,1.2280701754385963,349,11872.57
CUST01762,2023-08-07,Paid Ads,30,Tier 1,18.0,29629.8,1646.1,2024-06-30,2023-08-09,40.0,6.0,1.0,329,1.651376146788991,329,42764.37
CUST01763,2024-01-11,Organic Search,54,Tier 1,2.0,1395.13,697.565,2024-05-31,2024-04-11,5.0,2.0,31.0,172,0.7407407407407407,172,1975.97
CUST01764,2023-11-28,Referral,51,Tier 2,12.0,10638.61,886.5508333333333,2024-06-22,2023-11-30,32.0,5.0,9.0,216,1.6822429906542056,216,11179.47
CUST01765,2023-10-17,Paid Ads,54,Tier 1,6.0,3282.8199999999997,547.1366666666667,2024-04-25,2023-11-29,10.0,5.0,67.0,258,0.8372093023255813,258,0.0
CUST01766,2023-10-31,Social Media,51,Tier 3,1.0,628.54,628.54,2024-03-19,2024-03-19,3.0,1.0,104.0,244,0.2884615384615385,244,2759.63
CUST01767,2023-11-21,Organic Search,49,Tier 1,9.0,8995.400000000001,999.488888888889,2024-04-13,2023-11-23,21.0,6.0,79.0,223,1.2217194570135748,223,17272.42
CUST01768,2024-01-03,Email,39,Tier 3,3.0,3002.47,1000.8233333333333,2024-06-16,2024-03-19,6.0,2.0,15.0,180,0.8653846153846154,180,1350.65
CUST01769,2024-01-13,Social Media,45,Tier 1,1.0,424.32,424.32,2024-01-17,2024-01-17,2.0,1.0,166.0,170,0.18072289156626506,170,3254.05
CUST01770,2024-01-12,Organic Search,45,Tier 1,3.0,1431.99,477.33,2024-05-21,2024-01-15,8.0,3.0,41.0,171,0.5357142857142857,171,2239.41
CUST01771,2023-11-26,Social Media,26,Tier 1,10.0,8388.3,838.8299999999999,2024-06-26,2023-12-12,22.0,5.0,5.0,218,1.4851485148514851,218,18797.53
CUST01772,2023-10-12,Email,55,Tier 2,19.0,30685.53,1615.027894736842,2024-05-12,2023-10-14,51.0,6.0,50.0,263,2.1839080459770117,263,31883.5
CUST01773,2024-01-14,Email,50,Tier 2,16.0,26467.28,1654.205,2024-06-12,2024-02-04,43.0,6.0,19.0,169,3.2432432432432434,169,40862.83
CUST01774,2023-11-17,Paid Ads,44,Tier 1,42.0,134391.32,3199.7933333333335,2024-07-01,2023-11-17,105.0,6.0,0.0,227,5.5506607929515415,227,165504.07
CUST01775,2023-11-21,Social Media,20,Tier 1,16.0,28504.0,1781.5,2024-06-28,2023-12-06,36.0,5.0,3.0,223,2.307692307692308,223,30166.49
CUST01776,2023-09-19,Organic Search,30,Tier 2,6.0,4073.0,678.8333333333334,2024-06-03,2023-10-21,17.0,5.0,28.0,286,0.7086614173228346,286,4145.17
CUST01777,2023-09-25,Organic Search,40,Tier 2,12.0,10828.39,902.3658333333333,2024-06-29,2023-10-04,32.0,6.0,2.0,280,1.3284132841328413,280,8121.61
CUST01778,2023-11-19,Social Media,35,Tier 2,11.0,11095.75,1008.7045454545455,2024-06-22,2023-12-10,23.0,5.0,9.0,225,1.6176470588235294,225,13982.57
CUST01779,2023-08-30,Social Media,25,Tier 1,1.0,596.64,596.64,2024-06-01,2024-06-01,3.0,1.0,30.0,306,1.0,306,1998.56
CUST01780,2024-01-15,Organic Search,22,Tier 2,9.0,17290.9,1921.2111111111112,2024-05-30,2024-03-24,24.0,4.0,32.0,168,2.7272727272727275,168,11740.720000000001
CUST01781,2023-08-15,Paid Ads,55,Tier 2,3.0,2057.68,685.8933333333333,2024-02-16,2023-09-16,4.0,2.0,136.0,321,0.31141868512110726,321,4217.84
CUST01782,2023-08-01,Paid Ads,56,Tier 3,17.0,27856.26,1638.6035294117646,2024-06-23,2023-08-24,43.0,6.0,8.0,335,1.6346153846153846,335,40546.77
CUST01783,2023-07-15,Paid Ads,50,Tier 2,15.0,13581.0,905.4,2024-06-22,2023-07-29,36.0,6.0,9.0,352,1.331360946745562,352,16433.87
CUST01784,2023-08-13,Organic Search,29,Tier 1,10.0,8784.27,878.427,2024-06-26,2023-08-14,25.0,4.0,5.0,323,0.9316770186335404,323,5756.65
CUST01785,2023-11-22,Email,19,Tier 1,11.0,11065.460000000001,1005.9509090909091,2024-04-18,2023-12-10,22.0,4.0,74.0,222,1.6176470588235294,222,15516.31
CUST01786,2023-12-16,Organic Search,43,Tier 2,14.0,21965.39,1568.9564285714284,2024-06-21,2023-12-26,38.0,4.0,10.0,198,2.234042553191489,198,37751.81
CUST01787,2023-08-23,Social Media,42,Tier 2,10.0,11501.77,1150.1770000000001,2024-06-22,2023-09-09,29.0,6.0,9.0,313,1.0135135135135136,313,9517.69
CUST01788,2023-08-13,Social Media,35,Tier 3,16.0,13807.51,862.969375,2024-06-24,2023-09-10,44.0,6.0,7.0,323,1.6271186440677965,323,7763.78
CUST01789,2023-10-06,Paid Ads,26,Tier 2,4.0,2140.85,535.2125,2024-05-19,2023-12-13,13.0,3.0,43.0,269,0.5970149253731343,269,4013.45
CUST01790,2023-07-05,Organic Search,45,Tier 2,15.0,16118.92,1074.5946666666666,2024-05-24,2023-07-07,40.0,6.0,38.0,362,1.25,362,6720.79
CUST01791,2023-10-17,Organic Search,36,Tier 1,4.0,3231.06,807.765,2024-04-30,2023-11-27,7.0,4.0,62.0,258,0.5529953917050692,258,639.17
CUST01792,2023-07-27,Paid Ads,45,Tier 1,9.0,9773.0,1085.888888888889,2024-06-19,2023-08-05,21.0,4.0,12.0,340,0.8157099697885196,340,19957.71
CUST01793,2023-10-24,Social Media,40,Tier 1,7.0,7464.98,1066.4257142857143,2024-06-05,2024-01-19,19.0,5.0,26.0,251,1.2804878048780488,251,24443.010000000002
CUST01794,2023-09-25,Paid Ads,34,Tier 1,13.0,12273.7,944.1307692307693,2024-06-21,2023-09-29,30.0,4.0,10.0,280,1.4130434782608696,280,11298.39
CUST01795,2023-10-12,Email,20,Tier 2,4.0,1384.33,346.0825,2024-05-12,2023-12-26,7.0,3.0,50.0,263,0.6382978723404256,263,2473.33
CUST01796,2023-10-31,Paid Ads,23,Tier 1,5.0,2294.03,458.80600000000004,2024-04-11,2024-01-18,11.0,3.0,81.0,244,0.9090909090909092,244,1728.1399999999999
CUST01797,2023-09-17,Paid Ads,36,Tier 1,11.0,9374.07,852.1881818181818,2024-06-25,2023-09-24,21.0,6.0,6.0,288,1.1743772241992882,288,8532.68
CUST01798,2023-08-12,Organic Search,21,Tier 1,6.0,3518.68,586.4466666666666,2024-07-01,2023-08-19,14.0,5.0,0.0,324,0.5678233438485805,324,1079.71
CUST01799,2023-10-05,Organic Search,45,Tier 1,5.0,2942.64,588.528,2024-06-15,2023-11-11,15.0,5.0,16.0,270,0.6437768240343348,270,2013.52
CUST01800,2023-07-31,Organic Search,35,Tier 1,6.0,3506.24,584.3733333333333,2024-05-05,2023-09-09,12.0,4.0,57.0,336,0.6081081081081081,336,2012.42
CUST01801,2023-10-07,Paid Ads,34,Tier 2,34.0,105607.6,3106.1058823529415,2024-05-21,2023-10-07,90.0,6.0,41.0,268,3.8059701492537314,268,0.0
CUST01802,2023-07-17,Social Media,24,Tier 1,17.0,18089.96,1064.115294117647,2024-06-04,2023-07-17,46.0,4.0,27.0,350,1.457142857142857,350,0.0
CUST01803,2023-09-21,Social Media,25,Tier 2,6.0,3531.75,588.625,2024-05-10,2023-10-12,17.0,3.0,52.0,284,0.6844106463878328,284,4057.89
CUST01804,2023-10-18,Organic Search,32,Tier 2,1.0,343.28,343.28,2023-12-02,2023-12-02,1.0,1.0,212.0,257,0.14150943396226415,257,0.0
CUST01805,2023-12-29,Organic Search,56,Tier 3,1.0,884.11,884.11,2024-04-06,2024-04-06,2.0,1.0,86.0,185,0.3488372093023256,185,2021.78
CUST01806,2024-01-06,Organic Search,58,Tier 1,15.0,26299.98,1753.3319999999999,2024-06-29,2024-01-09,45.0,5.0,2.0,177,2.586206896551724,177,49947.21
CUST01807,2023-08-01,Paid Ads,33,Tier 1,12.0,11844.85,987.0708333333333,2024-05-16,2023-11-15,29.0,5.0,46.0,335,1.5720524017467248,335,8866.08
CUST01808,2023-12-15,Paid Ads,51,Tier 1,3.0,1584.0900000000001,528.0300000000001,2024-05-05,2024-01-27,10.0,2.0,57.0,199,0.576923076923077,199,1798.84
CUST01809,2023-11-18,Paid Ads,45,Tier 2,2.0,1344.79,672.395,2024-04-20,2024-02-22,4.0,2.0,72.0,226,0.46153846153846156,226,0.0
CUST01810,2023-08-04,Organic Search,47,Tier 3,4.0,1945.5500000000002,486.38750000000005,2024-06-12,2023-10-03,11.0,3.0,19.0,332,0.4411764705882353,332,2854.02
CUST01811,2023-11-10,Organic Search,55,Tier 2,9.0,9381.39,1042.3766666666666,2024-06-24,2023-11-24,25.0,4.0,7.0,234,1.2272727272727273,234,10196.68
CUST01812,2023-07-29,Organic Search,23,Tier 2,27.0,43796.57,1622.095185185185,2024-04-27,2023-08-12,66.0,6.0,65.0,338,2.5,338,18721.329999999998
CUST01813,2023-09-08,Organic Search,47,Tier 1,4.0,2723.2200000000003,680.8050000000001,2024-05-18,2023-11-13,9.0,3.0,44.0,297,0.5194805194805194,297,2712.99
CUST01814,2023-11-30,Social Media,50,Tier 2,4.0,2099.97,524.9925,2024-06-25,2023-12-26,6.0,3.0,6.0,214,0.6382978723404256,214,1541.31
CUST01815,2023-10-03,Organic Search,24,Tier 1,2.0,1395.2800000000002,697.6400000000001,2023-12-07,2023-10-14,6.0,2.0,207.0,272,0.22988505747126436,272,2770.32
CUST01816,2023-07-22,Paid Ads,20,Tier 2,57.0,190018.13,3333.651403508772,2024-07-01,2023-07-30,150.0,6.0,0.0,345,5.074183976261128,345,29142.39
CUST01817,2024-01-10,Email,24,Tier 2,3.0,2321.94,773.98,2024-05-09,2024-01-30,10.0,3.0,53.0,173,0.5882352941176471,173,2018.5900000000001
CUST01818,2023-12-20,Social Media,22,Tier 1,18.0,27093.17,1505.176111111111,2024-05-23,2024-01-02,48.0,4.0,39.0,194,2.983425414364641,194,43874.29
CUST01819,2023-09-07,Social Media,47,Tier 1,12.0,11667.77,972.3141666666667,2024-06-01,2023-09-17,30.0,5.0,30.0,298,1.25,298,10096.470000000001
CUST01820,2023-09-27,Social Media,43,Tier 3,5.0,2929.08,585.816,2024-06-30,2024-02-27,14.0,3.0,1.0,278,1.2,278,1775.6200000000001
CUST01821,2023-09-10,Organic Search,27,Tier 1,2.0,1146.47,573.235,2023-12-30,2023-10-08,6.0,2.0,184.0,295,0.2247191011235955,295,412.67
CUST01822,2023-11-06,Email,21,Tier 1,0.0,0.0,0.0,,,0.0,0.0,360.0,238,0.0,238,689.74
CUST01823,2023-12-19,Social Media,44,Tier 1,5.0,5889.72,1177.944,2024-06-23,2024-01-27,11.0,4.0,8.0,195,0.9615384615384615,195,21835.04
CUST01824,2023-09-25,Organic Search,45,Tier 1,19.0,28813.87,1516.5194736842104,2024-07-01,2023-09-25,47.0,6.0,0.0,280,2.0357142857142856,280,52006.84
CUST01825,2023-10-04,Paid Ads,54,Tier 2,8.0,7809.69,976.21125,2024-05-24,2023-10-23,21.0,5.0,38.0,271,0.9523809523809523,271,9252.7
CUST01826,2023-09-13,Social Media,50,Tier 2,14.0,13865.0,990.3571428571429,2024-06-16,2023-10-21,37.0,5.0,15.0,292,1.6535433070866141,292,9604.35
CUST01827,2023-12-14,Paid Ads,19,Tier 2,1.0,517.96,517.96,2024-04-22,2024-04-22,1.0,1.0,70.0,200,0.42857142857142855,200,2659.7
CUST01828,2023-08-23,Organic Search,34,Tier 1,40.0,120191.33,3004.78325,2024-07-01,2023-08-23,106.0,6.0,0.0,313,3.8338658146964857,313,164043.27
CUST01829,2023-09-26,Organic Search,29,Tier 2,23.0,37403.27,1626.2291304347825,2024-06-29,2023-10-20,56.0,6.0,2.0,279,2.7058823529411766,279,41107.51
CUST01830,2023-12-04,Paid Ads,44,Tier 3,3.0,1524.3899999999999,508.12999999999994,2024-05-24,2024-03-02,7.0,3.0,38.0,210,0.743801652892562,210,2552.22
CUST01831,2023-08-23,Organic Search,58,Tier 1,47.0,143983.12,3063.470638297872,2024-06-28,2023-08-26,114.0,6.0,3.0,313,4.548387096774194,313,160306.18
CUST01832,2023-07-16,Email,19,Tier 1,19.0,15456.58,813.5042105263158,2024-06-10,2023-08-09,52.0,6.0,21.0,351,1.7431192660550459,351,7154.69
CUST01833,2023-10-07,Social Media,44,Tier 3,10.0,9861.31,986.131,2024-05-08,2023-10-08,17.0,4.0,54.0,268,1.1235955056179776,268,14202.3
CUST01834,2023-07-20,Organic Search,46,Tier 1,13.0,13342.49,1026.3453846153845,2024-06-12,2023-08-07,33.0,5.0,19.0,347,1.1854103343465046,347,3654.08
CUST01835,2023-08-15,Social Media,27,Tier 1,25.0,42622.89,1704.9156,2024-06-20,2023-08-24,64.0,6.0,11.0,321,2.403846153846154,321,52470.52
CUST01836,2024-01-11,Paid Ads,40,Tier 1,6.0,4507.05,751.1750000000001,2024-06-23,2024-02-14,15.0,4.0,8.0,172,1.3043478260869565,172,11602.29
CUST01837,2024-01-09,Organic Search,26,Tier 1,4.0,2434.84,608.71,2024-05-30,2024-01-25,11.0,3.0,32.0,174,0.7594936708860759,174,0.0
CUST01838,2023-11-04,Social Media,45,Tier 1,7.0,3584.95,512.1357142857142,2024-06-23,2023-12-15,18.0,5.0,8.0,240,1.0552763819095476,240,1650.17
CUST01839,2023-08-27,Social Media,57,Tier 1,24.0,41114.9,1713.1208333333334,2024-06-16,2023-09-03,53.0,6.0,15.0,309,2.384105960264901,309,47280.38
CUST01840,2023-12-28,Email,37,Tier 2,2.0,1212.1499999999999,606.0749999999999,2024-05-07,2024-05-06,4.0,2.0,55.0,186,1.0714285714285714,186,2188.98
CUST01841,2023-10-19,Social Media,43,Tier 1,4.0,2108.82,527.205,2024-01-04,2023-11-23,8.0,4.0,179.0,256,0.5429864253393666,256,1895.85
CUST01842,2023-11-06,Social Media,56,Tier 3,12.0,12298.58,1024.8816666666667,2024-06-21,2023-11-17,35.0,6.0,10.0,238,1.5859030837004406,238,14088.32
CUST01843,2023-09-19,Social Media,39,Tier 1,11.0,10360.19,941.8354545454546,2024-06-29,2023-09-19,34.0,4.0,2.0,286,1.153846153846154,286,8017.14
CUST01844,2024-01-10,Paid Ads,42,Tier 3,5.0,5638.96,1127.792,2024-06-04,2024-01-12,16.0,4.0,27.0,173,0.8771929824561403,173,8021.219999999999
CUST01845,2023-12-04,Social Media,42,Tier 3,19.0,27839.29,1465.2257894736842,2024-06-28,2023-12-17,44.0,6.0,3.0,210,2.8934010152284264,210,54947.909999999996
CUST01846,2023-09-22,Referral,37,Tier 2,4.0,2394.3199999999997,598.5799999999999,2024-06-30,2023-10-05,13.0,3.0,1.0,283,0.4444444444444445,283,1524.0300000000002
CUST01847,2023-09-08,Social Media,20,Tier 3,4.0,2229.6,557.4,2024-06-25,2023-09-09,15.0,2.0,6.0,297,0.40540540540540543,297,0.0
CUST01848,2023-07-08,Organic Search,32,Tier 2,4.0,2453.5,613.375,2024-05-20,2023-08-09,8.0,3.0,42.0,359,0.3669724770642202,359,3608.4
CUST01849,2023-07-29,Paid Ads,50,Tier 3,21.0,34476.81,1641.752857142857,2024-05-08,2023-08-10,56.0,6.0,54.0,338,1.932515337423313,338,35728.05
CUST01850,2023-10-20,Email,50,Tier 1,11.0,13363.31,1214.8463636363635,2024-06-19,2023-12-13,25.0,6.0,12.0,255,1.6417910447761195,255,14740.91
CUST01851,2023-12-26,Organic Search,46,Tier 1,3.0,1379.34,459.78,2024-06-27,2024-05-17,11.0,3.0,4.0,188,2.0,188,1671.6999999999998
CUST01852,2023-12-08,Referral,57,Tier 2,16.0,26403.11,1650.194375,2024-06-23,2023-12-19,48.0,6.0,8.0,206,2.4615384615384617,206,49068.61
CUST01853,2023-11-08,Organic Search,58,Tier 1,23.0,40486.6,1760.286956521739,2024-06-30,2023-11-11,55.0,6.0,1.0,236,2.96137339055794,236,54918.78
CUST01854,2024-01-04,Organic Search,58,Tier 3,15.0,24692.74,1646.1826666666668,2024-07-01,2024-01-12,46.0,6.0,0.0,179,2.631578947368421,179,26552.75
CUST01855,2023-12-10,Referral,31,Tier 3,25.0,45180.36,1807.2144,2024-06-22,2023-12-29,62.0,6.0,9.0,204,4.054054054054054,204,46646.08
CUST01856,2024-01-13,Paid Ads,30,Tier 1,4.0,1855.97,463.9925,2024-06-18,2024-02-24,9.0,4.0,13.0,170,0.9375,170,4580.9
CUST01857,2023-10-16,Organic Search,26,Tier 3,18.0,27986.43,1554.8016666666667,2024-06-25,2023-10-31,40.0,6.0,6.0,259,2.2131147540983607,259,55160.11
CUST01858,2023-10-17,Email,33,Tier 1,10.0,10781.01,1078.101,2024-06-13,2023-10-25,24.0,5.0,18.0,258,1.2,258,15308.73
CUST01859,2023-07-20,Email,44,Tier 1,28.0,47095.04,1681.9657142857143,2024-06-04,2023-07-24,67.0,6.0,27.0,347,2.4489795918367343,347,37506.23
CUST01860,2023-09-11,Organic Search,30,Tier 2,22.0,21678.93,985.4059090909091,2024-06-24,2023-09-25,59.0,6.0,7.0,294,2.357142857142857,294,767.58
CUST01861,2023-12-14,Referral,45,Tier 1,10.0,19264.44,1926.444,2024-06-03,2024-02-10,20.0,4.0,28.0,200,2.1126760563380285,200,35566.4
CUST01862,2023-07-04,Paid Ads,36,Tier 2,10.0,6643.89,664.389,2024-06-11,2023-07-17,25.0,5.0,20.0,363,0.8571428571428571,363,19823.21
CUST01863,2023-07-19,Email,54,Tier 2,5.0,2384.1,476.82,2024-04-22,2023-08-24,10.0,4.0,70.0,348,0.4807692307692307,348,3040.43
CUST01864,2023-10-10,Paid Ads,45,Tier 1,10.0,8789.31,878.9309999999999,2024-06-01,2023-10-19,24.0,5.0,30.0,265,1.171875,265,12432.69
CUST01865,2023-12-20,Email,27,Tier 2,28.0,87354.79000000001,3119.8139285714287,2024-07-01,2023-12-31,68.0,6.0,0.0,194,4.590163934426229,194,146512.92
CUST01866,2023-12-18,Organic Search,57,Tier 2,17.0,27343.7,1608.4529411764706,2024-06-24,2024-01-20,42.0,6.0,7.0,196,3.1288343558282206,196,42837.020000000004
CUST01867,2023-11-18,Organic Search,19,Tier 1,4.0,2398.77,599.6925,2024-06-01,2023-11-29,9.0,3.0,30.0,226,0.5581395348837209,226,2095.39
CUST01868,2023-11-18,Paid Ads,25,Tier 1,2.0,1280.17,640.085,2024-03-14,2024-03-13,8.0,2.0,109.0,226,0.5454545454545454,226,2700.78
CUST01869,2024-01-04,Social Media,44,Tier 3,3.0,1576.79,525.5966666666667,2024-06-02,2024-03-24,7.0,2.0,29.0,179,0.9090909090909092,179,2189.05
CUST01870,2024-01-01,Organic Search,25,Tier 3,5.0,4020.16,804.0319999999999,2024-06-19,2024-02-20,14.0,3.0,12.0,182,1.1363636363636365,182,10879.130000000001
CUST01871,2023-09-24,Email,25,Tier 1,27.0,39271.270000000004,1454.4914814814817,2024-06-27,2023-09-25,66.0,6.0,4.0,281,2.892857142857143,281,47272.38
CUST01872,2023-08-21,Social Media,26,Tier 1,4.0,2190.37,547.5925,2024-05-15,2023-11-16,11.0,3.0,47.0,315,0.5263157894736842,315,2773.48
CUST01873,2023-10-19,Organic Search,34,Tier 3,4.0,3814.8,953.7,2024-02-09,2023-10-23,12.0,3.0,143.0,256,0.47619047619047616,256,2216.67
CUST01874,2023-12-28,Organic Search,21,Tier 2,11.0,20550.59,1868.2354545454546,2024-06-07,2024-01-23,28.0,5.0,24.0,186,2.0625,186,2740.07
CUST01875,2023-10-17,Paid Ads,28,Tier 1,11.0,10516.22,956.02,2024-06-16,2023-12-12,26.0,5.0,15.0,258,1.6336633663366336,258,10397.73
CUST01876,2023-09-24,Email,25,Tier 2,9.0,7747.389999999999,860.821111111111,2024-02-23,2023-11-05,24.0,5.0,129.0,281,1.1297071129707112,281,11425.51
CUST01877,2023-08-12,Organic Search,39,Tier 2,7.0,8681.82,1240.26,2024-05-20,2023-09-15,17.0,5.0,42.0,324,0.7241379310344828,324,15933.08
CUST01878,2024-01-16,Paid Ads,55,Tier 2,5.0,4277.87,855.574,2024-06-25,2024-02-02,12.0,4.0,6.0,167,1.0,167,13978.86
CUST01879,2024-01-16,Email,49,Tier 1,2.0,1120.35,560.175,2024-03-08,2024-02-23,4.0,2.0,115.0,167,0.46511627906976744,167,469.62
CUST01880,2023-08-11,Email,41,Tier 2,13.0,14217.7,1093.6692307692308,2024-05-20,2023-08-15,26.0,6.0,42.0,325,1.2149532710280373,325,10624.1
CUST01881,2023-09-28,Organic Search,45,Tier 1,8.0,7734.780000000001,966.8475000000001,2024-06-20,2023-09-29,24.0,5.0,11.0,277,0.8695652173913043,277,8635.81
CUST01882,2023-10-23,Paid Ads,40,Tier 3,17.0,26789.12,1575.830588235294,2024-05-27,2023-11-04,43.0,6.0,35.0,252,2.125,252,39596.93
CUST01883,2023-07-26,Social Media,57,Tier 2,8.0,8314.53,1039.31625,2024-04-12,2023-08-11,14.0,4.0,80.0,341,0.7384615384615385,341,9071.25
CUST01884,2023-11-28,Referral,45,Tier 2,13.0,18226.54,1402.0415384615385,2024-05-15,2023-12-16,27.0,6.0,47.0,216,1.96969696969697,216,38108.86
CUST01885,2023-08-12,Social Media,22,Tier 2,8.0,3989.0299999999997,498.62874999999997,2024-05-15,2023-08-15,19.0,4.0,47.0,324,0.7476635514018691,324,2438.55
CUST01886,2023-09-15,Email,42,Tier 1,12.0,10148.039999999999,845.67,2024-06-14,2023-10-09,31.0,5.0,17.0,290,1.3533834586466165,290,13010.68
CUST01887,2023-12-03,Paid Ads,41,Tier 3,3.0,1432.42,477.47333333333336,2024-04-02,2023-12-19,4.0,3.0,90.0,211,0.46153846153846156,211,2749.21
CUST01888,2023-11-14,Paid Ads,37,Tier 1,3.0,1987.1599999999999,662.3866666666667,2024-05-28,2023-12-16,6.0,2.0,34.0,230,0.4545454545454546,230,1431.3
CUST01889,2023-07-20,Organic Search,21,Tier 3,13.0,11636.44,895.1107692307693,2024-06-19,2023-08-31,34.0,4.0,12.0,347,1.2786885245901638,347,897.73
CUST01890,2023-12-31,Organic Search,45,Tier 1,34.0,104310.51,3067.956176470588,2024-06-25,2024-01-07,77.0,6.0,6.0,183,5.795454545454545,183,0.0
CUST01891,2023-08-08,Email,21,Tier 1,5.0,2430.27,486.054,2024-04-25,2023-12-03,10.0,3.0,67.0,328,0.7109004739336492,328,2299.02
CUST01892,2023-12-26,Organic Search,46,Tier 2,11.0,12819.71,1165.4281818181817,2024-06-28,2024-01-22,31.0,5.0,3.0,188,2.049689440993789,188,9667.26
CUST01893,2023-07-12,Organic Search,35,Tier 2,27.0,41571.51,1539.6855555555555,2024-05-29,2023-07-22,69.0,6.0,33.0,355,2.347826086956522,355,36444.89
CUST01894,2023-12-30,Referral,49,Tier 3,1.0,696.48,696.48,2024-05-15,2024-05-15,4.0,1.0,47.0,184,0.6382978723404256,184,2103.7599999999998
CUST01895,2023-07-11,Organic Search,28,Tier 2,17.0,17043.4,1002.5529411764707,2024-06-23,2023-07-17,41.0,6.0,8.0,356,1.457142857142857,356,9581.14
CUST01896,2023-12-01,Organic Search,40,Tier 1,4.0,3429.67,857.4175,2024-06-27,2024-01-16,10.0,4.0,4.0,213,0.718562874251497,213,12918.34
CUST01897,2023-08-11,Organic Search,48,Tier 3,14.0,12265.73,876.1235714285714,2024-06-10,2023-08-12,30.0,6.0,21.0,325,1.2962962962962963,325,12971.04
CUST01898,2023-12-02,Email,39,Tier 1,3.0,1868.38,622.7933333333334,2024-06-27,2024-01-04,8.0,3.0,4.0,212,0.5027932960893855,212,847.3
CUST01899,2023-07-11,Email,54,Tier 3,7.0,3434.93,490.7042857142857,2024-06-24,2023-07-20,14.0,3.0,7.0,356,0.6051873198847262,356,2151.69
CUST01900,2023-08-07,Paid Ads,41,Tier 2,26.0,41560.619999999995,1598.4853846153844,2024-05-12,2023-08-13,59.0,6.0,50.0,329,2.414860681114551,329,45094.28
CUST01901,2023-10-06,Paid Ads,56,Tier 1,8.0,8395.79,1049.47375,2024-06-13,2023-12-10,18.0,5.0,18.0,269,1.1764705882352942,269,8161.25
CUST01902,2023-12-18,Social Media,30,Tier 1,3.0,1522.01,507.33666666666664,2024-04-07,2024-02-09,7.0,3.0,85.0,196,0.6293706293706294,196,4724.47
CUST01903,2023-07-19,Social Media,43,Tier 1,32.0,48917.67,1528.6771875,2024-06-10,2023-08-10,63.0,6.0,21.0,348,2.9447852760736195,348,52392.869999999995
CUST01904,2024-01-08,Referral,38,Tier 1,3.0,1736.27,578.7566666666667,2024-06-15,2024-02-16,7.0,2.0,16.0,175,0.661764705882353,175,4137.84
CUST01905,2023-11-11,Social Media,25,Tier 1,5.0,4737.200000000001,947.4400000000002,2024-01-20,2023-11-15,15.0,4.0,163.0,233,0.6550218340611353,233,15453.26
CUST01906,2023-12-21,Email,47,Tier 1,1.0,305.78,305.78,2024-01-06,2024-01-06,4.0,1.0,177.0,193,0.1694915254237288,193,869.52
CUST01907,2023-10-24,Organic Search,47,Tier 1,28.0,94076.59,3359.878214285714,2024-06-12,2023-10-28,69.0,6.0,19.0,251,3.4008097165991904,251,130024.87
CUST01908,2023-10-21,Organic Search,31,Tier 2,3.0,1673.1399999999999,557.7133333333333,2024-05-14,2024-01-09,5.0,2.0,48.0,254,0.5172413793103449,254,0.0
CUST01909,2023-12-17,Organic Search,21,Tier 3,1.0,323.57,323.57,2023-12-20,2023-12-20,1.0,1.0,194.0,197,0.15463917525773196,197,4039.88
CUST01910,2023-09-03,Email,20,Tier 1,6.0,3538.2,589.6999999999999,2024-06-06,2023-10-26,16.0,4.0,25.0,302,0.7228915662650602,302,1864.02
CUST01911,2023-10-07,Social Media,34,Tier 1,3.0,1876.23,625.41,2024-05-09,2024-01-16,4.0,3.0,53.0,268,0.5389221556886228,268,2822.82
CUST01912,2023-09-10,Paid Ads,48,Tier 1,21.0,33378.5,1589.452380952381,2024-06-28,2023-09-22,54.0,6.0,3.0,295,2.2261484098939928,295,26184.08
CUST01913,2024-01-03,Organic Search,56,Tier 2,36.0,103642.27,2878.9519444444445,2024-06-26,2024-01-03,104.0,6.0,5.0,180,6.0,180,194380.28
CUST01914,2023-08-21,Paid Ads,24,Tier 3,7.0,4377.3,625.3285714285714,2024-06-17,2023-08-31,18.0,4.0,14.0,315,0.6885245901639344,315,6083.18
CUST01915,2023-10-26,Referral,25,Tier 2,7.0,7190.0,1027.142857142857,2024-06-10,2023-12-02,17.0,4.0,21.0,249,0.9905660377358491,249,14950.99
CUST01916,2023-12-22,Email,23,Tier 3,7.0,7253.9,1036.2714285714285,2024-06-26,2024-01-09,19.0,3.0,5.0,192,1.206896551724138,192,5286.24
CUST01917,2023-10-28,Social Media,25,Tier 2,16.0,24026.75,1501.671875,2024-06-21,2023-11-01,43.0,5.0,10.0,247,1.9753086419753088,247,36502.700000000004
CUST01918,2023-07-07,Social Media,52,Tier 2,10.0,9756.8,975.68,2024-05-21,2023-07-08,21.0,6.0,41.0,360,0.8356545961002785,360,9988.5
CUST01919,2023-07-11,Referral,50,Tier 1,4.0,1890.16,472.54,2024-02-07,2023-07-27,11.0,4.0,145.0,356,0.3529411764705882,356,1640.87
CUST01920,2023-10-11,Social Media,31,Tier 3,9.0,9478.14,1053.1266666666666,2024-03-26,2023-11-03,19.0,5.0,97.0,264,1.120331950207469,264,0.0
CUST01921,2023-08-30,Social Media,48,Tier 3,14.0,12562.17,897.2978571428572,2024-04-22,2023-09-12,34.0,6.0,70.0,306,1.4334470989761092,306,28307.54
CUST01922,2023-09-06,Organic Search,43,Tier 2,6.0,3289.12,548.1866666666666,2024-02-22,2023-09-06,9.0,3.0,130.0,299,0.6020066889632107,299,4647.05
CUST01923,2023-11-30,Organic Search,39,Tier 3,13.0,13484.14,1037.2415384615383,2024-06-28,2023-12-09,33.0,6.0,3.0,214,1.9024390243902438,214,13591.26
CUST01924,2023-11-17,Paid Ads,39,Tier 1,2.0,1135.88,567.94,2024-01-29,2024-01-21,3.0,2.0,154.0,227,0.37037037037037035,227,3211.84
CUST01925,2023-12-01,Organic Search,46,Tier 3,24.0,40502.29,1687.5954166666668,2024-06-26,2023-12-03,67.0,6.0,5.0,213,3.4123222748815163,213,55002.07
CUST01926,2023-10-10,Referral,38,Tier 1,5.0,2315.7599999999998,463.15199999999993,2024-06-23,2023-10-14,14.0,4.0,8.0,265,0.5747126436781609,265,2981.5699999999997
CUST01927,2023-10-18,Organic Search,52,Tier 1,3.0,3047.58,1015.86,2024-03-21,2023-12-22,8.0,2.0,102.0,257,0.46875,257,13207.15
CUST01928,2023-11-17,Social Media,23,Tier 1,2.0,2209.64,1104.82,2024-05-08,2023-12-17,6.0,1.0,54.0,227,0.3045685279187817,227,13410.18
CUST01929,2023-12-18,Paid Ads,36,Tier 3,9.0,10277.16,1141.9066666666668,2024-06-08,2024-02-26,25.0,6.0,23.0,196,2.142857142857143,196,4723.82
CUST01930,2023-08-20,Paid Ads,57,Tier 3,5.0,2775.91,555.182,2024-04-07,2023-12-07,14.0,5.0,85.0,316,0.7246376811594203,316,2674.7
CUST01931,2023-10-25,Referral,29,Tier 3,12.0,11973.539999999999,997.795,2024-05-28,2023-11-06,34.0,6.0,34.0,250,1.5126050420168067,250,8714.9
CUST01932,2023-12-12,Paid Ads,35,Tier 3,7.0,8272.02,1181.717142857143,2024-06-05,2024-01-02,16.0,5.0,26.0,202,1.160220994475138,202,6999.9800000000005
CUST01933,2023-08-15,Paid Ads,40,Tier 2,13.0,12982.73,998.6715384615384,2024-05-13,2023-09-18,35.0,6.0,49.0,321,1.358885017421603,321,10823.01
CUST01934,2023-08-22,Organic Search,55,Tier 3,11.0,9861.27,896.4790909090909,2024-05-14,2023-09-12,28.0,6.0,48.0,314,1.1262798634812288,314,2005.96
CUST01935,2023-09-26,Email,38,Tier 3,9.0,8684.09,964.8988888888889,2024-06-12,2023-10-06,23.0,6.0,19.0,279,1.003717472118959,279,13099.64
CUST01936,2023-10-29,Organic Search,24,Tier 2,18.0,32136.12,1785.34,2024-06-20,2023-11-17,39.0,6.0,11.0,246,2.378854625550661,246,30957.95
CUST01937,2023-07-13,Email,52,Tier 1,4.0,2298.1,574.525,2024-05-21,2023-07-19,11.0,3.0,41.0,354,0.3448275862068966,354,474.7
CUST01938,2023-09-27,Email,32,Tier 2,22.0,41074.66,1867.0300000000002,2024-06-26,2023-10-16,61.0,6.0,5.0,278,2.548262548262548,278,13568.189999999999
CUST01939,2023-11-02,Social Media,41,Tier 3,13.0,12470.68,959.2830769230769,2024-06-28,2023-11-15,34.0,4.0,3.0,242,1.703056768558952,242,13289.17
CUST01940,2023-10-26,Social Media,38,Tier 3,2.0,932.8199999999999,466.40999999999997,2024-01-13,2023-11-04,5.0,2.0,170.0,249,0.25,249,519.46
CUST01941,2023-08-23,Paid Ads,31,Tier 3,3.0,1458.21,486.07,2024-06-06,2024-02-27,8.0,3.0,25.0,313,0.72,313,2891.52
CUST01942,2024-01-01,Paid Ads,59,Tier 3,2.0,592.83,296.415,2024-06-25,2024-02-25,5.0,2.0,6.0,182,0.47244094488188976,182,4180.01
CUST01943,2023-10-24,Social Media,50,Tier 3,12.0,19357.35,1613.1125,2024-05-31,2023-11-03,32.0,5.0,31.0,251,1.4937759336099583,251,43553.07
CUST01944,2023-10-26,Paid Ads,44,Tier 2,11.0,8580.54,780.049090909091,2024-05-10,2023-11-07,25.0,5.0,52.0,249,1.3924050632911393,249,9812.22
CUST01945,2023-07-04,Paid Ads,32,Tier 2,23.0,42410.05,1843.9152173913044,2024-06-27,2023-07-27,63.0,6.0,4.0,363,2.0294117647058822,363,52419.39
CUST01946,2023-09-13,Paid Ads,54,Tier 1,6.0,6503.29,1083.8816666666667,2024-06-18,2023-09-27,13.0,4.0,13.0,292,0.6474820143884893,292,14413.94
CUST01947,2023-08-18,Social Media,26,Tier 2,7.0,6515.75,930.8214285714286,2024-06-17,2023-12-07,19.0,4.0,14.0,318,1.0144927536231882,318,8200.55
CUST01948,2023-07-07,Paid Ads,58,Tier 2,3.0,1419.49,473.16333333333336,2024-05-14,2024-03-17,8.0,2.0,48.0,360,0.8490566037735849,360,2988.34
CUST01949,2023-10-18,Paid Ads,40,Tier 3,1.0,291.3,291.3,2023-12-22,2023-12-22,1.0,1.0,192.0,257,0.15625,257,2468.14
CUST01950,2023-10-30,Email,40,Tier 2,9.0,8724.18,969.3533333333334,2024-06-22,2023-11-05,26.0,6.0,9.0,245,1.1297071129707112,245,9882.61
CUST01951,2023-07-11,Email,34,Tier 1,8.0,5121.28,640.16,2024-04-02,2023-07-16,14.0,4.0,90.0,356,0.6837606837606838,356,2098.37
CUST01952,2023-09-30,Organic Search,45,Tier 1,5.0,2867.45,573.49,2024-02-26,2023-10-21,12.0,5.0,126.0,275,0.5905511811023622,275,1086.16
CUST01953,2023-12-29,Paid Ads,28,Tier 2,12.0,12460.55,1038.3791666666666,2024-06-28,2024-01-10,34.0,6.0,3.0,185,2.0809248554913293,185,11059.23
CUST01954,2023-12-20,Social Media,43,Tier 2,4.0,4402.52,1100.63,2024-05-25,2024-01-29,13.0,3.0,37.0,194,0.7792207792207793,194,16990.14
CUST01955,2023-07-23,Referral,49,Tier 1,49.0,167006.03,3408.2863265306123,2024-06-27,2023-07-30,122.0,6.0,4.0,344,4.362017804154303,344,155101.15
CUST01956,2023-07-28,Email,39,Tier 1,26.0,47452.27,1825.0873076923076,2024-07-01,2023-08-08,68.0,6.0,0.0,339,2.3780487804878048,339,47451.979999999996
CUST01957,2023-10-19,Paid Ads,45,Tier 2,6.0,5348.08,891.3466666666667,2024-06-27,2023-10-28,11.0,4.0,4.0,256,0.728744939271255,256,3191.8100000000004
CUST01958,2023-08-26,Organic Search,35,Tier 1,9.0,9502.51,1055.8344444444444,2024-06-29,2023-12-06,27.0,5.0,2.0,310,1.2980769230769231,310,14632.21
CUST01959,2023-07-26,Social Media,51,Tier 1,10.0,9304.3,930.43,2024-06-07,2023-08-14,23.0,5.0,24.0,341,0.9316770186335404,341,18696.88
CUST01960,2023-11-30,Social Media,49,Tier 1,12.0,17691.49,1474.2908333333335,2024-06-27,2023-12-16,29.0,6.0,4.0,214,1.8181818181818183,214,38203.74
CUST01961,2023-08-23,Organic Search,44,Tier 2,3.0,1663.17,554.39,2024-05-04,2023-09-27,7.0,3.0,58.0,313,0.32374100719424465,313,1164.18
CUST01962,2023-07-29,Organic Search,39,Tier 2,16.0,14592.09,912.005625,2024-07-01,2023-08-12,41.0,6.0,0.0,338,1.4814814814814814,338,17861.39
CUST01963,2023-10-05,Social Media,54,Tier 1,23.0,34288.62,1490.8095652173913,2024-06-27,2023-11-02,54.0,6.0,4.0,270,2.8512396694214877,270,51205.76
CUST01964,2023-12-11,Paid Ads,19,Tier 3,2.0,1375.78,687.89,2024-06-12,2024-06-07,3.0,2.0,19.0,203,2.5,203,3059.96
CUST01965,2023-07-14,Paid Ads,22,Tier 1,9.0,9685.66,1076.1844444444444,2024-04-22,2023-07-15,17.0,4.0,70.0,353,0.7670454545454546,353,12562.66
CUST01966,2023-09-16,Organic Search,22,Tier 1,13.0,13696.16,1053.5507692307692,2024-06-07,2023-09-21,35.0,5.0,24.0,289,1.3732394366197183,289,14393.41
CUST01967,2023-08-04,Organic Search,44,Tier 1,5.0,2984.48,596.896,2024-04-12,2023-08-22,14.0,2.0,80.0,332,0.47770700636942676,332,0.0
CUST01968,2023-07-30,Paid Ads,22,Tier 1,2.0,1375.6,687.8,2023-10-10,2023-08-28,7.0,2.0,265.0,337,0.19480519480519481,337,3531.6
CUST01969,2023-09-30,Social Media,27,Tier 1,0.0,0.0,0.0,,,0.0,0.0,360.0,275,0.0,275,5209.11
CUST01970,2023-07-17,Paid Ads,48,Tier 1,6.0,2855.27,475.87833333333333,2024-04-10,2023-09-01,17.0,3.0,82.0,350,0.5921052631578947,350,2460.7
CUST01971,2024-01-11,Paid Ads,22,Tier 2,1.0,543.36,543.36,2024-03-10,2024-03-10,4.0,1.0,113.0,172,0.2654867256637168,172,1273.44
CUST01972,2023-12-05,Organic Search,23,Tier 2,14.0,21191.489999999998,1513.677857142857,2024-06-26,2023-12-17,39.0,6.0,5.0,209,2.1319796954314723,209,36077.0
CUST01973,2023-10-01,Paid Ads,41,Tier 2,4.0,1078.4099999999999,269.60249999999996,2024-04-26,2023-11-21,15.0,4.0,66.0,274,0.5381165919282511,274,1626.05
CUST01974,2023-12-20,Organic Search,34,Tier 2,7.0,8051.8099999999995,1150.2585714285713,2024-04-21,2023-12-27,20.0,4.0,71.0,194,1.122994652406417,194,5858.42
CUST01975,2023-09-17,Paid Ads,40,Tier 1,5.0,3372.35,674.47,2024-04-18,2023-10-30,9.0,4.0,74.0,288,0.6122448979591836,288,0.0
CUST01976,2023-10-18,Social Media,55,Tier 3,24.0,41294.62,1720.6091666666669,2024-06-27,2023-11-07,61.0,6.0,4.0,257,3.0379746835443036,257,17789.17
CUST01977,2023-12-26,Organic Search,26,Tier 1,1.0,918.4,918.4,2024-02-02,2024-02-02,1.0,1.0,150.0,188,0.2,188,1850.26
CUST01978,2023-10-10,Organic Search,51,Tier 2,7.0,5826.29,832.3271428571428,2024-06-04,2023-11-29,11.0,4.0,27.0,265,0.9767441860465116,265,8832.3
CUST01979,2023-10-14,Organic Search,56,Tier 1,18.0,31992.41,1777.3561111111112,2024-06-26,2023-10-22,39.0,5.0,5.0,261,2.1343873517786562,261,48176.36
CUST01980,2023-08-16,Paid Ads,34,Tier 3,34.0,48665.26,1431.3311764705884,2024-07-01,2023-09-12,88.0,6.0,0.0,320,3.48122866894198,320,34707.64
CUST01981,2023-12-28,Social Media,23,Tier 2,5.0,2182.19,436.438,2024-03-22,2024-01-30,6.0,3.0,101.0,186,0.9803921568627452,186,1887.01
CUST01982,2023-09-02,Organic Search,34,Tier 1,19.0,31764.78,1671.8305263157895,2024-06-17,2023-09-08,51.0,6.0,14.0,303,1.9191919191919191,303,33695.06
CUST01983,2023-12-13,Referral,25,Tier 2,10.0,10178.74,1017.874,2024-06-27,2024-01-14,26.0,3.0,4.0,201,1.7751479289940828,201,16550.21
CUST01984,2023-09-02,Organic Search,19,Tier 1,10.0,10107.86,1010.7860000000001,2024-06-09,2023-09-06,26.0,5.0,22.0,303,1.0033444816053512,303,10905.45
CUST01985,2023-09-25,Social Media,27,Tier 2,2.0,1172.53,586.265,2024-02-19,2023-10-26,5.0,2.0,133.0,280,0.24096385542168672,280,1158.08
CUST01986,2023-07-07,Paid Ads,36,Tier 2,1.0,612.29,612.29,2024-01-06,2024-01-06,1.0,1.0,177.0,360,0.1694915254237288,360,2183.17
CUST01987,2023-07-22,Email,21,Tier 1,10.0,10862.71,1086.271,2024-06-29,2023-08-03,21.0,5.0,2.0,345,0.9009009009009009,345,19635.28
CUST01988,2023-09-19,Paid Ads,42,Tier 1,12.0,10368.57,864.0475,2024-06-24,2023-10-30,31.0,6.0,7.0,286,1.4693877551020407,286,9342.35
CUST01989,2023-12-16,Paid Ads,46,Tier 1,5.0,4359.24,871.848,2024-06-21,2024-01-28,18.0,3.0,10.0,198,0.967741935483871,198,13217.76
CUST01990,2023-09-12,Social Media,28,Tier 2,13.0,13040.68,1003.1292307692308,2024-05-16,2023-09-20,37.0,5.0,46.0,293,1.368421052631579,293,7879.93
CUST01991,2023-11-15,Social Media,27,Tier 1,17.0,26115.36,1536.1976470588236,2024-06-30,2023-12-04,45.0,6.0,1.0,229,2.428571428571429,229,38205.65
CUST01992,2024-01-01,Paid Ads,31,Tier 2,5.0,3190.82,638.164,2024-05-05,2024-01-17,7.0,4.0,57.0,182,0.9036144578313253,182,2323.58
CUST01993,2023-11-12,Organic Search,53,Tier 3,5.0,3852.0,770.4,2024-06-15,2024-02-21,10.0,5.0,16.0,232,1.1450381679389314,232,17287.19
CUST01994,2023-11-02,Organic Search,41,Tier 1,5.0,3105.34,621.068,2024-06-18,2024-01-18,12.0,4.0,13.0,242,0.9090909090909092,242,4055.51
CUST01995,2023-08-19,Social Media,35,Tier 3,24.0,40006.6,1666.9416666666666,2024-06-12,2023-08-20,65.0,6.0,19.0,317,2.278481012658228,317,35590.61
CUST01996,2023-08-21,Paid Ads,25,Tier 2,16.0,13821.48,863.8425,2024-07-01,2023-11-06,40.0,6.0,0.0,315,2.0168067226890756,315,16732.9
CUST01997,2023-12-08,Paid Ads,34,Tier 1,25.0,74530.67,2981.2268,2024-06-20,2023-12-11,56.0,6.0,11.0,206,3.6945812807881775,206,209976.88
CUST01998,2023-07-01,Email,58,Tier 1,3.0,1318.65,439.55,2023-12-29,2023-07-21,9.0,3.0,185.0,366,0.26011560693641617,366,0.0
CUST01999,2023-12-28,Social Media,54,Tier 2,1.0,904.13,904.13,2024-02-09,2024-02-09,4.0,1.0,143.0,186,0.2097902097902098,186,1263.7
CUST02000,2024-01-04,Email,38,Tier 1,0.0,0.0,0.0,,,0.0,0.0,360.0,179,0.0,179,2004.09
CUST02001,2023-12-09,Social Media,42,Tier 1,5.0,3149.83,629.966,2024-04-24,2023-12-30,14.0,4.0,68.0,205,0.8152173913043478,205,2701.24
CUST02002,2023-07-04,Social Media,23,Tier 1,7.0,3090.1400000000003,441.4485714285715,2024-05-23,2023-07-07,18.0,5.0,39.0,363,0.5833333333333334,363,4718.19
CUST02003,2023-11-22,Paid Ads,24,Tier 2,23.0,36302.44,1578.3669565217392,2024-07-01,2023-11-23,55.0,6.0,0.0,222,3.1221719457013575,222,57578.03
CUST02004,2023-11-09,Organic Search,46,Tier 2,2.0,913.97,456.985,2024-04-19,2024-04-02,5.0,2.0,73.0,235,0.6666666666666667,235,467.44
CUST02005,2023-12-18,Social Media,23,Tier 2,2.0,1060.04,530.02,2024-05-29,2024-01-14,3.0,2.0,33.0,196,0.35502958579881655,196,1122.29
CUST02006,2023-07-04,Paid Ads,57,Tier 1,35.0,58595.71,1674.163142857143,2024-06-27,2023-08-26,87.0,6.0,4.0,363,3.3870967741935485,363,45786.73
CUST02007,2023-07-01,Referral,56,Tier 3,11.0,10522.84,956.6218181818182,2024-04-12,2023-08-03,27.0,6.0,80.0,366,0.990990990990991,366,10746.67
CUST02008,2023-09-09,Organic Search,20,Tier 3,23.0,37837.58,1645.1121739130435,2024-05-17,2023-09-16,58.0,6.0,45.0,296,2.3875432525951554,296,0.0
CUST02009,2023-12-25,Organic Search,57,Tier 1,2.0,1331.73,665.865,2024-06-01,2024-05-31,4.0,2.0,30.0,189,1.935483870967742,189,2926.08
CUST02010,2024-01-05,Referral,39,Tier 1,8.0,7456.46,932.0575,2024-04-25,2024-01-27,20.0,5.0,67.0,178,1.5384615384615383,178,13377.98
CUST02011,2023-08-04,Email,58,Tier 3,4.0,2075.41,518.8525,2024-06-19,2023-09-20,10.0,2.0,12.0,332,0.4210526315789474,332,2883.7
CUST02012,2023-07-08,Paid Ads,55,Tier 3,6.0,2737.06,456.1766666666667,2024-04-15,2023-07-21,19.0,3.0,77.0,359,0.5202312138728323,359,2495.08
CUST02013,2023-11-29,Social Media,36,Tier 2,23.0,32669.84,1420.4278260869564,2024-06-30,2023-12-03,54.0,6.0,1.0,215,3.270142180094787,215,49585.25
CUST02014,2023-08-05,Email,30,Tier 3,4.0,1899.81,474.9525,2024-06-24,2023-08-30,8.0,3.0,7.0,331,0.39215686274509803,331,2653.33
CUST02015,2023-12-25,Paid Ads,35,Tier 2,8.0,7089.7,886.2125,2024-05-20,2024-01-15,12.0,4.0,42.0,189,1.4285714285714284,189,7018.64
CUST02016,2023-10-31,Organic Search,55,Tier 1,11.0,11717.57,1065.2336363636364,2024-06-15,2023-11-22,29.0,6.0,16.0,244,1.4864864864864864,244,14494.42
CUST02017,2023-08-12,Social Media,56,Tier 2,6.0,3252.9300000000003,542.1550000000001,2024-06-29,2023-11-11,18.0,3.0,2.0,324,0.7725321888412017,324,1388.1
CUST02018,2023-07-27,Social Media,33,Tier 2,34.0,56608.9,1664.9676470588236,2024-06-22,2023-07-28,81.0,6.0,9.0,340,3.0088495575221237,340,32567.21
CUST02019,2023-08-01,Organic Search,25,Tier 3,5.0,2392.52,478.504,2024-06-20,2023-08-04,14.0,4.0,11.0,335,0.45180722891566266,335,1389.88
CUST02020,2023-09-16,Social Media,32,Tier 1,16.0,14162.630000000001,885.1643750000001,2024-05-05,2023-10-03,37.0,6.0,57.0,289,1.7647058823529411,289,10958.86
CUST02021,2023-10-29,Social Media,19,Tier 2,37.0,116772.8,3156.0216216216218,2024-06-28,2023-11-04,102.0,6.0,3.0,246,4.625,246,170303.54
CUST02022,2023-11-23,Paid Ads,56,Tier 2,9.0,8584.51,953.8344444444444,2024-06-04,2024-01-27,20.0,6.0,27.0,221,1.7307692307692308,221,12479.220000000001
CUST02023,2023-12-03,Email,21,Tier 1,15.0,22857.63,1523.842,2024-06-28,2024-01-04,38.0,6.0,3.0,211,2.513966480446927,211,4117.6
CUST02024,2023-12-04,Paid Ads,55,Tier 1,2.0,1055.8,527.9,2024-06-21,2023-12-12,7.0,2.0,10.0,210,0.297029702970297,210,1896.94
CUST02025,2023-07-16,Organic Search,49,Tier 3,15.0,14656.82,977.1213333333333,2024-06-20,2023-07-28,35.0,6.0,11.0,351,1.3274336283185841,351,12148.02
CUST02026,2023-10-07,Social Media,31,Tier 1,5.0,2316.8999999999996,463.37999999999994,2024-05-31,2023-10-09,15.0,4.0,31.0,268,0.5639097744360901,268,2282.65
CUST02027,2023-08-16,Social Media,36,Tier 2,13.0,13139.05,1010.6961538461538,2024-06-20,2023-08-25,36.0,6.0,11.0,320,1.2540192926045015,320,9341.83
CUST02028,2024-01-03,Email,35,Tier 3,27.0,77004.53,2852.0196296296294,2024-06-30,2024-02-08,80.0,6.0,1.0,180,5.625,180,171391.45
CUST02029,2023-07-31,Paid Ads,35,Tier 1,2.0,762.06,381.03,2024-06-02,2023-12-10,3.0,2.0,29.0,336,0.29411764705882354,336,4585.6
CUST02030,2023-07-04,Organic Search,29,Tier 3,21.0,21173.05,1008.2404761904761,2024-06-29,2023-07-27,55.0,6.0,2.0,363,1.8529411764705883,363,8334.55
CUST02031,2023-12-12,Organic Search,38,Tier 2,3.0,1642.83,547.61,2024-05-19,2024-01-11,10.0,2.0,43.0,202,0.5232558139534884,202,1373.1000000000001
CUST02032,2023-07-17,Paid Ads,28,Tier 2,17.0,17309.6,1018.2117647058823,2024-06-29,2023-07-21,38.0,6.0,2.0,350,1.4739884393063585,350,12263.14
CUST02033,2023-08-08,Organic Search,47,Tier 1,13.0,15517.5,1193.6538461538462,2024-05-26,2023-10-06,29.0,6.0,36.0,328,1.449814126394052,328,13475.28
CUST02034,2023-08-17,Email,52,Tier 3,48.0,153745.95,3203.040625,2024-06-23,2023-08-17,123.0,6.0,8.0,319,4.514106583072101,319,164833.75
CUST02035,2023-12-21,Paid Ads,35,Tier 1,5.0,4513.83,902.766,2024-06-20,2024-01-26,13.0,3.0,11.0,193,0.9554140127388535,193,11974.54
CUST02036,2023-12-23,Social Media,31,Tier 1,3.0,1598.16,532.72,2024-03-01,2024-01-29,7.0,2.0,122.0,191,0.5844155844155844,191,4207.51
CUST02037,2023-08-08,Paid Ads,57,Tier 1,7.0,3678.5,525.5,2024-06-13,2023-11-15,24.0,4.0,18.0,328,0.9170305676855894,328,1434.71
CUST02038,2023-11-09,Email,45,Tier 1,1.0,926.49,926.49,2024-03-19,2024-03-19,2.0,1.0,104.0,235,0.2884615384615385,235,1405.0700000000002
CUST02039,2023-07-30,Paid Ads,44,Tier 2,2.0,841.0600000000001,420.53000000000003,2024-04-14,2023-11-24,3.0,2.0,78.0,337,0.2727272727272727,337,1330.77
CUST02040,2023-12-05,Organic Search,46,Tier 3,3.0,1532.3899999999999,510.7966666666666,2024-04-18,2024-01-04,8.0,3.0,74.0,209,0.5027932960893855,209,2748.07
CUST02041,2023-07-22,Organic Search,31,Tier 3,33.0,57154.75,1731.9621212121212,2024-06-22,2023-07-30,87.0,6.0,9.0,345,2.9376854599406528,345,45100.47
CUST02042,2023-09-04,Organic Search,30,Tier 1,14.0,12738.68,909.9057142857143,2024-06-08,2023-10-28,33.0,6.0,23.0,301,1.7004048582995952,301,9018.23
CUST02043,2023-10-16,Social Media,46,Tier 1,9.0,8309.52,923.2800000000001,2024-06-25,2023-11-06,28.0,6.0,6.0,259,1.134453781512605,259,12383.289999999999
CUST02044,2023-07-12,Organic Search,20,Tier 2,5.0,2690.9399999999996,538.1879999999999,2024-06-25,2023-08-24,15.0,4.0,6.0,355,0.4807692307692307,355,5769.96
CUST02045,2023-08-05,Social Media,55,Tier 1,33.0,61563.28,1865.5539393939393,2024-06-19,2023-08-18,76.0,6.0,12.0,331,3.1132075471698113,331,42124.04
CUST02046,2023-07-18,Referral,52,Tier 3,13.0,11490.1,883.8538461538462,2024-06-20,2023-08-09,25.0,4.0,11.0,349,1.1926605504587156,349,12699.87
CUST02047,2023-09-28,Social Media,41,Tier 3,6.0,2745.62,457.6033333333333,2024-05-19,2023-11-25,17.0,5.0,43.0,277,0.821917808219178,277,2005.17
CUST02048,2023-12-28,Organic Search,47,Tier 3,4.0,5358.5599999999995,1339.6399999999999,2024-06-09,2024-03-27,9.0,4.0,22.0,186,1.25,186,11660.43
CUST02049,2024-01-15,Referral,53,Tier 1,2.0,1924.71,962.355,2024-02-28,2024-02-13,4.0,2.0,124.0,168,0.43165467625899284,168,0.0
CUST02050,2023-07-01,Organic Search,29,Tier 2,8.0,4591.47,573.93375,2024-06-03,2023-07-24,21.0,5.0,28.0,366,0.6997084548104956,366,892.4
CUST02051,2023-11-04,Paid Ads,51,Tier 1,4.0,4053.7000000000003,1013.4250000000001,2024-06-02,2024-01-11,6.0,4.0,29.0,240,0.6976744186046512,240,6793.29
CUST02052,2024-01-02,Social Media,29,Tier 1,5.0,6293.0199999999995,1258.6039999999998,2024-05-12,2024-01-12,14.0,4.0,50.0,181,0.8771929824561403,181,6212.01
CUST02053,2023-09-28,Email,27,Tier 2,4.0,1576.66,394.165,2024-06-20,2023-10-03,8.0,2.0,11.0,277,0.4411764705882353,277,1396.45
CUST02054,2023-09-25,Paid Ads,32,Tier 3,28.0,41835.2,1494.1142857142856,2024-06-27,2023-10-03,67.0,6.0,4.0,280,3.0882352941176467,280,44580.75
CUST02055,2023-09-28,Organic Search,27,Tier 3,18.0,26651.010000000002,1480.6116666666667,2024-06-04,2023-10-09,47.0,5.0,27.0,277,2.0300751879699246,277,49217.21
CUST02056,2023-11-11,Paid Ads,57,Tier 3,6.0,5171.22,861.87,2024-06-13,2023-11-14,15.0,3.0,18.0,233,0.7826086956521738,233,10628.74
CUST02057,2023-09-08,Paid Ads,21,Tier 3,9.0,7621.78,846.8644444444444,2024-05-14,2023-11-03,22.0,4.0,48.0,297,1.120331950207469,297,23765.94
CUST02058,2023-08-13,Paid Ads,47,Tier 1,14.0,12838.6,917.0428571428572,2024-04-07,2023-10-17,35.0,6.0,85.0,323,1.627906976744186,323,9709.59
CUST02059,2024-01-16,Referral,37,Tier 2,8.0,8468.14,1058.5175,2024-06-19,2024-01-28,26.0,5.0,12.0,167,1.5483870967741935,167,12985.06
CUST02060,2023-11-29,Referral,54,Tier 1,7.0,6253.25,893.3214285714286,2024-06-05,2023-12-28,18.0,4.0,26.0,215,1.1290322580645162,215,15313.34
CUST02061,2023-09-24,Social Media,50,Tier 1,0.0,0.0,0.0,,,0.0,0.0,360.0,281,0.0,281,1203.54
CUST02062,2023-07-19,Paid Ads,25,Tier 2,12.0,9927.11,827.2591666666667,2024-06-22,2023-09-27,30.0,6.0,9.0,348,1.2949640287769786,348,5209.65
CUST02063,2023-10-09,Email,46,Tier 2,18.0,26548.82,1474.9344444444444,2024-06-12,2023-11-06,46.0,6.0,19.0,266,2.26890756302521,266,60282.61
CUST02064,2023-11-23,Referral,36,Tier 2,8.0,8057.85,1007.23125,2024-06-30,2023-12-05,22.0,4.0,1.0,221,1.1483253588516746,221,13984.869999999999
CUST02065,2023-10-03,Social Media,23,Tier 1,5.0,2311.27,462.254,2024-04-30,2023-11-04,11.0,4.0,62.0,272,0.625,272,3139.79
CUST02066,2023-10-09,Paid Ads,41,Tier 1,22.0,38124.32,1732.9236363636364,2024-06-24,2023-10-11,49.0,6.0,7.0,266,2.5,266,35629.02
CUST02067,2023-07-30,Organic Search,40,Tier 1,5.0,2325.25,465.05,2024-05-19,2023-08-15,15.0,3.0,43.0,337,0.4672897196261682,337,4297.55
CUST02068,2023-12-17,Organic Search,44,Tier 1,2.0,1365.31,682.655,2024-06-16,2024-02-09,6.0,2.0,15.0,197,0.4195804195804196,197,1675.63
CUST02069,2023-08-02,Email,30,Tier 1,11.0,5856.04,532.3672727272727,2024-06-23,2023-08-17,20.0,5.0,8.0,334,1.0344827586206897,334,1111.86
CUST02070,2023-07-12,Email,58,Tier 2,9.0,4325.49,480.60999999999996,2024-05-24,2023-08-16,24.0,5.0,38.0,355,0.84375,355,2813.1
CUST02071,2023-10-26,Social Media,37,Tier 3,17.0,28022.91,1648.4064705882354,2024-07-01,2023-11-15,46.0,5.0,0.0,249,2.2270742358078603,249,38105.01
CUST02072,2023-10-02,Organic Search,19,Tier 1,8.0,7640.07,955.00875,2024-04-17,2023-10-16,22.0,4.0,75.0,273,0.9266409266409267,273,10745.49
CUST02073,2023-12-02,Organic Search,21,Tier 2,3.0,1576.25,525.4166666666666,2024-04-05,2024-01-30,11.0,2.0,87.0,212,0.5882352941176471,212,1003.9000000000001
CUST02074,2023-12-14,Paid Ads,45,Tier 1,16.0,26173.65,1635.853125,2024-06-29,2023-12-15,42.0,6.0,2.0,200,2.412060301507538,200,36879.76
CUST02075,2023-11-14,Paid Ads,36,Tier 3,10.0,16475.85,1647.5849999999998,2024-05-26,2023-11-28,23.0,6.0,36.0,230,1.3888888888888888,230,36656.72
CUST02076,2023-11-26,Organic Search,48,Tier 1,15.0,22965.0,1531.0,2024-06-23,2023-11-28,44.0,5.0,8.0,218,2.0833333333333335,218,28713.8
CUST02077,2023-09-14,Email,20,Tier 3,8.0,4184.54,523.0675,2024-06-18,2023-09-23,19.0,5.0,13.0,291,0.851063829787234,291,2653.24
CUST02078,2023-07-29,Paid Ads,23,Tier 3,9.0,8870.02,985.5577777777778,2024-06-06,2023-09-15,23.0,4.0,25.0,338,0.9310344827586207,338,11389.64
CUST02079,2023-12-08,Social Media,47,Tier 3,30.0,109559.94,3651.998,2024-06-10,2023-12-10,77.0,6.0,21.0,206,4.411764705882353,206,123571.27
CUST02080,2024-01-06,Paid Ads,51,Tier 1,15.0,21315.260000000002,1421.0173333333335,2024-06-29,2024-01-26,40.0,6.0,2.0,177,2.8662420382165608,177,57389.77
CUST02081,2023-10-25,Paid Ads,38,Tier 2,4.0,1674.28,418.57,2024-04-16,2023-11-11,10.0,3.0,76.0,250,0.5150214592274678,250,2970.76
CUST02082,2023-07-15,Paid Ads,48,Tier 1,2.0,1132.95,566.475,2024-01-22,2023-07-18,5.0,2.0,161.0,352,0.17191977077363896,352,0.0
CUST02083,2023-07-02,Social Media,23,Tier 1,12.0,11397.51,949.7925,2024-06-19,2023-08-04,35.0,4.0,12.0,365,1.0843373493975903,365,7033.78
CUST02084,2023-12-27,Organic Search,39,Tier 1,15.0,24195.74,1613.0493333333334,2024-06-26,2023-12-28,35.0,6.0,5.0,187,2.4193548387096775,187,51997.78
CUST02085,2023-10-25,Social Media,33,Tier 3,7.0,7490.53,1070.0757142857142,2024-06-15,2023-12-11,16.0,6.0,16.0,250,1.0344827586206897,250,8448.390000000001
CUST02086,2023-12-19,Paid Ads,38,Tier 3,3.0,3024.27,1008.09,2024-04-11,2024-01-03,5.0,2.0,81.0,195,0.5,195,7714.0
CUST02087,2023-12-29,Social Media,26,Tier 1,3.0,1126.84,375.6133333333333,2024-06-19,2024-05-06,10.0,2.0,12.0,185,1.607142857142857,185,1674.51
CUST02088,2023-07-18,Social Media,49,Tier 2,14.0,13962.43,997.3164285714286,2024-07-01,2023-09-12,36.0,6.0,0.0,349,1.4334470989761092,349,13735.45
CUST02089,2023-07-03,Paid Ads,30,Tier 3,33.0,51554.3,1562.2515151515152,2024-06-18,2023-07-03,90.0,6.0,13.0,364,2.71978021978022,364,14992.630000000001
CUST02090,2023-11-12,Email,39,Tier 2,4.0,2585.95,646.4875,2024-06-14,2024-03-20,8.0,2.0,17.0,232,1.1650485436893203,232,4174.78
CUST02091,2023-12-18,Organic Search,48,Tier 1,12.0,19242.28,1603.5233333333333,2024-05-16,2024-01-06,31.0,5.0,46.0,196,2.0338983050847457,196,38423.27
CUST02092,2023-12-13,Social Media,45,Tier 2,32.0,106579.91,3330.6221875,2024-06-21,2023-12-17,68.0,6.0,10.0,201,4.873096446700507,201,107405.19
CUST02093,2023-12-12,Paid Ads,44,Tier 2,6.0,3232.1,538.6833333333333,2024-05-30,2023-12-19,13.0,4.0,32.0,202,0.9230769230769231,202,0.0
CUST02094,2024-01-02,Paid Ads,51,Tier 2,6.0,6403.24,1067.2066666666667,2024-06-07,2024-01-09,9.0,4.0,24.0,181,1.0344827586206897,181,9297.71
CUST02095,2023-12-08,Social Media,44,Tier 2,3.0,1287.6100000000001,429.2033333333334,2024-03-28,2024-01-02,5.0,3.0,95.0,206,0.49723756906077343,206,2228.28
CUST02096,2023-10-16,Social Media,44,Tier 1,21.0,36448.44,1735.64,2024-06-22,2023-10-19,51.0,6.0,9.0,259,2.4609375,259,35131.409999999996
CUST02097,2024-01-03,Organic Search,54,Tier 1,6.0,4982.51,830.4183333333334,2024-06-16,2024-02-26,11.0,4.0,15.0,180,1.4285714285714284,180,18358.23
CUST02098,2023-10-03,Email,58,Tier 1,16.0,14260.81,891.300625,2024-06-22,2023-10-04,45.0,6.0,9.0,272,1.7712177121771218,272,7904.51
CUST02099,2023-10-30,Paid Ads,19,Tier 1,15.0,23682.329999999998,1578.822,2024-06-19,2023-11-01,36.0,6.0,12.0,245,1.8518518518518516,245,63745.39
CUST02100,2023-07-11,Paid Ads,33,Tier 2,4.0,2509.36,627.34,2024-05-07,2023-12-10,7.0,3.0,55.0,356,0.5882352941176471,356,1942.42
CUST02101,2023-09-06,Email,19,Tier 1,26.0,39838.950000000004,1532.267307692308,2024-06-27,2023-09-08,62.0,6.0,4.0,299,2.6262626262626263,299,25979.36
CUST02102,2023-10-31,Paid Ads,29,Tier 3,14.0,12386.99,884.785,2024-06-08,2023-11-07,33.0,6.0,23.0,244,1.7721518987341773,244,13438.949999999999
CUST02103,2024-01-12,Paid Ads,20,Tier 1,2.0,1091.6,545.8,2024-03-27,2024-01-20,2.0,2.0,96.0,171,0.36809815950920244,171,0.0
CUST02104,2023-10-21,Social Media,19,Tier 2,10.0,9234.2,923.4200000000001,2024-05-09,2023-10-24,24.0,6.0,53.0,254,1.1952191235059761,254,18951.760000000002
CUST02105,2023-10-06,Organic Search,49,Tier 3,15.0,22313.4,1487.5600000000002,2024-06-30,2023-10-11,41.0,6.0,1.0,269,1.7045454545454546,269,49447.08
CUST02106,2023-10-01,Email,34,Tier 3,4.0,2618.33,654.5825,2024-04-10,2023-10-08,6.0,3.0,82.0,274,0.449438202247191,274,3980.38
CUST02107,2023-07-22,Organic Search,40,Tier 3,23.0,37944.11,1649.7439130434782,2024-06-27,2023-07-25,51.0,6.0,4.0,345,2.017543859649123,345,47858.28
CUST02108,2024-01-10,Organic Search,36,Tier 2,13.0,16593.48,1276.4215384615384,2024-06-17,2024-01-15,32.0,5.0,14.0,173,2.3214285714285716,173,12971.4
CUST02109,2023-12-19,Organic Search,35,Tier 1,1.0,626.1,626.1,2024-05-29,2024-05-29,3.0,1.0,33.0,195,0.9090909090909092,195,1814.48
CUST02110,2023-11-04,Email,48,Tier 3,40.0,138058.29,3451.4572500000004,2024-06-18,2023-11-11,110.0,6.0,13.0,240,5.150214592274678,240,216676.1
CUST02111,2023-11-11,Social Media,28,Tier 3,2.0,1724.3799999999999,862.1899999999999,2024-07-01,2024-03-06,6.0,2.0,0.0,233,0.5128205128205129,233,2333.91
CUST02112,2023-12-17,Organic Search,53,Tier 3,1.0,786.59,786.59,2024-02-11,2024-02-11,3.0,1.0,141.0,197,0.2127659574468085,197,521.23
CUST02113,2023-07-25,Organic Search,39,Tier 2,1.0,791.6,791.6,2023-10-06,2023-10-06,3.0,1.0,269.0,342,0.11152416356877323,342,0.0
CUST02114,2024-01-01,Referral,34,Tier 2,9.0,16758.37,1862.041111111111,2024-05-23,2024-01-18,17.0,6.0,39.0,182,1.6363636363636362,182,0.0
CUST02115,2023-09-23,Organic Search,24,Tier 1,13.0,10612.41,816.3392307692308,2024-06-30,2023-10-14,33.0,5.0,1.0,282,1.4942528735632183,282,11243.3
CUST02116,2023-08-24,Social Media,21,Tier 2,7.0,3450.27,492.8957142857143,2024-06-25,2023-11-07,17.0,4.0,6.0,312,0.8860759493670887,312,2912.1400000000003
CUST02117,2023-11-21,Organic Search,59,Tier 1,7.0,6949.12,992.7314285714285,2024-06-22,2023-12-09,18.0,4.0,9.0,223,1.024390243902439,223,20117.96
CUST02118,2023-10-03,Social Media,39,Tier 1,7.0,6958.99,994.1414285714285,2024-06-10,2023-11-05,22.0,4.0,21.0,272,0.8786610878661087,272,16091.56
CUST02119,2023-11-19,Paid Ads,31,Tier 2,4.0,2439.75,609.9375,2024-03-19,2023-11-26,8.0,2.0,104.0,225,0.5504587155963303,225,0.0
CUST02120,2023-12-14,Social Media,36,Tier 2,15.0,24483.35,1632.2233333333331,2024-06-10,2024-01-05,41.0,6.0,21.0,200,2.528089887640449,200,0.0
CUST02121,2023-12-03,Social Media,42,Tier 1,21.0,31701.71,1509.605238095238,2024-06-19,2023-12-27,65.0,6.0,12.0,211,3.3689839572192515,211,28767.33
CUST02122,2023-12-26,Paid Ads,45,Tier 3,8.0,9310.43,1163.80375,2024-06-26,2024-01-12,20.0,4.0,5.0,188,1.4035087719298245,188,4552.92
CUST02123,2023-10-27,Organic Search,22,Tier 3,45.0,135256.6,3005.702222222222,2024-06-25,2023-10-27,102.0,6.0,6.0,248,5.443548387096774,248,174498.31
CUST02124,2023-12-24,Social Media,40,Tier 2,13.0,13734.49,1056.4992307692307,2024-06-28,2024-01-06,35.0,5.0,3.0,190,2.2033898305084745,190,7648.0199999999995
CUST02125,2023-07-09,Email,42,Tier 2,64.0,197271.04,3082.36,2024-06-25,2023-07-19,176.0,6.0,6.0,358,5.517241379310345,358,184649.88
CUST02126,2024-01-02,Organic Search,58,Tier 3,6.0,7016.98,1169.4966666666667,2024-06-04,2024-01-06,11.0,4.0,27.0,181,1.0169491525423728,181,14228.01
CUST02127,2023-12-20,Organic Search,28,Tier 1,7.0,7747.53,1106.79,2024-06-21,2024-01-09,16.0,4.0,10.0,194,1.206896551724138,194,5829.49
CUST02128,2023-11-27,Social Media,20,Tier 2,3.0,1530.58,510.1933333333333,2024-06-01,2023-11-30,7.0,3.0,30.0,217,0.4205607476635514,217,2026.65
CUST02129,2023-12-07,Organic Search,58,Tier 1,10.0,15121.689999999999,1512.1689999999999,2024-06-22,2023-12-19,24.0,6.0,9.0,207,1.5384615384615383,207,33386.8
CUST02130,2024-01-13,Email,24,Tier 1,8.0,8375.52,1046.94,2024-06-02,2024-01-13,24.0,5.0,29.0,170,1.4117647058823528,170,3498.31
CUST02131,2024-01-13,Paid Ads,36,Tier 2,4.0,2695.24,673.81,2024-06-18,2024-01-14,9.0,3.0,13.0,170,0.7100591715976331,170,1242.13
CUST02132,2023-08-11,Social Media,35,Tier 2,3.0,1208.1599999999999,402.71999999999997,2024-01-04,2023-08-16,3.0,3.0,179.0,325,0.28125,325,1706.63
CUST02133,2023-08-22,Referral,56,Tier 1,7.0,6932.22,990.3171428571429,2024-06-01,2023-09-27,18.0,4.0,30.0,314,0.7553956834532374,314,6740.15
CUST02134,2024-01-03,Referral,41,Tier 1,6.0,6652.37,1108.7283333333332,2024-06-28,2024-01-20,15.0,3.0,3.0,180,1.1042944785276074,180,8517.22
CUST02135,2023-09-12,Organic Search,48,Tier 2,7.0,6234.7,890.6714285714286,2024-06-27,2023-10-31,21.0,5.0,4.0,293,0.8606557377049181,293,10063.49
CUST02136,2023-08-08,Social Media,39,Tier 2,22.0,36853.78,1675.171818181818,2024-05-05,2023-08-20,58.0,6.0,57.0,328,2.088607594936709,328,45734.4
CUST02137,2023-10-30,Organic Search,28,Tier 2,4.0,2153.57,538.3925,2024-05-28,2023-11-30,8.0,3.0,34.0,245,0.5607476635514018,245,1512.76
CUST02138,2023-07-15,Email,31,Tier 1,15.0,14414.44,960.9626666666667,2023-12-28,2023-07-19,33.0,6.0,186.0,352,1.293103448275862,352,0.0
CUST02139,2024-01-15,Paid Ads,30,Tier 2,1.0,420.08,420.08,2024-03-03,2024-03-03,2.0,1.0,120.0,168,0.25,168,2738.1000000000004
CUST02140,2023-12-04,Organic Search,27,Tier 1,13.0,26211.93,2016.3023076923077,2024-06-30,2024-01-09,29.0,5.0,1.0,210,2.241379310344828,210,40183.44
CUST02141,2023-10-31,Referral,22,Tier 1,17.0,29293.77,1723.1629411764707,2024-06-09,2023-11-10,42.0,6.0,22.0,244,2.1794871794871797,244,19574.489999999998
CUST02142,2023-10-19,Organic Search,57,Tier 2,6.0,6147.9,1024.6499999999999,2024-06-02,2023-10-30,13.0,4.0,29.0,256,0.7346938775510203,256,5586.15
CUST02143,2023-11-08,Email,42,Tier 2,10.0,8233.06,823.3059999999999,2024-06-06,2023-11-09,19.0,4.0,25.0,236,1.2765957446808511,236,0.0
CUST02144,2023-09-21,Social Media,52,Tier 1,6.0,3372.46,562.0766666666667,2024-06-19,2023-12-20,16.0,4.0,12.0,284,0.9278350515463918,284,3324.6
CUST02145,2023-07-10,Social Media,57,Tier 1,9.0,8216.53,912.9477777777779,2024-06-16,2023-10-31,20.0,5.0,15.0,357,1.1065573770491803,357,10607.43
CUST02146,2023-09-30,Organic Search,59,Tier 2,13.0,19935.61,1533.5084615384617,2024-06-05,2023-10-23,30.0,5.0,26.0,275,1.5476190476190474,275,46593.64
CUST02147,2023-07-29,Paid Ads,23,Tier 1,11.0,9534.22,866.7472727272726,2024-06-27,2023-08-07,36.0,5.0,4.0,338,1.0030395136778114,338,14862.279999999999
CUST02148,2023-08-04,Social Media,33,Tier 1,4.0,2516.04,629.01,2024-03-17,2023-10-11,11.0,2.0,106.0,332,0.4545454545454546,332,2619.33
CUST02149,2023-07-06,Paid Ads,22,Tier 1,18.0,15407.88,855.9933333333333,2024-05-27,2023-07-26,47.0,6.0,35.0,361,1.5835777126099708,361,0.0
CUST02150,2023-11-17,Paid Ads,57,Tier 1,24.0,39368.69,1640.3620833333334,2024-06-29,2023-11-17,65.0,6.0,2.0,227,3.1718061674008813,227,47309.13
CUST02151,2023-10-19,Organic Search,26,Tier 1,6.0,3048.98,508.16333333333336,2024-06-29,2023-11-27,12.0,4.0,2.0,256,0.8294930875576038,256,4135.7
CUST02152,2023-08-07,Paid Ads,42,Tier 3,2.0,1201.12,600.56,2023-11-16,2023-11-16,5.0,2.0,228.0,329,0.2631578947368421,329,3922.67
CUST02153,2023-09-15,Social Media,46,Tier 2,5.0,5219.4400000000005,1043.8880000000001,2024-06-01,2023-12-07,14.0,4.0,30.0,290,0.7246376811594203,290,14071.78
CUST02154,2023-10-01,Paid Ads,45,Tier 2,30.0,52236.96,1741.232,2024-06-18,2023-10-06,75.0,6.0,13.0,274,3.345724907063197,274,22748.39
CUST02155,2023-11-24,Email,19,Tier 2,3.0,1255.0,418.3333333333333,2024-03-29,2023-11-25,12.0,3.0,94.0,220,0.410958904109589,220,2261.0
CUST02156,2023-09-05,Paid Ads,52,Tier 2,4.0,2247.45,561.8625,2024-02-01,2023-09-22,6.0,3.0,151.0,300,0.42402826855123676,300,2548.27
CUST02157,2023-11-13,Paid Ads,35,Tier 3,5.0,3088.45,617.6899999999999,2024-06-17,2023-11-20,18.0,2.0,14.0,231,0.6696428571428572,231,0.0
CUST02158,2023-07-08,Organic Search,55,Tier 2,3.0,1129.6,376.5333333333333,2024-06-05,2023-08-05,8.0,2.0,26.0,359,0.2719033232628399,359,6316.91
CUST02159,2023-10-30,Organic Search,56,Tier 1,9.0,8795.04,977.2266666666668,2024-02-17,2023-11-14,27.0,6.0,135.0,245,1.173913043478261,245,7059.8099999999995
CUST02160,2023-09-22,Paid Ads,44,Tier 2,10.0,11072.44,1107.2440000000001,2024-06-19,2023-10-07,28.0,4.0,12.0,283,1.1194029850746268,283,5950.76
CUST02161,2023-12-22,Email,42,Tier 1,8.0,8053.06,1006.6325,2024-06-02,2024-02-24,18.0,4.0,29.0,192,1.875,192,1064.78
CUST02162,2023-11-09,Paid Ads,57,Tier 2,12.0,10013.72,834.4766666666666,2024-06-18,2023-11-22,28.0,6.0,13.0,235,1.6216216216216217,235,11860.42
CUST02163,2023-12-26,Paid Ads,39,Tier 2,1.0,411.66,411.66,2024-05-21,2024-05-21,2.0,1.0,41.0,188,0.7317073170731707,188,1225.93
CUST02164,2023-09-23,Paid Ads,48,Tier 3,14.0,25738.42,1838.4585714285713,2024-06-07,2023-09-28,33.0,6.0,24.0,282,1.5162454873646207,282,53259.130000000005
CUST02165,2024-01-11,Organic Search,31,Tier 2,6.0,6324.11,1054.0183333333332,2024-04-30,2024-01-15,15.0,4.0,62.0,172,1.0714285714285714,172,11689.25
CUST02166,2023-08-14,Referral,55,Tier 1,39.0,132028.45,3385.3448717948722,2024-06-09,2023-08-24,96.0,6.0,22.0,322,3.75,322,160980.45
CUST02167,2023-11-13,Paid Ads,21,Tier 1,9.0,7152.22,794.6911111111111,2024-06-05,2023-11-13,26.0,6.0,26.0,231,1.1688311688311688,231,0.0
CUST02168,2023-09-25,Organic Search,50,Tier 1,4.0,2523.44,630.86,2024-05-19,2023-11-06,14.0,4.0,43.0,280,0.5042016806722689,280,804.44
CUST02169,2023-07-16,Organic Search,53,Tier 1,16.0,15943.86,996.49125,2024-06-18,2023-08-22,45.0,5.0,13.0,351,1.5286624203821657,351,5256.15
CUST02170,2023-09-15,Referral,37,Tier 1,2.0,934.3299999999999,467.16499999999996,2024-03-18,2024-03-06,6.0,2.0,105.0,290,0.5128205128205129,290,3451.19
CUST02171,2024-01-11,Organic Search,32,Tier 1,3.0,3525.54,1175.18,2024-07-01,2024-03-06,8.0,2.0,0.0,172,0.7692307692307692,172,18717.55
CUST02172,2023-07-09,Social Media,40,Tier 1,5.0,3901.85,780.37,2024-06-28,2023-10-02,9.0,4.0,3.0,358,0.5494505494505495,358,2418.74
CUST02173,2023-08-29,Organic Search,35,Tier 3,7.0,3673.58,524.7971428571428,2024-06-29,2023-09-17,18.0,5.0,2.0,307,0.7291666666666666,307,3388.7200000000003
CUST02174,2023-09-16,Referral,22,Tier 1,21.0,33864.05,1612.5738095238096,2024-05-22,2023-09-18,49.0,6.0,40.0,289,2.195121951219512,289,50414.3
CUST02175,2023-09-15,Social Media,58,Tier 1,4.0,3120.37,780.0925,2024-06-08,2023-10-25,8.0,3.0,23.0,290,0.48,290,442.0
CUST02176,2023-09-09,Email,37,Tier 1,32.0,50402.93,1575.0915625,2024-06-08,2023-09-16,91.0,6.0,23.0,296,3.3217993079584778,296,71508.77
CUST02177,2023-07-15,Organic Search,55,Tier 2,6.0,2926.77,487.795,2024-05-07,2023-07-25,19.0,4.0,55.0,352,0.5263157894736842,352,2114.81
CUST02178,2023-09-09,Organic Search,20,Tier 1,8.0,7925.58,990.6975,2024-05-26,2023-10-20,18.0,5.0,36.0,296,0.9411764705882353,296,0.0
CUST02179,2023-10-10,Paid Ads,33,Tier 2,10.0,8227.36,822.7360000000001,2024-06-22,2023-10-17,26.0,6.0,9.0,265,1.1627906976744187,265,10116.93
CUST02180,2023-12-16,Paid Ads,20,Tier 1,6.0,5046.84,841.14,2024-06-29,2024-01-18,14.0,5.0,2.0,198,1.0909090909090908,198,17176.25
CUST02181,2023-07-22,Organic Search,29,Tier 2,1.0,530.65,530.65,2024-04-09,2024-04-09,4.0,1.0,83.0,345,0.3614457831325301,345,1939.7400000000002
CUST02182,2023-11-29,Organic Search,41,Tier 3,4.0,2278.1,569.525,2024-06-28,2024-02-14,14.0,4.0,3.0,215,0.8695652173913043,215,2414.29
CUST02183,2023-10-21,Email,28,Tier 1,3.0,860.7,286.90000000000003,2024-06-14,2024-02-22,6.0,3.0,17.0,254,0.6923076923076923,254,2296.54
CUST02184,2023-12-19,Paid Ads,21,Tier 1,0.0,0.0,0.0,,,0.0,0.0,360.0,195,0.0,195,2961.62
CUST02185,2023-07-01,Organic Search,23,Tier 2,14.0,12283.38,877.3842857142856,2024-05-19,2023-08-21,40.0,6.0,43.0,366,1.3333333333333335,366,9590.19
CUST02186,2023-07-10,Organic Search,21,Tier 2,21.0,32638.16,1554.1980952380952,2024-06-23,2023-07-25,60.0,6.0,8.0,357,1.8421052631578947,357,61463.61
CUST02187,2023-10-18,Referral,56,Tier 2,25.0,35239.1,1409.5639999999999,2024-05-29,2023-10-20,67.0,6.0,33.0,257,2.941176470588235,257,43641.49
CUST02188,2024-01-16,Paid Ads,31,Tier 2,14.0,26186.01,1870.4292857142857,2024-05-30,2024-01-17,45.0,5.0,32.0,167,2.5301204819277108,167,34693.65
CUST02189,2023-12-31,Social Media,37,Tier 2,21.0,33611.24,1600.535238095238,2024-06-18,2024-01-05,53.0,6.0,13.0,183,3.539325842696629,183,43386.479999999996
CUST02190,2023-10-21,Paid Ads,58,Tier 2,3.0,3301.69,1100.5633333333333,2024-01-21,2023-11-12,7.0,3.0,162.0,254,0.3879310344827586,254,8824.85
CUST02191,2023-08-19,Organic Search,53,Tier 1,4.0,1547.7,386.925,2024-07-01,2023-10-18,10.0,3.0,0.0,317,0.4669260700389105,317,641.26
CUST02192,2023-07-12,Paid Ads,42,Tier 1,25.0,42246.7,1689.868,2024-07-01,2023-07-20,69.0,6.0,0.0,355,2.161383285302594,355,40688.25
CUST02193,2023-09-27,Paid Ads,42,Tier 2,10.0,9553.39,955.3389999999999,2024-06-23,2023-10-20,26.0,6.0,8.0,278,1.1764705882352942,278,12561.82
CUST02194,2024-01-04,Social Media,35,Tier 3,8.0,6596.73,824.59125,2024-06-28,2024-01-10,22.0,5.0,3.0,179,1.3872832369942196,179,17153.43
CUST02195,2023-12-01,Email,58,Tier 3,1.0,372.78,372.78,2024-01-26,2024-01-26,3.0,1.0,157.0,213,0.1910828025477707,213,2140.51
CUST02196,2023-10-20,Organic Search,28,Tier 3,7.0,5582.9400000000005,797.5628571428572,2024-06-04,2023-10-26,16.0,4.0,27.0,255,0.8433734939759036,255,21035.54
CUST02197,2023-09-16,Referral,20,Tier 2,15.0,13269.09,884.606,2024-06-23,2023-09-18,35.0,6.0,8.0,289,1.5679442508710801,289,9405.57
CUST02198,2023-12-16,Paid Ads,41,Tier 2,16.0,23348.76,1459.2975,2024-06-27,2023-12-20,45.0,5.0,4.0,198,2.4742268041237114,198,38843.63
CUST02199,2023-12-11,Referral,24,Tier 2,10.0,8462.55,846.2549999999999,2024-04-27,2024-01-31,29.0,4.0,65.0,203,1.9736842105263157,203,15090.93
CUST02200,2023-10-29,Referral,20,Tier 1,2.0,1318.69,659.345,2024-05-03,2023-11-02,7.0,2.0,59.0,246,0.24793388429752067,246,1359.0700000000002
CUST02201,2023-07-23,Organic Search,39,Tier 2,50.0,164726.22,3294.5244000000002,2024-06-30,2023-08-04,120.0,6.0,1.0,344,4.518072289156627,344,103979.19
CUST02202,2023-12-18,Paid Ads,53,Tier 1,2.0,1257.8899999999999,628.9449999999999,2024-03-29,2024-01-02,5.0,2.0,94.0,196,0.3314917127071823,196,1694.29
CUST02203,2023-11-11,Paid Ads,47,Tier 1,13.0,10734.91,825.7623076923077,2024-06-28,2023-11-11,30.0,5.0,3.0,233,1.6738197424892705,233,11288.41
CUST02204,2024-01-13,Email,25,Tier 2,3.0,2091.3199999999997,697.1066666666666,2024-05-31,2024-02-07,7.0,1.0,31.0,170,0.6206896551724138,170,0.0
CUST02205,2023-12-18,Paid Ads,47,Tier 2,4.0,4004.02,1001.005,2024-06-12,2024-01-24,11.0,2.0,19.0,196,0.7547169811320755,196,12596.03
CUST02206,2023-07-25,Referral,55,Tier 1,29.0,43975.87,1516.4093103448276,2024-07-01,2023-09-16,74.0,6.0,0.0,342,3.01038062283737,342,42530.86
CUST02207,2023-07-18,Social Media,41,Tier 1,8.0,4403.01,550.37625,2024-06-17,2023-11-20,16.0,5.0,14.0,349,1.0714285714285714,349,150.0
CUST02208,2024-01-06,Organic Search,51,Tier 3,15.0,25414.44,1694.2959999999998,2024-06-29,2024-01-11,41.0,5.0,2.0,177,2.616279069767442,177,42438.56
CUST02209,2023-11-18,Organic Search,26,Tier 2,2.0,897.0,448.5,2024-06-30,2024-06-12,7.0,2.0,1.0,226,3.1578947368421053,226,3018.2799999999997
CUST02210,2023-08-12,Email,30,Tier 2,27.0,44869.44,1661.831111111111,2024-07-01,2023-08-13,76.0,6.0,0.0,324,2.507739938080495,324,39271.2
CUST02211,2023-09-16,Organic Search,28,Tier 1,16.0,27538.95,1721.184375,2024-06-28,2023-09-22,38.0,6.0,3.0,289,1.696113074204947,289,54626.41
CUST02212,2023-07-28,Social Media,33,Tier 1,16.0,24388.22,1524.26375,2024-02-13,2023-08-05,40.0,6.0,139.0,339,1.4501510574018126,339,0.0
CUST02213,2023-11-23,Paid Ads,42,Tier 1,2.0,909.51,454.755,2024-04-18,2024-02-24,4.0,2.0,74.0,221,0.46875,221,0.0
CUST02214,2023-08-28,Paid Ads,44,Tier 2,51.0,160395.52,3145.0101960784314,2024-06-30,2023-08-30,137.0,6.0,1.0,308,5.0,308,106072.28
CUST02215,2024-01-04,Organic Search,57,Tier 2,5.0,3876.5099999999998,775.3019999999999,2024-06-09,2024-02-07,8.0,2.0,22.0,179,1.0344827586206897,179,1848.66
CUST02216,2023-09-01,Social Media,21,Tier 1,4.0,2267.25,566.8125,2024-06-25,2023-10-14,9.0,2.0,6.0,304,0.45977011494252873,304,3666.98
CUST02217,2024-01-01,Organic Search,20,Tier 1,15.0,22352.09,1490.1393333333333,2024-06-06,2024-01-14,38.0,6.0,25.0,182,2.662721893491124,182,24758.42
CUST02218,2023-09-30,Social Media,24,Tier 1,4.0,2233.8100000000004,558.4525000000001,2024-06-02,2023-11-01,13.0,3.0,29.0,275,0.4938271604938272,275,3092.93
CUST02219,2023-12-26,Paid Ads,39,Tier 2,18.0,27028.27,1501.5705555555555,2024-07-01,2024-01-02,45.0,6.0,0.0,188,2.983425414364641,188,37677.7
CUST02220,2023-08-25,Social Media,27,Tier 1,1.0,685.87,685.87,2023-08-26,2023-08-26,2.0,1.0,310.0,311,0.0967741935483871,311,1602.38
CUST02221,2023-12-02,Email,28,Tier 2,9.0,8313.35,923.7055555555556,2024-06-30,2023-12-02,22.0,3.0,1.0,212,1.2735849056603772,212,13551.94
CUST02222,2023-12-07,Organic Search,54,Tier 2,4.0,2848.5699999999997,712.1424999999999,2024-04-04,2023-12-20,12.0,2.0,88.0,207,0.6185567010309279,207,11364.36
CUST02223,2023-10-19,Social Media,21,Tier 3,1.0,516.24,516.24,2023-10-21,2023-10-21,3.0,1.0,254.0,256,0.11811023622047244,256,5193.25
CUST02224,2023-11-14,Organic Search,59,Tier 2,1.0,920.13,920.13,2024-05-19,2024-05-19,3.0,1.0,43.0,230,0.6976744186046512,230,0.0
CUST02225,2023-09-06,Paid Ads,42,Tier 1,4.0,2443.41,610.8525,2024-03-22,2023-12-07,11.0,2.0,101.0,299,0.5797101449275363,299,1049.71
CUST02226,2023-08-15,Organic Search,40,Tier 2,17.0,16115.61,947.9770588235294,2024-04-24,2023-08-19,39.0,6.0,68.0,321,1.608832807570978,321,11255.84
CUST02227,2023-09-05,Social Media,32,Tier 2,5.0,2859.36,571.8720000000001,2024-06-19,2023-09-22,14.0,5.0,12.0,300,0.5300353356890459,300,2098.9700000000003
CUST02228,2023-12-01,Referral,45,Tier 1,8.0,7565.950000000001,945.7437500000001,2024-05-26,2023-12-06,21.0,5.0,36.0,213,1.153846153846154,213,15776.93
CUST02229,2023-11-13,Email,51,Tier 2,3.0,1910.83,636.9433333333333,2024-02-14,2023-11-26,11.0,3.0,138.0,231,0.41284403669724773,231,1800.93
CUST02230,2023-07-06,Paid Ads,40,Tier 3,2.0,827.9300000000001,413.96500000000003,2024-03-10,2023-12-27,3.0,2.0,113.0,361,0.32085561497326204,361,853.28
CUST02231,2023-07-24,Social Media,47,Tier 1,15.0,14244.24,949.616,2024-03-30,2023-08-19,46.0,5.0,93.0,343,1.419558359621451,343,12792.31
CUST02232,2023-12-23,Organic Search,37,Tier 2,2.0,829.27,414.635,2024-05-30,2024-03-15,4.0,2.0,32.0,191,0.5555555555555556,191,2125.13
CUST02233,2023-10-02,Referral,37,Tier 3,22.0,38966.88,1771.221818181818,2024-05-27,2023-10-04,55.0,6.0,35.0,273,2.4354243542435423,273,0.0
CUST02234,2023-12-20,Organic Search,24,Tier 2,11.0,20246.87,1840.6245454545453,2024-07-01,2024-02-17,26.0,5.0,0.0,194,2.4444444444444446,194,45733.71
CUST02235,2023-07-13,Referral,37,Tier 2,6.0,6182.49,1030.415,2024-06-27,2023-09-20,16.0,2.0,4.0,354,0.631578947368421,354,19372.73
CUST02236,2024-01-13,Social Media,31,Tier 1,12.0,10762.57,896.8808333333333,2024-06-17,2024-02-06,28.0,5.0,14.0,170,2.4657534246575343,170,7264.84
CUST02237,2023-07-25,Social Media,44,Tier 1,33.0,51741.08,1567.9115151515152,2024-06-13,2023-08-03,76.0,6.0,18.0,342,2.972972972972973,342,12677.76
CUST02238,2023-11-25,Email,40,Tier 2,1.0,595.47,595.47,2024-06-08,2024-06-08,3.0,1.0,23.0,219,1.3043478260869565,219,2550.41
CUST02239,2023-10-26,Paid Ads,39,Tier 2,4.0,1706.48,426.62,2024-05-29,2023-10-29,7.0,3.0,33.0,249,0.48780487804878053,249,1858.3400000000001
CUST02240,2023-09-20,Email,54,Tier 3,6.0,3288.96,548.16,2024-06-21,2023-12-30,14.0,4.0,10.0,285,0.9782608695652174,285,2922.43
CUST02241,2023-10-19,Organic Search,20,Tier 1,17.0,28806.579999999998,1694.504705882353,2024-06-03,2023-11-07,36.0,6.0,28.0,256,2.151898734177215,256,46795.49
CUST02242,2023-09-20,Email,48,Tier 2,5.0,3376.2,675.24,2024-05-09,2024-03-31,9.0,5.0,53.0,285,1.6304347826086956,285,3849.66
CUST02243,2023-09-04,Email,45,Tier 1,8.0,6725.400000000001,840.6750000000001,2024-06-12,2023-10-02,19.0,4.0,19.0,301,0.8791208791208791,301,0.0
CUST02244,2023-08-14,Social Media,25,Tier 1,46.0,142864.6,3105.7521739130434,2024-05-20,2023-08-15,123.0,6.0,42.0,322,4.299065420560748,322,0.0
CUST02245,2023-10-22,Paid Ads,38,Tier 1,20.0,33712.29,1685.6145000000001,2024-04-13,2023-10-24,51.0,6.0,79.0,253,2.3904382470119523,253,0.0
CUST02246,2023-12-22,Organic Search,49,Tier 1,3.0,3955.5299999999997,1318.51,2024-06-05,2024-01-15,10.0,3.0,26.0,192,0.5357142857142857,192,11179.97
CUST02247,2023-09-01,Paid Ads,41,Tier 1,9.0,5410.73,601.1922222222222,2024-06-29,2023-09-26,22.0,5.0,2.0,304,0.967741935483871,304,2049.23
CUST02248,2023-09-14,Email,31,Tier 1,15.0,27467.41,1831.1606666666667,2024-04-30,2023-09-18,37.0,5.0,62.0,291,1.5679442508710801,291,41018.6
CUST02249,2023-10-22,Organic Search,35,Tier 1,8.0,7301.1,912.6375,2024-06-12,2024-01-08,21.0,4.0,19.0,253,1.3714285714285714,253,17117.71
CUST02250,2023-10-19,Organic Search,22,Tier 3,4.0,2363.0699999999997,590.7674999999999,2024-06-23,2023-11-30,11.0,4.0,8.0,256,0.5607476635514018,256,1417.0
CUST02251,2023-12-30,Social Media,32,Tier 2,5.0,2909.71,581.942,2024-06-29,2024-02-06,14.0,3.0,2.0,184,1.0273972602739725,184,1450.5700000000002
CUST02252,2023-11-24,Email,38,Tier 1,13.0,20390.05,1568.4653846153847,2024-06-28,2023-12-26,31.0,6.0,3.0,220,2.0744680851063833,220,29207.4
CUST02253,2023-08-04,Paid Ads,31,Tier 3,12.0,10656.32,888.0266666666666,2024-06-25,2023-08-04,24.0,6.0,6.0,332,1.0843373493975903,332,9581.3
CUST02254,2023-08-22,Paid Ads,21,Tier 2,22.0,35537.47,1615.3395454545455,2024-06-29,2023-09-03,50.0,6.0,2.0,314,2.185430463576159,314,62137.76
CUST02255,2023-07-26,Social Media,44,Tier 3,30.0,50237.88,1674.596,2024-06-06,2023-08-07,76.0,6.0,25.0,341,2.735562310030395,341,44110.76
CUST02256,2023-07-14,Organic Search,44,Tier 1,17.0,14429.09,848.77,2024-06-22,2023-08-18,48.0,6.0,9.0,353,1.6037735849056605,353,14251.710000000001
CUST02257,2023-10-26,Social Media,36,Tier 2,10.0,9203.59,920.359,2024-06-15,2023-12-09,22.0,6.0,16.0,249,1.4634146341463414,249,11019.54
CUST02258,2023-08-14,Organic Search,50,Tier 3,10.0,9834.77,983.4770000000001,2024-06-10,2023-08-16,24.0,5.0,21.0,322,0.9375,322,7820.54
CUST02259,2023-12-19,Social Media,32,Tier 1,6.0,2903.8,483.9666666666667,2024-06-09,2023-12-21,13.0,4.0,22.0,195,0.9326424870466321,195,2394.62
CUST02260,2024-01-09,Paid Ads,21,Tier 3,7.0,7294.959999999999,1042.1371428571426,2024-04-22,2024-01-14,17.0,5.0,70.0,174,1.2426035502958581,174,13844.86
CUST02261,2023-08-20,Paid Ads,19,Tier 3,20.0,32246.12,1612.306,2024-06-11,2023-08-25,48.0,6.0,20.0,316,1.9292604501607715,316,24174.98
CUST02262,2023-12-18,Email,44,Tier 3,6.0,5474.95,912.4916666666667,2024-06-20,2023-12-30,14.0,4.0,11.0,196,0.9782608695652174,196,6758.58
CUST02263,2023-10-27,Email,42,Tier 1,17.0,29015.94,1706.82,2024-06-29,2023-12-02,37.0,5.0,2.0,248,2.4056603773584904,248,25393.739999999998
CUST02264,2023-11-28,Organic Search,53,Tier 1,10.0,8339.27,833.927,2024-06-25,2023-11-29,24.0,5.0,6.0,216,1.3953488372093024,216,4101.53
CUST02265,2023-12-31,Social Media,32,Tier 1,6.0,5346.12,891.02,2024-06-24,2023-12-31,15.0,3.0,7.0,183,0.9836065573770493,183,12140.269999999999
CUST02266,2023-07-19,Organic Search,21,Tier 3,23.0,20382.41,886.1917391304348,2024-06-30,2023-08-21,64.0,6.0,1.0,348,2.1904761904761907,348,8874.12
CUST02267,2023-09-20,Referral,31,Tier 1,9.0,8227.3,914.1444444444444,2024-06-09,2023-10-03,22.0,4.0,22.0,285,0.9926470588235294,285,12310.58
CUST02268,2023-09-14,Social Media,32,Tier 2,14.0,13618.15,972.725,2024-06-26,2023-09-24,34.0,5.0,5.0,291,1.4946619217081851,291,12987.27
CUST02269,2023-12-30,Paid Ads,39,Tier 1,4.0,1387.32,346.83,2024-05-15,2024-01-18,11.0,2.0,47.0,184,0.7272727272727273,184,1995.29
CUST02270,2023-09-30,Social Media,44,Tier 1,9.0,6845.48,760.6088888888888,2024-06-25,2023-11-26,19.0,5.0,6.0,275,1.2385321100917432,275,8083.51
CUST02271,2024-01-04,Paid Ads,21,Tier 1,3.0,1593.41,531.1366666666667,2024-05-10,2024-03-12,6.0,3.0,52.0,179,0.8108108108108109,179,2491.8599999999997
CUST02272,2024-01-03,Organic Search,58,Tier 2,1.0,180.86,180.86,2024-04-18,2024-04-18,2.0,1.0,74.0,180,0.40540540540540543,180,1468.52
CUST02273,2023-08-02,Referral,22,Tier 3,17.0,16001.34,941.255294117647,2024-06-04,2023-08-18,34.0,6.0,27.0,334,1.6037735849056605,334,4720.35
CUST02274,2023-11-24,Email,54,Tier 1,9.0,8767.1,974.1222222222223,2024-05-14,2023-12-18,22.0,4.0,48.0,220,1.3775510204081634,220,15002.17
CUST02275,2023-07-28,Paid Ads,19,Tier 3,56.0,196522.06,3509.3224999999998,2024-06-14,2023-07-31,137.0,6.0,17.0,339,5.0,339,136415.17
CUST02276,2023-10-31,Paid Ads,58,Tier 2,7.0,5385.21,769.3157142857143,2024-04-14,2023-11-02,18.0,3.0,78.0,244,0.8677685950413223,244,14462.25
CUST02277,2023-12-27,Paid Ads,51,Tier 2,2.0,1643.83,821.915,2024-03-01,2024-02-27,4.0,2.0,122.0,187,0.48,187,9810.62
CUST02278,2023-11-03,Referral,25,Tier 2,7.0,6660.78,951.54,2024-06-13,2023-12-24,20.0,4.0,18.0,241,1.1052631578947367,241,10885.58
CUST02279,2023-12-24,Organic Search,29,Tier 1,8.0,5900.81,737.60125,2024-06-19,2024-01-14,22.0,6.0,12.0,190,1.4201183431952662,190,2420.21
CUST02280,2023-08-06,Paid Ads,45,Tier 1,2.0,968.78,484.39,2024-04-27,2024-03-22,3.0,2.0,65.0,330,0.594059405940594,330,3143.19
CUST02281,2023-12-01,Paid Ads,32,Tier 2,10.0,4789.48,478.948,2024-06-25,2024-01-21,27.0,6.0,6.0,213,1.8518518518518516,213,2073.2799999999997
CUST02282,2023-10-07,Paid Ads,40,Tier 1,7.0,3388.18,484.0257142857143,2024-04-15,2023-10-26,17.0,4.0,77.0,268,0.8433734939759036,268,763.97
CUST02283,2023-10-06,Paid Ads,34,Tier 2,7.0,5610.5199999999995,801.5028571428571,2024-04-26,2023-10-15,18.0,4.0,66.0,269,0.8076923076923077,269,3595.41
CUST02284,2023-11-04,Organic Search,30,Tier 1,4.0,2350.2200000000003,587.5550000000001,2024-03-30,2024-01-28,7.0,3.0,93.0,240,0.7741935483870968,240,2975.71
CUST02285,2023-12-15,Organic Search,28,Tier 2,4.0,1975.66,493.915,2024-06-23,2023-12-15,7.0,4.0,8.0,199,0.6030150753768845,199,3886.13
CUST02286,2023-09-18,Organic Search,42,Tier 1,1.0,574.24,574.24,2023-11-19,2023-11-19,2.0,1.0,225.0,287,0.13333333333333333,287,406.41
CUST02287,2023-08-07,Referral,36,Tier 2,56.0,171800.7,3067.869642857143,2024-06-29,2023-08-09,150.0,6.0,2.0,329,5.137614678899082,329,194376.42
CUST02288,2023-09-15,Organic Search,40,Tier 1,5.0,2776.8500000000004,555.3700000000001,2024-04-26,2023-12-28,12.0,4.0,66.0,290,0.8064516129032259,290,1057.39
CUST02289,2023-11-03,Social Media,27,Tier 3,10.0,10201.65,1020.165,2024-05-27,2023-12-22,21.0,4.0,35.0,241,1.5625,241,2541.38
CUST02290,2023-09-25,Social Media,35,Tier 1,4.0,2299.0,574.75,2024-05-08,2023-10-12,6.0,3.0,54.0,280,0.45627376425855515,280,2641.0
CUST02291,2023-08-23,Social Media,56,Tier 2,8.0,8818.05,1102.25625,2024-05-21,2023-11-24,21.0,4.0,41.0,313,1.0909090909090908,313,8375.3
CUST02292,2023-11-27,Social Media,58,Tier 2,0.0,0.0,0.0,,,0.0,0.0,360.0,217,0.0,217,2138.15
CUST02293,2023-07-16,Organic Search,31,Tier 2,4.0,2677.91,669.4775,2024-05-01,2023-08-02,7.0,3.0,61.0,351,0.3592814371257485,351,1521.83
CUST02294,2023-07-28,Organic Search,55,Tier 1,12.0,12176.86,1014.7383333333333,2024-06-11,2023-08-21,24.0,6.0,20.0,339,1.142857142857143,339,8910.81
CUST02295,2023-12-10,Paid Ads,24,Tier 2,5.0,2857.01,571.402,2024-06-18,2023-12-18,11.0,3.0,13.0,204,0.7653061224489797,204,1995.1100000000001
CUST02296,2024-01-04,Organic Search,39,Tier 1,1.0,707.13,707.13,2024-04-03,2024-04-03,3.0,1.0,89.0,179,0.33707865168539325,179,2058.84
CUST02297,2023-12-20,Social Media,54,Tier 1,1.0,538.74,538.74,2024-03-07,2024-03-07,2.0,1.0,116.0,194,0.25862068965517243,194,3674.81
CUST02298,2023-08-15,Email,25,Tier 2,1.0,338.1,338.1,2024-05-27,2024-05-27,3.0,1.0,35.0,321,0.8571428571428571,321,1756.99
CUST02299,2023-09-10,Social Media,54,Tier 2,2.0,672.5699999999999,336.28499999999997,2023-11-27,2023-10-02,4.0,2.0,217.0,295,0.21978021978021978,295,2628.71
CUST02300,2023-12-30,Organic Search,43,Tier 2,3.0,1387.48,462.49333333333334,2024-05-06,2024-01-05,4.0,2.0,56.0,184,0.5056179775280899,184,2720.95
CUST02301,2023-09-23,Referral,29,Tier 3,18.0,29735.8,1651.9888888888888,2024-03-19,2023-10-18,38.0,6.0,104.0,282,2.1011673151750974,282,0.0
CUST02302,2023-07-26,Organic Search,32,Tier 1,8.0,8967.59,1120.94875,2024-05-19,2023-08-18,18.0,5.0,43.0,341,0.7547169811320755,341,18190.45
CUST02303,2023-09-23,Paid Ads,47,Tier 3,10.0,9312.88,931.2879999999999,2024-06-05,2023-10-08,31.0,4.0,26.0,282,1.1235955056179776,282,10736.27
CUST02304,2023-11-30,Paid Ads,28,Tier 1,3.0,1948.31,649.4366666666666,2024-06-18,2024-01-04,5.0,3.0,13.0,214,0.5027932960893855,214,3973.24
CUST02305,2023-09-03,Social Media,23,Tier 2,15.0,23635.16,1575.6773333333333,2024-06-30,2023-09-29,40.0,5.0,1.0,302,1.6304347826086956,302,41183.8
CUST02306,2023-11-11,Paid Ads,26,Tier 2,1.0,532.07,532.07,2024-01-30,2024-01-30,2.0,1.0,153.0,233,0.19607843137254902,233,1265.5500000000002
CUST02307,2023-11-28,Referral,23,Tier 2,1.0,796.38,796.38,2024-01-06,2024-01-06,1.0,1.0,177.0,216,0.1694915254237288,216,3991.52
CUST02308,2023-10-23,Referral,42,Tier 1,7.0,6601.48,943.0685714285713,2024-06-23,2023-11-08,18.0,5.0,8.0,252,0.8898305084745763,252,5996.66
CUST02309,2023-09-02,Social Media,58,Tier 2,5.0,2827.21,565.442,2024-01-17,2023-09-02,14.0,4.0,166.0,303,0.495049504950495,303,2896.6099999999997
CUST02310,2023-09-25,Organic Search,44,Tier 1,5.0,3450.37,690.074,2024-06-07,2023-10-03,11.0,4.0,24.0,280,0.5514705882352942,280,1894.4699999999998
CUST02311,2023-12-18,Social Media,24,Tier 1,6.0,3494.45,582.4083333333333,2024-05-27,2024-03-17,10.0,3.0,35.0,196,1.6981132075471699,196,15963.85
CUST02312,2023-10-15,Social Media,34,Tier 1,29.0,47617.03,1641.9665517241378,2024-06-23,2023-10-27,57.0,6.0,8.0,260,3.508064516129032,260,16882.02
CUST02313,2023-11-28,Organic Search,54,Tier 2,9.0,8340.72,926.7466666666666,2024-05-31,2023-12-18,29.0,3.0,31.0,216,1.3775510204081634,216,0.0
CUST02314,2023-10-04,Organic Search,30,Tier 1,8.0,7422.799999999999,927.8499999999999,2024-06-19,2023-10-12,18.0,4.0,12.0,271,0.9125475285171103,271,3708.54
CUST02315,2023-12-05,Organic Search,29,Tier 1,29.0,102480.83,3533.821724137931,2024-07-01,2023-12-06,59.0,6.0,0.0,209,4.1826923076923075,209,156761.29
CUST02316,2023-09-15,Organic Search,21,Tier 1,1.0,562.69,562.69,2024-06-08,2024-06-08,1.0,1.0,23.0,290,1.3043478260869565,290,465.73
CUST02317,2023-11-23,Paid Ads,55,Tier 1,2.0,964.74,482.37,2024-05-19,2024-05-10,4.0,2.0,43.0,221,1.153846153846154,221,2253.12
CUST02318,2023-09-25,Referral,24,Tier 3,3.0,2055.11,685.0366666666667,2024-05-30,2024-02-28,6.0,2.0,32.0,280,0.7258064516129032,280,2409.25
CUST02319,2023-11-26,Paid Ads,37,Tier 3,11.0,11305.22,1027.7472727272727,2024-06-27,2024-01-08,30.0,5.0,4.0,218,1.885714285714286,218,17622.27
CUST02320,2023-08-26,Paid Ads,36,Tier 1,13.0,12498.46,961.42,2024-05-11,2023-08-27,34.0,5.0,51.0,310,1.262135922330097,310,12146.87
CUST02321,2023-10-11,Referral,34,Tier 2,23.0,40344.67,1754.1160869565217,2024-06-28,2023-11-05,65.0,6.0,3.0,264,2.8870292887029287,264,48104.22
CUST02322,2023-11-28,Organic Search,41,Tier 2,12.0,13272.59,1106.0491666666667,2024-06-03,2023-12-28,31.0,5.0,28.0,216,1.935483870967742,216,16299.35
CUST02323,2023-09-29,Social Media,55,Tier 2,4.0,4440.17,1110.0425,2024-04-18,2023-10-26,10.0,2.0,74.0,276,0.48192771084337344,276,0.0
CUST02324,2023-08-14,Paid Ads,27,Tier 2,1.0,617.02,617.02,2024-06-15,2024-06-15,1.0,1.0,16.0,322,1.875,322,1169.53
CUST02325,2023-12-19,Email,21,Tier 1,19.0,31477.94,1656.7336842105262,2024-06-22,2023-12-22,47.0,6.0,9.0,195,2.96875,195,37621.93
CUST02326,2023-09-26,Paid Ads,26,Tier 2,50.0,163717.01,3274.3402,2024-06-24,2023-10-02,123.0,6.0,7.0,279,5.4945054945054945,279,209440.94999999998
CUST02327,2023-10-23,Email,56,Tier 1,16.0,29859.02,1866.18875,2024-06-28,2023-12-25,39.0,6.0,3.0,252,2.5396825396825395,252,43176.07
CUST02328,2023-08-16,Organic Search,22,Tier 1,4.0,2083.57,520.8925,2024-06-25,2023-10-28,13.0,3.0,6.0,320,0.4858299595141701,320,399.16
CUST02329,2023-12-15,Social Media,30,Tier 2,1.0,150.0,150.0,2023-12-17,2023-12-17,4.0,1.0,197.0,199,0.15228426395939085,199,15550.52
CUST02330,2023-12-26,Organic Search,49,Tier 2,2.0,586.01,293.005,2024-05-16,2024-02-23,3.0,2.0,46.0,188,0.46511627906976744,188,2838.43
CUST02331,2023-12-17,Social Media,43,Tier 1,8.0,4236.6900000000005,529.5862500000001,2024-06-29,2024-01-06,18.0,5.0,2.0,197,1.3559322033898304,197,2554.01
CUST02332,2023-11-12,Paid Ads,34,Tier 2,2.0,880.23,440.115,2023-12-12,2023-12-08,8.0,2.0,202.0,232,0.2912621359223301,232,1106.1100000000001
CUST02333,2023-08-19,Organic Search,32,Tier 2,15.0,14742.98,982.8653333333333,2024-05-26,2023-09-10,32.0,6.0,36.0,317,1.5254237288135595,317,9319.08
CUST02334,2023-12-23,Email,31,Tier 3,3.0,2553.9900000000002,851.33,2024-05-26,2024-03-11,7.0,2.0,36.0,191,0.8035714285714285,191,14958.95
CUST02335,2023-09-22,Organic Search,59,Tier 2,3.0,1719.75,573.25,2024-06-29,2024-02-03,5.0,2.0,2.0,283,0.6040268456375839,283,3918.99
CUST02336,2023-09-29,Social Media,25,Tier 2,1.0,684.77,684.77,2024-01-16,2024-01-16,4.0,1.0,167.0,276,0.17964071856287425,276,0.0
CUST02337,2023-11-11,Referral,30,Tier 2,14.0,12950.43,925.0307142857143,2024-06-27,2023-12-23,33.0,6.0,4.0,233,2.1989528795811517,233,11022.82
CUST02338,2023-09-29,Social Media,55,Tier 1,3.0,1486.04,495.34666666666664,2024-05-07,2023-10-05,9.0,1.0,55.0,276,0.33333333333333337,276,2899.06
CUST02339,2023-11-14,Organic Search,22,Tier 1,6.0,3165.26,527.5433333333334,2024-06-01,2023-12-02,15.0,4.0,30.0,230,0.8490566037735849,230,4361.4
CUST02340,2023-10-17,Email,20,Tier 1,12.0,9632.29,802.6908333333334,2024-06-18,2023-10-17,23.0,5.0,13.0,258,1.3953488372093024,258,11706.57
CUST02341,2023-08-26,Email,53,Tier 2,25.0,40593.55,1623.7420000000002,2024-06-27,2023-09-06,64.0,6.0,4.0,310,2.508361204013378,310,42207.92
CUST02342,2023-07-31,Social Media,21,Tier 2,4.0,2245.08,561.27,2024-06-12,2023-08-17,7.0,4.0,19.0,336,0.37617554858934166,336,2695.4700000000003
CUST02343,2023-07-21,Organic Search,22,Tier 3,7.0,4371.17,624.4528571428572,2024-05-07,2023-10-11,14.0,4.0,55.0,346,0.7954545454545455,346,0.0
CUST02344,2023-09-28,Paid Ads,56,Tier 2,1.0,753.54,753.54,2024-06-06,2024-06-06,4.0,1.0,25.0,277,1.2,277,1605.6
CUST02345,2023-08-09,Paid Ads,30,Tier 1,28.0,44992.88,1606.8885714285714,2024-05-20,2023-08-22,62.0,6.0,42.0,327,2.6751592356687897,327,32343.28
CUST02346,2023-10-20,Organic Search,37,Tier 1,15.0,15742.32,1049.488,2024-06-29,2023-11-02,39.0,6.0,2.0,255,1.859504132231405,255,3111.4300000000003
CUST02347,2023-08-14,Paid Ads,28,Tier 1,7.0,5087.76,726.8228571428572,2024-06-30,2023-09-16,12.0,5.0,1.0,322,0.726643598615917,322,13015.78
CUST02348,2023-09-15,Paid Ads,19,Tier 2,3.0,1222.4,407.4666666666667,2024-06-12,2024-01-04,9.0,2.0,19.0,290,0.5027932960893855,290,2115.19
CUST02349,2023-12-24,Social Media,35,Tier 2,11.0,10721.47,974.6790909090909,2024-06-12,2024-01-12,19.0,5.0,19.0,190,1.9298245614035086,190,17308.72
CUST02350,2023-09-25,Referral,34,Tier 3,3.0,2220.7,740.2333333333332,2024-05-12,2023-11-25,9.0,3.0,50.0,280,0.410958904109589,280,150.0
CUST02351,2023-11-25,Email,27,Tier 2,12.0,12390.81,1032.5674999999999,2024-06-11,2023-12-03,40.0,5.0,20.0,219,1.7061611374407581,219,13993.57
CUST02352,2023-10-09,Paid Ads,27,Tier 3,16.0,25771.64,1610.7275,2024-06-22,2023-10-31,41.0,6.0,9.0,266,1.9672131147540985,266,14612.52
CUST02353,2023-10-25,Organic Search,27,Tier 2,9.0,8917.58,990.8422222222222,2024-06-02,2023-11-16,19.0,4.0,29.0,250,1.1842105263157894,250,11841.19
CUST02354,2023-09-30,Referral,30,Tier 3,20.0,32528.77,1626.4385,2024-06-13,2023-11-12,51.0,6.0,18.0,275,2.586206896551724,275,55066.92
CUST02355,2023-11-22,Referral,59,Tier 2,12.0,12215.33,1017.9441666666667,2024-06-26,2023-12-04,28.0,5.0,5.0,222,1.7142857142857142,222,8426.74
CUST02356,2023-07-28,Referral,33,Tier 2,2.0,1206.9299999999998,603.4649999999999,2024-06-29,2023-12-08,2.0,2.0,2.0,339,0.2912621359223301,339,3107.93
CUST02357,2023-12-16,Social Media,20,Tier 2,13.0,18864.010000000002,1451.0776923076924,2024-06-24,2023-12-17,27.0,4.0,7.0,198,1.9796954314720814,198,33909.03
CUST02358,2024-01-10,Paid Ads,29,Tier 2,1.0,707.3,707.3,2024-02-26,2024-02-26,3.0,1.0,126.0,173,0.23809523809523808,173,995.21
CUST02359,2023-07-25,Social Media,29,Tier 1,13.0,10692.66,822.5123076923077,2024-06-09,2023-07-27,34.0,5.0,22.0,342,1.147058823529412,342,8190.91
CUST02360,2023-08-27,Paid Ads,26,Tier 1,4.0,2889.94,722.485,2024-06-08,2023-10-16,7.0,3.0,23.0,309,0.46332046332046334,309,1426.34
CUST02361,2023-08-10,Paid Ads,50,Tier 1,4.0,2197.36,549.34,2024-04-05,2023-08-27,8.0,4.0,87.0,326,0.3883495145631068,326,5503.8
CUST02362,2023-11-11,Social Media,24,Tier 2,7.0,6667.68,952.5257142857143,2024-03-24,2023-12-07,19.0,5.0,99.0,233,1.0144927536231882,233,10653.98
CUST02363,2023-09-13,Organic Search,38,Tier 2,2.0,1035.1,517.55,2024-05-13,2023-12-26,7.0,2.0,49.0,292,0.3191489361702128,292,4289.82
CUST02364,2023-08-07,Organic Search,57,Tier 1,14.0,11511.31,822.2364285714285,2024-06-30,2023-10-03,32.0,5.0,1.0,329,1.5441176470588234,329,12000.35
CUST02365,2023-11-11,Paid Ads,53,Tier 1,8.0,8326.95,1040.86875,2024-05-09,2023-11-14,20.0,4.0,53.0,233,1.0434782608695652,233,10521.69
CUST02366,2023-12-20,Paid Ads,26,Tier 1,4.0,2043.56,510.89,2024-06-13,2023-12-23,6.0,3.0,18.0,194,0.6282722513089005,194,2524.85
CUST02367,2023-09-13,Social Media,52,Tier 2,1.0,337.06,337.06,2024-06-23,2024-06-23,3.0,1.0,8.0,292,3.75,292,2453.37
CUST02368,2023-11-19,Organic Search,37,Tier 1,9.0,8717.28,968.5866666666667,2024-05-08,2023-12-22,17.0,5.0,54.0,225,1.40625,225,0.0
CUST02369,2023-09-04,Organic Search,25,Tier 1,6.0,3205.6800000000003,534.2800000000001,2024-06-04,2023-10-12,14.0,4.0,27.0,301,0.6844106463878328,301,2738.17
CUST02370,2023-12-15,Organic Search,49,Tier 1,8.0,8805.99,1100.74875,2024-05-21,2023-12-23,24.0,4.0,41.0,199,1.256544502617801,199,9295.95
CUST02371,2023-07-03,Organic Search,36,Tier 1,16.0,16147.32,1009.2075,2024-06-28,2023-07-16,45.0,5.0,3.0,364,1.3675213675213675,364,10038.73
CUST02372,2023-10-25,Organic Search,58,Tier 3,24.0,47367.92,1973.6633333333332,2024-06-29,2023-11-06,60.0,6.0,2.0,250,3.0252100840336134,250,27201.55
CUST02373,2023-10-07,Email,32,Tier 1,5.0,5646.68,1129.336,2024-05-25,2023-12-02,14.0,5.0,37.0,268,0.7075471698113208,268,16020.81
CUST02374,2023-11-29,Paid Ads,57,Tier 2,1.0,972.39,972.39,2024-04-09,2024-04-09,4.0,1.0,83.0,215,0.3614457831325301,215,16308.49
CUST02375,2023-07-19,Social Media,54,Tier 2,13.0,12975.41,998.1084615384615,2024-06-23,2023-08-12,33.0,5.0,8.0,348,1.2037037037037037,348,12439.01
CUST02376,2023-11-23,Referral,35,Tier 3,3.0,1402.17,467.39000000000004,2024-05-14,2024-02-15,5.0,2.0,48.0,221,0.6569343065693432,221,0.0
CUST02377,2024-01-08,Email,55,Tier 1,1.0,830.28,830.28,2024-05-10,2024-05-10,3.0,1.0,52.0,175,0.576923076923077,175,1983.4299999999998
CUST02378,2023-10-24,Organic Search,27,Tier 1,23.0,38599.31,1678.2308695652173,2024-06-21,2023-10-27,54.0,6.0,10.0,251,2.782258064516129,251,4022.1900000000005
CUST02379,2023-11-02,Organic Search,38,Tier 1,9.0,7950.42,883.38,2024-05-18,2023-12-08,20.0,4.0,44.0,242,1.3106796116504855,242,11206.12
CUST02380,2023-09-26,Social Media,46,Tier 1,20.0,33087.55,1654.3775,2024-06-23,2023-09-27,50.0,6.0,8.0,279,2.158273381294964,279,38337.0
CUST02381,2023-08-04,Paid Ads,38,Tier 2,16.0,26266.61,1641.663125,2024-03-03,2023-08-23,44.0,6.0,120.0,332,1.5335463258785942,332,0.0
CUST02382,2024-01-06,Social Media,59,Tier 1,17.0,27669.25,1627.6029411764705,2024-06-29,2024-02-01,43.0,6.0,2.0,177,3.3774834437086096,177,32403.45
CUST02383,2023-07-01,Social Media,54,Tier 1,24.0,42266.22,1761.0925,2024-06-30,2023-08-04,56.0,6.0,1.0,366,2.1686746987951806,366,41066.08
CUST02384,2023-11-30,Referral,45,Tier 3,8.0,7685.429999999999,960.6787499999999,2024-06-08,2023-12-15,24.0,5.0,23.0,214,1.206030150753769,214,16527.17
CUST02385,2023-12-20,Referral,26,Tier 2,0.0,0.0,0.0,,,0.0,0.0,360.0,194,0.0,194,1292.68
CUST02386,2023-12-24,Email,50,Tier 1,5.0,4876.78,975.356,2024-06-23,2024-01-12,12.0,4.0,8.0,190,0.8771929824561403,190,10627.619999999999
CUST02387,2023-11-03,Paid Ads,19,Tier 1,7.0,4161.51,594.5014285714286,2024-06-12,2023-12-06,20.0,5.0,19.0,241,1.0096153846153846,241,2641.68
CUST02388,2023-09-27,Referral,35,Tier 1,15.0,16202.34,1080.156,2024-06-03,2023-12-03,40.0,6.0,28.0,278,2.132701421800948,278,12838.29
CUST02389,2023-11-21,Paid Ads,27,Tier 3,5.0,4966.93,993.3860000000001,2024-06-30,2024-01-16,10.0,4.0,1.0,223,0.8982035928143712,223,12478.37
CUST02390,2023-11-24,Organic Search,38,Tier 3,7.0,7183.849999999999,1026.2642857142857,2024-06-13,2024-01-05,19.0,5.0,18.0,220,1.1797752808988764,220,14946.619999999999
CUST02391,2023-11-28,Email,50,Tier 3,5.0,3028.52,605.704,2024-04-18,2023-12-05,17.0,3.0,74.0,216,0.7177033492822966,216,4161.06
CUST02392,2023-07-25,Email,20,Tier 3,6.0,2982.72,497.11999999999995,2024-01-29,2023-09-05,11.0,2.0,154.0,342,0.6,342,3529.6
CUST02393,2023-07-16,Social Media,50,Tier 2,8.0,7040.59,880.07375,2024-05-14,2023-07-30,24.0,5.0,48.0,351,0.712166172106825,351,11274.23
CUST02394,2023-12-29,Email,27,Tier 1,0.0,0.0,0.0,,,0.0,0.0,360.0,185,0.0,185,1994.17
CUST02395,2023-09-11,Paid Ads,48,Tier 1,27.0,45270.520000000004,1676.685925925926,2024-06-26,2023-09-22,81.0,6.0,5.0,294,2.862190812720848,294,42512.7
CUST02396,2023-11-06,Referral,38,Tier 2,3.0,1424.25,474.75,2024-05-23,2024-04-27,5.0,3.0,39.0,238,1.3846153846153846,238,0.0
CUST02397,2023-08-11,Social Media,56,Tier 3,3.0,2074.06,691.3533333333334,2024-05-24,2024-01-04,8.0,3.0,38.0,325,0.5027932960893855,325,739.62
CUST02398,2023-11-24,Email,19,Tier 1,3.0,2046.8899999999999,682.2966666666666,2024-05-20,2023-12-11,9.0,1.0,42.0,220,0.44334975369458124,220,1577.22
CUST02399,2023-12-09,Organic Search,23,Tier 2,5.0,4704.27,940.854,2024-06-19,2024-02-20,14.0,3.0,12.0,205,1.1363636363636365,205,20642.13
CUST02400,2023-09-18,Paid Ads,53,Tier 3,12.0,11416.26,951.355,2024-06-04,2023-09-23,34.0,5.0,27.0,287,1.2765957446808511,287,15440.16
CUST02401,2023-10-12,Email,54,Tier 1,3.0,1417.44,472.48,2024-06-29,2024-03-11,10.0,3.0,2.0,263,0.8035714285714285,263,4530.12
CUST02402,2023-12-30,Organic Search,19,Tier 3,2.0,1158.35,579.175,2024-05-05,2024-04-25,6.0,2.0,57.0,184,0.8955223880597015,184,3739.71
CUST02403,2023-11-23,Organic Search,32,Tier 1,4.0,4371.75,1092.9375,2024-02-14,2023-12-15,10.0,3.0,138.0,221,0.6030150753768845,221,7316.59
CUST02404,2023-08-03,Social Media,27,Tier 2,5.0,3039.48,607.896,2024-04-03,2023-08-09,13.0,4.0,89.0,333,0.4587155963302752,333,4673.59
CUST02405,2023-09-27,Paid Ads,48,Tier 1,9.0,9833.8,1092.6444444444444,2024-06-26,2023-10-11,24.0,5.0,5.0,278,1.0227272727272727,278,10482.78
CUST02406,2023-11-02,Paid Ads,42,Tier 2,19.0,16948.19,892.0099999999999,2024-06-28,2023-11-14,56.0,5.0,3.0,242,2.4782608695652173,242,9444.43
CUST02407,2023-08-14,Organic Search,22,Tier 2,7.0,4060.26,580.0371428571428,2024-05-20,2023-10-29,19.0,4.0,42.0,322,0.8536585365853658,322,1038.11
CUST02408,2023-11-11,Paid Ads,32,Tier 1,2.0,1046.03,523.015,2024-04-09,2023-12-08,7.0,2.0,83.0,233,0.2912621359223301,233,1254.9
CUST02409,2023-07-21,Social Media,43,Tier 3,57.0,182435.55,3200.6236842105263,2024-06-20,2023-07-30,139.0,6.0,11.0,346,5.074183976261128,346,133695.71
CUST02410,2023-10-30,Organic Search,22,Tier 2,12.0,10791.6,899.3000000000001,2024-07-01,2023-10-31,29.0,5.0,0.0,245,1.4754098360655736,245,13890.36
CUST02411,2023-09-08,Organic Search,43,Tier 2,12.0,12929.960000000001,1077.4966666666667,2024-06-30,2023-09-13,33.0,6.0,1.0,297,1.2328767123287672,297,16344.42
CUST02412,2023-10-04,Email,28,Tier 1,4.0,2455.71,613.9275,2024-05-12,2024-01-06,10.0,4.0,50.0,271,0.6779661016949152,271,3030.48
CUST02413,2023-10-13,Referral,53,Tier 3,7.0,5307.69,758.2414285714285,2024-05-20,2023-10-13,18.0,3.0,42.0,262,0.8015267175572519,262,0.0
CUST02414,2023-08-17,Email,25,Tier 1,9.0,4721.54,524.6155555555556,2024-06-10,2023-08-19,28.0,5.0,21.0,319,0.8517350157728707,319,3859.0699999999997
CUST02415,2023-08-08,Organic Search,31,Tier 1,14.0,13925.14,994.6528571428571,2024-06-25,2023-09-12,37.0,6.0,6.0,328,1.4334470989761092,328,11132.08
CUST02416,2023-07-31,Paid Ads,22,Tier 1,33.0,96384.15,2920.731818181818,2024-04-23,2023-08-14,95.0,6.0,69.0,336,3.0745341614906834,336,0.0
CUST02417,2023-07-10,Social Media,54,Tier 1,7.0,4412.2300000000005,630.3185714285715,2024-06-26,2023-08-04,21.0,6.0,5.0,357,0.6325301204819277,357,5167.79
CUST02418,2023-07-30,Organic Search,32,Tier 3,10.0,5416.87,541.687,2024-05-19,2023-11-03,30.0,6.0,43.0,337,1.2448132780082988,337,4188.46
CUST02419,2023-07-18,Email,36,Tier 1,6.0,3243.6800000000003,540.6133333333333,2024-05-01,2023-07-27,13.0,3.0,61.0,349,0.5294117647058824,349,3209.52
CUST02420,2024-01-04,Paid Ads,26,Tier 1,1.0,477.02,477.02,2024-06-29,2024-06-29,4.0,1.0,2.0,179,15.0,179,2529.09
CUST02421,2023-09-26,Organic Search,50,Tier 3,5.0,1942.04,388.408,2024-05-12,2023-12-09,12.0,3.0,50.0,279,0.7317073170731707,279,3304.34
CUST02422,2023-11-02,Social Media,45,Tier 2,3.0,731.02,243.67333333333332,2024-04-10,2023-12-16,6.0,3.0,82.0,242,0.4545454545454546,242,1297.7199999999998
CUST02423,2023-09-11,Social Media,55,Tier 2,22.0,36369.94,1653.179090909091,2024-06-13,2023-09-24,45.0,6.0,18.0,294,2.3487544483985765,294,0.0
CUST02424,2023-07-15,Email,41,Tier 1,13.0,13350.97,1026.9976923076922,2024-06-17,2023-08-28,24.0,6.0,14.0,352,1.2662337662337662,352,19431.42
CUST02425,2023-07-04,Organic Search,25,Tier 2,4.0,2577.9700000000003,644.4925000000001,2023-10-29,2023-07-24,8.0,3.0,246.0,363,0.3498542274052478,363,2657.77
CUST02426,2024-01-07,Organic Search,30,Tier 1,16.0,27207.95,1700.496875,2024-06-21,2024-02-15,44.0,6.0,10.0,176,3.503649635036496,176,55734.5
CUST02427,2023-12-15,Email,43,Tier 3,3.0,1869.4,623.1333333333333,2024-05-17,2024-01-16,10.0,2.0,45.0,199,0.5389221556886228,199,3131.76
CUST02428,2023-07-09,Email,21,Tier 2,54.0,173815.83,3218.8116666666665,2024-05-03,2023-07-10,133.0,6.0,59.0,358,4.53781512605042,358,0.0
CUST02429,2023-10-17,Organic Search,44,Tier 2,2.0,1342.9099999999999,671.4549999999999,2024-02-12,2023-10-25,5.0,1.0,140.0,258,0.24,258,2457.48
CUST02430,2023-11-14,Organic Search,22,Tier 1,12.0,19251.59,1604.2991666666667,2024-06-11,2023-11-17,28.0,6.0,20.0,230,1.5859030837004406,230,18820.6
CUST02431,2023-12-01,Organic Search,54,Tier 1,4.0,2644.12,661.03,2024-05-02,2023-12-08,11.0,3.0,60.0,213,0.5825242718446602,213,17041.03
CUST02432,2023-11-09,Referral,33,Tier 1,19.0,29731.35,1564.807894736842,2024-06-12,2023-11-16,48.0,6.0,19.0,235,2.5,235,17942.84
CUST02433,2023-07-16,Social Media,50,Tier 1,58.0,170058.35,2932.0405172413793,2024-06-22,2023-07-20,124.0,6.0,9.0,351,5.014409221902017,351,18828.37
CUST02434,2023-11-20,Referral,47,Tier 1,2.0,1098.32,549.16,2024-05-09,2024-04-05,4.0,2.0,53.0,224,0.6896551724137931,224,3013.58
CUST02435,2023-10-07,Organic Search,28,Tier 2,49.0,156575.07,3195.4095918367348,2024-06-28,2023-10-20,136.0,6.0,3.0,268,5.764705882352941,268,156480.22
CUST02436,2023-10-29,Referral,39,Tier 1,7.0,3481.4399999999996,497.34857142857135,2024-05-12,2023-12-01,20.0,4.0,50.0,246,0.9859154929577465,246,2213.98
CUST02437,2023-08-21,Organic Search,34,Tier 2,7.0,3725.08,532.1542857142857,2024-04-15,2023-10-26,21.0,3.0,77.0,315,0.8433734939759036,315,517.41
CUST02438,2023-09-07,Paid Ads,37,Tier 1,5.0,2635.68,527.136,2024-06-05,2023-12-15,11.0,4.0,26.0,298,0.7537688442211056,298,3258.66
CUST02439,2023-07-05,Social Media,47,Tier 1,14.0,15237.11,1088.365,2024-06-05,2023-07-23,26.0,5.0,26.0,362,1.2209302325581397,362,7535.19
CUST02440,2023-07-20,Paid Ads,36,Tier 2,5.0,3020.45,604.0899999999999,2024-03-02,2023-09-22,15.0,3.0,121.0,347,0.5300353356890459,347,0.0
CUST02441,2023-09-17,Paid Ads,34,Tier 2,10.0,8237.97,823.7969999999999,2024-06-25,2023-09-25,21.0,5.0,6.0,288,1.0714285714285714,288,9034.68
CUST02442,2023-11-23,Organic Search,19,Tier 2,3.0,1963.8600000000001,654.62,2024-04-26,2024-02-12,6.0,2.0,66.0,221,0.6428571428571429,221,7216.4
CUST02443,2023-10-19,Organic Search,20,Tier 1,18.0,28462.19,1581.2327777777778,2024-06-09,2023-10-25,51.0,6.0,22.0,256,2.1599999999999997,256,42104.020000000004
CUST02444,2023-07-02,Email,33,Tier 2,27.0,44798.99,1659.2218518518519,2024-05-28,2023-07-08,64.0,6.0,34.0,365,2.256267409470752,365,33224.95
CUST02445,2023-10-01,Email,57,Tier 1,12.0,8638.34,719.8616666666667,2024-06-11,2023-10-06,28.0,6.0,20.0,274,1.3382899628252787,274,13053.96
CUST02446,2023-07-13,Social Media,46,Tier 1,4.0,1661.3600000000001,415.34000000000003,2023-12-19,2023-07-19,6.0,2.0,195.0,354,0.3448275862068966,354,2285.24
CUST02447,2023-07-04,Email,19,Tier 2,6.0,2635.1400000000003,439.19000000000005,2024-06-02,2023-07-16,13.0,6.0,29.0,363,0.5128205128205129,363,2519.43
CUST02448,2023-12-17,Email,23,Tier 1,1.0,844.82,844.82,2024-06-03,2024-06-03,3.0,1.0,28.0,197,1.0714285714285714,197,979.8
CUST02449,2023-10-17,Organic Search,40,Tier 1,1.0,456.26,456.26,2024-05-09,2024-05-09,1.0,1.0,53.0,258,0.5660377358490566,258,2251.84
CUST02450,2023-09-12,Organic Search,54,Tier 3,3.0,1425.38,475.1266666666667,2024-01-17,2023-09-18,10.0,3.0,166.0,293,0.31358885017421606,293,2671.46
CUST02451,2024-01-05,Referral,31,Tier 2,2.0,1086.03,543.015,2024-06-11,2024-01-29,6.0,2.0,20.0,178,0.38961038961038963,178,2512.05
CUST02452,2023-10-03,Organic Search,19,Tier 1,29.0,85749.29,2956.872068965517,2024-06-27,2023-10-21,67.0,6.0,4.0,272,3.425196850393701,272,168121.05
CUST02453,2023-10-13,Email,34,Tier 2,10.0,8070.54,807.054,2024-06-25,2023-12-07,25.0,6.0,6.0,262,1.4492753623188406,262,9047.78
CUST02454,2023-07-08,Organic Search,59,Tier 1,2.0,1536.75,768.375,2024-06-12,2023-11-22,3.0,2.0,19.0,359,0.2702702702702703,359,2639.0
CUST02455,2023-09-05,Social Media,40,Tier 3,8.0,7985.139999999999,998.1424999999999,2024-05-03,2023-09-17,21.0,5.0,59.0,300,0.8333333333333333,300,6645.88
CUST02456,2024-01-07,Social Media,50,Tier 2,4.0,1886.55,471.6375,2024-04-22,2024-01-21,14.0,3.0,70.0,176,0.7407407407407407,176,1887.44
CUST02457,2023-10-18,Organic Search,34,Tier 1,13.0,12866.97,989.766923076923,2024-06-20,2023-11-28,24.0,5.0,11.0,257,1.8055555555555554,257,12249.39
CUST02458,2023-07-09,Organic Search,33,Tier 1,21.0,21546.87,1026.0414285714285,2024-06-20,2023-07-19,55.0,6.0,11.0,358,1.810344827586207,358,759.17
CUST02459,2023-10-25,Email,30,Tier 1,5.0,3956.4500000000003,791.2900000000001,2024-05-21,2023-10-28,12.0,4.0,41.0,250,0.6072874493927125,250,0.0
CUST02460,2023-07-11,Paid Ads,19,Tier 2,8.0,7666.48,958.31,2024-06-16,2023-08-15,23.0,5.0,15.0,356,0.7476635514018691,356,11356.1
CUST02461,2023-10-07,Organic Search,35,Tier 2,38.0,116380.81,3062.652894736842,2024-06-24,2023-10-09,102.0,6.0,7.0,268,4.285714285714286,268,162364.43
CUST02462,2023-08-11,Social Media,59,Tier 1,22.0,36267.52,1648.5236363636361,2024-06-24,2023-09-18,52.0,6.0,7.0,325,2.2996515679442506,325,44708.55
CUST02463,2023-11-18,Organic Search,46,Tier 1,8.0,8564.1,1070.5125,2024-05-28,2023-11-22,18.0,5.0,34.0,226,1.0810810810810811,226,10161.84
CUST02464,2023-12-11,Social Media,25,Tier 1,3.0,3056.21,1018.7366666666667,2024-05-12,2024-04-05,11.0,3.0,50.0,203,1.0344827586206897,203,14092.42
CUST02465,2023-10-28,Paid Ads,27,Tier 1,9.0,8152.1,905.7888888888889,2024-06-13,2023-10-28,22.0,5.0,18.0,247,1.0931174089068825,247,10014.51
CUST02466,2023-11-18,Organic Search,40,Tier 1,6.0,3193.8,532.3000000000001,2024-06-10,2023-11-21,13.0,3.0,21.0,226,0.8071748878923767,226,0.0
CUST02467,2023-07-12,Email,44,Tier 2,3.0,1757.29,585.7633333333333,2024-02-05,2023-12-26,7.0,2.0,147.0,355,0.4787234042553191,355,2460.49
CUST02468,2023-08-06,Paid Ads,30,Tier 2,2.0,973.26,486.63,2023-09-28,2023-09-26,4.0,2.0,277.0,330,0.21505376344086022,330,0.0
CUST02469,2023-09-12,Organic Search,25,Tier 3,10.0,10142.630000000001,1014.2630000000001,2024-06-11,2023-09-23,29.0,4.0,20.0,293,1.0638297872340425,293,10777.38
CUST02470,2023-09-11,Paid Ads,33,Tier 3,13.0,10313.76,793.3661538461539,2024-06-30,2023-10-17,39.0,6.0,1.0,294,1.5116279069767442,294,13961.93
CUST02471,2023-08-21,Organic Search,56,Tier 2,4.0,2665.48,666.37,2024-04-02,2023-09-18,9.0,3.0,90.0,315,0.4181184668989547,315,2612.55
CUST02472,2024-01-15,Organic Search,39,Tier 2,24.0,76855.74,3202.3225,2024-06-30,2024-01-18,71.0,6.0,1.0,168,4.363636363636363,168,160990.97
CUST02473,2023-11-07,Organic Search,32,Tier 3,22.0,36157.28,1643.5127272727273,2024-06-13,2023-11-15,52.0,6.0,18.0,237,2.8820960698689957,237,36925.17
CUST02474,2023-08-25,Paid Ads,20,Tier 1,11.0,10812.14,982.9218181818181,2024-05-31,2023-08-30,20.0,6.0,31.0,311,1.0784313725490196,311,22880.81
CUST02475,2023-08-29,Organic Search,26,Tier 1,11.0,8176.24,743.2945454545454,2024-06-09,2023-09-02,27.0,6.0,22.0,307,1.0891089108910892,307,11742.79
CUST02476,2023-07-23,Email,24,Tier 1,22.0,35399.58,1609.0718181818183,2024-06-23,2023-07-30,43.0,6.0,8.0,344,1.9584569732937687,344,49865.16
CUST02477,2023-10-11,Email,55,Tier 2,2.0,1489.21,744.605,2024-05-20,2024-02-16,4.0,2.0,42.0,264,0.4411764705882353,264,2096.3399999999997
CUST02478,2023-08-09,Paid Ads,55,Tier 2,34.0,56612.27,1665.0667647058822,2024-06-25,2023-08-19,87.0,6.0,6.0,327,3.217665615141956,327,38954.75
CUST02479,2023-09-02,Social Media,51,Tier 1,8.0,3847.33,480.91625,2024-05-23,2023-10-12,21.0,4.0,39.0,303,0.9125475285171103,303,1000.01
CUST02480,2023-09-23,Social Media,59,Tier 2,13.0,19754.77,1519.5976923076923,2024-06-15,2023-10-10,29.0,6.0,16.0,282,1.4716981132075473,282,43095.73
CUST02481,2023-11-28,Email,24,Tier 2,6.0,4284.54,714.09,2024-05-03,2023-12-12,19.0,3.0,59.0,216,0.891089108910891,216,741.28
CUST02482,2023-12-04,Email,44,Tier 1,24.0,38250.73,1593.7804166666667,2024-06-22,2023-12-22,66.0,6.0,9.0,210,3.75,210,2757.51
CUST02483,2023-12-26,Organic Search,57,Tier 1,7.0,12337.55,1762.5071428571428,2024-06-28,2024-01-19,15.0,5.0,3.0,188,1.2804878048780488,188,26380.44
CUST02484,2024-01-13,Social Media,59,Tier 1,2.0,916.21,458.105,2024-06-21,2024-02-15,3.0,2.0,10.0,170,0.437956204379562,170,2832.6
CUST02485,2023-09-27,Organic Search,55,Tier 1,12.0,13090.78,1090.8983333333333,2024-06-28,2023-10-05,28.0,5.0,3.0,278,1.3333333333333335,278,4800.82
CUST02486,2023-07-31,Paid Ads,32,Tier 3,50.0,160593.04,3211.8608000000004,2024-06-07,2023-08-09,123.0,6.0,24.0,336,4.587155963302752,336,227555.25
CUST02487,2023-12-25,Social Media,55,Tier 3,12.0,11681.06,973.4216666666666,2024-06-03,2024-01-01,30.0,6.0,28.0,189,1.978021978021978,189,11747.08
CUST02488,2023-07-20,Organic Search,26,Tier 3,29.0,52359.61,1805.5037931034483,2024-06-28,2023-07-23,75.0,6.0,3.0,347,2.5290697674418605,347,31812.28
CUST02489,2023-12-30,Organic Search,57,Tier 2,7.0,6316.78,902.3971428571429,2024-06-09,2024-01-17,18.0,5.0,22.0,184,1.2650602409638554,184,11834.76
CUST02490,2023-11-07,Email,31,Tier 2,3.0,1841.51,613.8366666666667,2024-03-30,2024-03-27,8.0,2.0,93.0,237,0.9375,237,0.0
CUST02491,2023-11-30,Email,31,Tier 2,3.0,2127.21,709.07,2024-04-03,2024-01-06,9.0,3.0,89.0,214,0.5084745762711864,214,2790.79
CUST02492,2023-07-13,Social Media,58,Tier 2,2.0,1100.48,550.24,2023-12-25,2023-08-08,3.0,2.0,189.0,354,0.18292682926829268,354,2273.47
CUST02493,2023-10-30,Social Media,46,Tier 2,17.0,31220.52,1836.5011764705882,2024-06-29,2023-11-03,38.0,6.0,2.0,245,2.116182572614108,245,46602.58
CUST02494,2023-10-11,Organic Search,36,Tier 2,3.0,1850.46,616.82,2024-05-31,2024-02-18,11.0,2.0,31.0,264,0.6716417910447761,264,2722.05
CUST02495,2023-10-14,Organic Search,37,Tier 1,7.0,7135.16,1019.3085714285714,2024-05-23,2023-12-29,16.0,5.0,39.0,261,1.135135135135135,261,9943.16
CUST02496,2023-10-27,Email,56,Tier 2,8.0,6898.75,862.34375,2024-05-14,2023-12-14,18.0,5.0,48.0,248,1.2,248,8095.370000000001
CUST02497,2023-09-08,Paid Ads,50,Tier 1,13.0,13078.27,1006.0207692307692,2024-06-29,2023-09-17,28.0,5.0,2.0,297,1.3541666666666667,297,10921.26
CUST02498,2024-01-11,Email,40,Tier 2,12.0,16974.63,1414.5525,2024-06-01,2024-01-23,36.0,5.0,30.0,172,2.25,172,49748.409999999996
CUST02499,2024-01-02,Organic Search,20,Tier 1,21.0,61076.75,2908.4166666666665,2024-06-12,2024-01-02,50.0,6.0,19.0,181,3.480662983425414,181,189268.62
CUST02500,2023-10-07,Paid Ads,31,Tier 1,5.0,4534.32,906.8639999999999,2024-02-12,2023-11-15,13.0,3.0,140.0,268,0.6550218340611353,268,13769.36
CUST02501,2023-09-20,Paid Ads,41,Tier 3,20.0,33612.840000000004,1680.6420000000003,2024-06-13,2023-10-16,46.0,6.0,18.0,285,2.3166023166023164,285,51298.4
CUST02502,2023-09-13,Email,43,Tier 1,16.0,23842.89,1490.180625,2024-05-04,2023-09-14,47.0,5.0,58.0,292,1.6494845360824741,292,63666.99
CUST02503,2023-10-26,Paid Ads,46,Tier 1,12.0,11127.41,927.2841666666667,2024-05-31,2023-11-12,30.0,6.0,31.0,249,1.5517241379310345,249,8052.72
CUST02504,2023-09-22,Paid Ads,29,Tier 1,56.0,183746.79,3281.1926785714286,2024-06-28,2023-10-04,149.0,6.0,3.0,283,6.199261992619927,283,187877.69
CUST02505,2024-01-08,Paid Ads,51,Tier 3,3.0,1591.06,530.3533333333334,2024-06-13,2024-03-28,6.0,3.0,18.0,175,0.9473684210526316,175,1344.83
CUST02506,2023-09-07,Organic Search,42,Tier 2,4.0,1922.6499999999999,480.66249999999997,2024-04-30,2023-10-17,10.0,2.0,62.0,298,0.46511627906976744,298,0.0
CUST02507,2023-08-28,Organic Search,20,Tier 2,26.0,41806.1,1607.926923076923,2024-05-12,2023-09-09,65.0,6.0,50.0,308,2.635135135135135,308,53639.17
CUST02508,2024-01-04,Paid Ads,48,Tier 3,5.0,4941.01,988.202,2024-06-29,2024-02-07,17.0,4.0,2.0,179,1.0344827586206897,179,21882.67
CUST02509,2023-11-03,Paid Ads,35,Tier 1,24.0,38593.13,1608.0470833333331,2024-06-07,2023-11-09,66.0,6.0,24.0,241,3.0638297872340425,241,57017.3
CUST02510,2023-10-19,Paid Ads,58,Tier 1,23.0,36279.93,1577.3882608695653,2024-07-01,2023-11-16,60.0,6.0,0.0,256,3.026315789473684,256,60536.49
CUST02511,2023-08-31,Paid Ads,52,Tier 1,4.0,2365.8199999999997,591.4549999999999,2024-02-10,2023-09-17,14.0,3.0,142.0,305,0.41666666666666663,305,2789.26
CUST02512,2023-11-21,Email,56,Tier 2,24.0,41668.98,1736.2075000000002,2024-06-29,2023-12-11,57.0,6.0,2.0,223,3.54679802955665,223,34618.74
CUST02513,2023-11-05,Social Media,40,Tier 2,6.0,5776.01,962.6683333333334,2024-03-02,2023-11-20,17.0,3.0,121.0,239,0.8035714285714285,239,9415.68
CUST02514,2023-10-13,Organic Search,23,Tier 1,17.0,16133.779999999999,949.0458823529411,2024-05-17,2023-10-15,37.0,6.0,45.0,262,1.9615384615384617,262,12403.3
CUST02515,2023-09-06,Organic Search,58,Tier 1,10.0,7980.16,798.016,2024-06-23,2023-10-14,22.0,6.0,8.0,299,1.1494252873563218,299,11805.45
CUST02516,2023-07-15,Organic Search,34,Tier 1,27.0,46151.14,1709.3014814814815,2024-06-12,2023-07-18,72.0,6.0,19.0,352,2.320916905444126,352,28927.73
CUST02517,2023-12-30,Email,31,Tier 2,4.0,2435.26,608.815,2024-06-30,2024-01-07,10.0,3.0,1.0,184,0.6818181818181819,184,2199.39
CUST02518,2023-08-04,Paid Ads,44,Tier 1,15.0,14073.6,938.24,2024-06-19,2023-09-16,38.0,5.0,12.0,332,1.5570934256055362,332,5081.37
CUST02519,2023-12-30,Organic Search,49,Tier 1,5.0,4802.95,960.5899999999999,2024-05-27,2024-02-21,14.0,4.0,35.0,184,1.1450381679389314,184,4645.29
CUST02520,2023-07-14,Email,57,Tier 1,25.0,21694.05,867.762,2024-06-11,2023-08-01,67.0,6.0,20.0,353,2.2388059701492535,353,9450.14
CUST02521,2023-12-24,Organic Search,41,Tier 2,8.0,6221.74,777.7175,2024-06-24,2024-02-02,19.0,5.0,7.0,190,1.6,190,8804.49
CUST02522,2023-10-10,Email,30,Tier 2,1.0,628.59,628.59,2024-03-20,2024-03-20,2.0,1.0,103.0,265,0.2912621359223301,265,2631.33
CUST02523,2023-10-08,Paid Ads,32,Tier 1,7.0,4063.65,580.5214285714286,2024-06-27,2023-11-30,17.0,4.0,4.0,267,0.9813084112149532,267,2547.72
CUST02524,2023-07-07,Social Media,36,Tier 2,5.0,3699.79,739.958,2024-03-09,2023-07-22,13.0,5.0,114.0,360,0.43478260869565216,360,2521.6
CUST02525,2023-07-30,Organic Search,45,Tier 2,24.0,39965.81,1665.2420833333333,2024-07-01,2023-08-27,56.0,6.0,0.0,337,2.3300970873786406,337,47771.69
CUST02526,2023-08-18,Social Media,46,Tier 3,4.0,2288.31,572.0775,2024-01-17,2023-08-20,14.0,3.0,166.0,318,0.37974683544303794,318,1950.0500000000002
CUST02527,2023-11-21,Social Media,36,Tier 1,4.0,2346.65,586.6625,2024-06-22,2023-12-31,10.0,3.0,9.0,223,0.6557377049180327,223,2895.44
CUST02528,2023-10-19,Organic Search,34,Tier 2,42.0,126281.49,3006.702142857143,2024-06-19,2023-10-29,107.0,6.0,12.0,256,5.121951219512195,256,199232.28
CUST02529,2023-12-26,Organic Search,34,Tier 2,3.0,1687.5700000000002,562.5233333333334,2024-05-04,2024-03-02,9.0,3.0,58.0,188,0.743801652892562,188,2779.35
CUST02530,2023-09-10,Paid Ads,31,Tier 1,51.0,160994.34,3156.751764705882,2024-06-16,2023-09-10,122.0,6.0,15.0,295,5.186440677966101,295,134111.72
CUST02531,2023-09-18,Social Media,47,Tier 2,7.0,5852.21,836.03,2024-06-22,2023-11-04,19.0,5.0,9.0,287,0.875,287,12920.64
CUST02532,2023-09-21,Social Media,27,Tier 1,19.0,33079.92,1741.0484210526315,2024-06-22,2023-09-29,46.0,6.0,9.0,284,2.0652173913043477,284,2766.76
CUST02533,2023-08-11,Paid Ads,44,Tier 1,4.0,1853.26,463.315,2024-06-09,2023-12-29,9.0,3.0,22.0,325,0.6486486486486487,325,3141.02
CUST02534,2023-07-17,Social Media,46,Tier 1,5.0,2814.29,562.858,2024-04-19,2023-08-13,16.0,4.0,73.0,350,0.46439628482972134,350,1137.1
CUST02535,2024-01-07,Organic Search,59,Tier 1,5.0,4545.59,909.118,2024-06-04,2024-03-08,18.0,5.0,27.0,176,1.3043478260869565,176,15467.83
CUST02536,2023-12-20,Organic Search,31,Tier 1,16.0,30752.3,1922.01875,2024-06-28,2024-01-01,37.0,6.0,3.0,194,2.6373626373626378,194,37352.74
CUST02537,2023-07-07,Referral,54,Tier 2,7.0,6611.26,944.4657142857143,2024-03-25,2023-09-04,17.0,4.0,98.0,360,0.6976744186046512,360,15267.25
CUST02538,2023-12-02,Social Media,27,Tier 2,4.0,2159.69,539.9225,2024-03-31,2024-02-15,13.0,3.0,92.0,212,0.875912408759124,212,935.3199999999999
CUST02539,2023-07-10,Paid Ads,32,Tier 2,43.0,67123.91,1561.0211627906976,2024-06-30,2023-07-17,114.0,6.0,1.0,357,3.685714285714286,357,23539.59
CUST02540,2023-08-03,Social Media,30,Tier 1,23.0,39809.68,1730.855652173913,2024-06-30,2023-08-20,64.0,6.0,1.0,333,2.1835443037974684,333,31546.77
CUST02541,2023-08-05,Referral,50,Tier 2,12.0,11355.84,946.32,2024-06-28,2023-08-11,34.0,6.0,3.0,331,1.1076923076923078,331,12032.33
CUST02542,2023-11-30,Social Media,56,Tier 3,14.0,22227.03,1587.645,2024-06-02,2023-12-19,38.0,6.0,29.0,214,2.1538461538461537,214,84612.29000000001
CUST02543,2023-07-06,Social Media,21,Tier 1,33.0,57001.59,1727.320909090909,2024-06-16,2023-08-11,89.0,6.0,15.0,361,3.046153846153846,361,8088.88
CUST02544,2023-11-29,Social Media,34,Tier 2,6.0,5209.99,868.3316666666666,2024-06-15,2023-12-10,15.0,4.0,16.0,215,0.8823529411764706,215,10380.97
CUST02545,2023-11-23,Organic Search,38,Tier 2,1.0,640.79,640.79,2024-04-06,2024-04-06,3.0,1.0,86.0,221,0.3488372093023256,221,0.0
CUST02546,2023-11-11,Social Media,50,Tier 2,18.0,17885.09,993.6161111111111,2024-06-27,2023-12-06,42.0,6.0,4.0,233,2.5961538461538463,233,9583.23
CUST02547,2023-07-29,Organic Search,41,Tier 1,4.0,1630.92,407.73,2024-06-10,2023-11-06,12.0,3.0,21.0,338,0.5042016806722689,338,2994.1000000000004
CUST02548,2023-11-03,Social Media,35,Tier 1,8.0,7666.83,958.35375,2024-06-22,2023-11-09,19.0,4.0,9.0,241,1.0212765957446808,241,16326.08
CUST02549,2023-11-30,Paid Ads,34,Tier 2,7.0,8438.97,1205.5671428571427,2024-05-31,2023-12-17,16.0,5.0,31.0,214,1.0659898477157361,214,11554.28
CUST02550,2023-12-30,Email,56,Tier 3,2.0,1002.91,501.455,2024-06-06,2024-03-20,2.0,2.0,25.0,184,0.5825242718446602,184,1056.98
CUST02551,2023-09-19,Paid Ads,26,Tier 1,2.0,1229.5,614.75,2023-11-20,2023-10-09,4.0,2.0,224.0,286,0.22556390977443608,286,0.0
CUST02552,2023-12-21,Organic Search,37,Tier 3,1.0,284.92,284.92,2024-03-15,2024-03-15,3.0,1.0,108.0,193,0.2777777777777778,193,5034.12
CUST02553,2023-11-29,Organic Search,48,Tier 1,22.0,38664.55,1757.4795454545456,2024-06-17,2023-12-11,55.0,6.0,14.0,215,3.251231527093596,215,46495.64
CUST02554,2023-09-13,Referral,52,Tier 1,12.0,18030.48,1502.54,2024-06-12,2023-10-16,32.0,6.0,19.0,292,1.3899613899613898,292,38938.63
CUST02555,2023-07-26,Referral,32,Tier 1,5.0,2949.21,589.842,2024-05-10,2024-01-15,11.0,3.0,52.0,341,0.8928571428571428,341,0.0
CUST02556,2023-11-04,Paid Ads,40,Tier 2,25.0,69472.0,2778.88,2024-06-30,2023-11-05,64.0,6.0,1.0,240,3.1380753138075312,240,123327.53
CUST02557,2023-10-23,Referral,35,Tier 1,13.0,11318.16,870.6276923076923,2024-07-01,2023-10-25,31.0,6.0,0.0,252,1.5599999999999998,252,10106.47
CUST02558,2023-11-03,Social Media,33,Tier 1,2.0,1266.44,633.22,2024-03-21,2024-01-13,5.0,2.0,102.0,241,0.3529411764705882,241,2546.93
CUST02559,2023-07-28,Email,50,Tier 3,5.0,3027.2,605.4399999999999,2023-10-21,2023-09-20,15.0,4.0,254.0,339,0.5263157894736842,339,0.0
CUST02560,2023-11-08,Organic Search,31,Tier 3,7.0,7905.31,1129.3300000000002,2024-04-18,2023-11-12,19.0,4.0,74.0,236,0.9051724137931035,236,10032.59
CUST02561,2023-09-13,Referral,39,Tier 1,14.0,27278.56,1948.4685714285715,2024-06-25,2023-11-21,35.0,6.0,6.0,292,1.883408071748879,292,36981.93
CUST02562,2023-12-13,Email,58,Tier 1,11.0,10477.88,952.5345454545454,2024-06-07,2023-12-16,26.0,6.0,24.0,201,1.6666666666666665,201,9379.01
CUST02563,2024-01-05,Social Media,51,Tier 2,1.0,596.57,596.57,2024-03-17,2024-03-17,4.0,1.0,106.0,178,0.2830188679245283,178,0.0
CUST02564,2023-09-16,Social Media,45,Tier 2,1.0,582.55,582.55,2023-09-18,2023-09-18,4.0,1.0,287.0,289,0.10452961672473868,289,2654.18
CUST02565,2023-12-26,Social Media,53,Tier 1,6.0,5852.57,975.4283333333333,2024-06-28,2024-01-27,12.0,3.0,3.0,188,1.153846153846154,188,13345.79
CUST02566,2023-09-28,Email,34,Tier 3,5.0,3740.39,748.078,2024-05-30,2023-10-10,13.0,4.0,32.0,277,0.5660377358490566,277,2051.54
CUST02567,2023-12-23,Organic Search,46,Tier 1,1.0,420.1,420.1,2024-02-04,2024-02-04,3.0,1.0,148.0,191,0.20270270270270271,191,0.0
CUST02568,2023-07-21,Paid Ads,52,Tier 2,4.0,2398.08,599.52,2024-01-21,2023-08-30,11.0,2.0,162.0,346,0.39215686274509803,346,0.0
CUST02569,2023-08-23,Paid Ads,19,Tier 1,30.0,50275.58,1675.8526666666667,2024-06-30,2023-08-27,77.0,6.0,1.0,313,2.912621359223301,313,29084.17
CUST02570,2023-12-31,Organic Search,59,Tier 2,13.0,20171.79,1551.676153846154,2024-06-09,2024-01-23,29.0,5.0,22.0,183,2.4375,183,44623.65
CUST02571,2023-10-11,Email,49,Tier 1,8.0,7629.35,953.66875,2024-05-27,2023-10-21,21.0,5.0,35.0,264,0.9448818897637795,264,10509.16
CUST02572,2023-08-28,Email,54,Tier 2,24.0,41132.72,1713.8633333333335,2024-06-30,2023-09-16,65.0,5.0,1.0,308,2.491349480968858,308,11745.84
CUST02573,2023-09-10,Social Media,51,Tier 3,4.0,2017.3200000000002,504.33000000000004,2024-06-27,2024-01-03,7.0,3.0,4.0,295,0.6666666666666667,295,4048.89
CUST02574,2023-12-26,Organic Search,51,Tier 2,7.0,4895.92,699.4171428571428,2024-06-20,2024-01-05,20.0,6.0,11.0,188,1.1797752808988764,188,15352.41
CUST02575,2023-07-20,Paid Ads,57,Tier 2,3.0,1647.3200000000002,549.1066666666667,2024-06-11,2023-11-23,7.0,1.0,20.0,347,0.4072398190045249,347,1643.18
CUST02576,2023-10-20,Organic Search,36,Tier 1,3.0,2287.51,762.5033333333334,2024-03-22,2023-12-06,7.0,3.0,101.0,255,0.4326923076923077,255,0.0
CUST02577,2023-08-28,Organic Search,41,Tier 3,57.0,165846.05,2909.5798245614033,2024-06-29,2023-09-03,122.0,6.0,2.0,308,5.662251655629139,308,148718.6
CUST02578,2023-09-09,Organic Search,41,Tier 3,9.0,9665.44,1073.937777777778,2024-07-01,2023-09-13,20.0,5.0,0.0,296,0.9246575342465753,296,16098.52
CUST02579,2023-11-14,Social Media,33,Tier 2,1.0,827.2,827.2,2023-12-22,2023-12-22,2.0,1.0,192.0,230,0.15625,230,2031.8
CUST02580,2023-10-17,Organic Search,44,Tier 2,9.0,9407.54,1045.2822222222223,2024-06-26,2024-01-21,21.0,5.0,5.0,258,1.6666666666666665,258,10479.79
CUST02581,2023-11-06,Social Media,48,Tier 3,5.0,2483.2599999999998,496.65199999999993,2024-06-28,2023-11-12,10.0,5.0,3.0,238,0.646551724137931,238,1153.06
CUST02582,2023-12-04,Organic Search,43,Tier 1,15.0,25833.51,1722.234,2024-07-01,2023-12-23,39.0,5.0,0.0,210,2.356020942408377,210,45175.51
CUST02583,2024-01-07,Social Media,34,Tier 2,9.0,8886.42,987.38,2024-06-01,2024-01-07,23.0,6.0,30.0,176,1.5340909090909092,176,15084.029999999999
CUST02584,2024-01-16,Social Media,57,Tier 2,9.0,7448.84,827.6488888888889,2024-05-23,2024-01-18,21.0,4.0,39.0,167,1.6363636363636362,167,21051.16
CUST02585,2023-08-25,Referral,32,Tier 2,12.0,11939.13,994.9274999999999,2024-06-26,2023-09-07,28.0,6.0,5.0,311,1.2080536912751678,311,12877.67
CUST02586,2024-01-12,Social Media,35,Tier 3,6.0,6126.34,1021.0566666666667,2024-07-01,2024-02-02,19.0,4.0,0.0,171,1.2,171,17381.02
CUST02587,2023-08-04,Referral,30,Tier 2,5.0,3145.15,629.03,2024-03-31,2023-09-05,11.0,3.0,92.0,332,0.5,332,4164.9
CUST02588,2023-10-31,Social Media,47,Tier 1,16.0,13876.869999999999,867.3043749999999,2024-06-22,2023-11-17,40.0,6.0,9.0,244,2.1145374449339207,244,8976.69
CUST02589,2023-11-08,Email,50,Tier 1,1.0,528.29,528.29,2024-02-22,2024-02-22,3.0,1.0,130.0,236,0.23076923076923078,236,430.63
CUST02590,2023-10-12,Organic Search,42,Tier 1,6.0,5157.360000000001,859.5600000000001,2024-06-29,2023-11-12,14.0,4.0,2.0,263,0.7758620689655172,263,5208.32
CUST02591,2023-07-07,Organic Search,31,Tier 2,30.0,51962.979999999996,1732.099333333333,2024-06-18,2023-07-10,71.0,6.0,13.0,360,2.521008403361345,360,14982.59
CUST02592,2023-07-27,Organic Search,38,Tier 1,18.0,29950.94,1663.941111111111,2024-06-01,2023-07-31,40.0,6.0,30.0,340,1.607142857142857,340,39707.72
CUST02593,2023-07-01,Email,33,Tier 1,11.0,10161.31,923.7554545454545,2024-04-11,2023-07-27,32.0,6.0,81.0,366,0.9705882352941178,366,14225.22
CUST02594,2024-01-15,Paid Ads,22,Tier 2,8.0,6655.3,831.9125,2024-06-12,2024-01-22,21.0,4.0,19.0,168,1.4906832298136645,168,3754.46
CUST02595,2023-12-19,Social Media,52,Tier 3,1.0,595.49,595.49,2024-04-01,2024-04-01,4.0,1.0,91.0,195,0.3296703296703297,195,2280.9
CUST02596,2023-09-25,Referral,46,Tier 3,25.0,40900.2,1636.0079999999998,2024-06-10,2023-10-06,67.0,6.0,21.0,280,2.7881040892193307,280,33583.62
CUST02597,2023-08-10,Paid Ads,20,Tier 3,5.0,2147.6099999999997,429.52199999999993,2024-03-27,2023-09-14,13.0,3.0,96.0,326,0.5154639175257733,326,2522.45
CUST02598,2023-10-31,Paid Ads,48,Tier 2,9.0,8070.63,896.7366666666667,2024-06-29,2024-01-04,24.0,6.0,2.0,244,1.5083798882681565,244,11462.72
CUST02599,2023-09-13,Referral,44,Tier 1,4.0,2024.8799999999999,506.21999999999997,2024-06-30,2023-11-26,9.0,3.0,1.0,292,0.5504587155963303,292,517.72
CUST02600,2023-08-11,Organic Search,44,Tier 3,3.0,1698.99,566.33,2024-01-29,2023-10-10,9.0,2.0,154.0,325,0.33962264150943394,325,0.0
CUST02601,2023-10-25,Social Media,38,Tier 1,8.0,8207.380000000001,1025.9225000000001,2024-06-29,2023-11-21,22.0,4.0,2.0,250,1.0762331838565022,250,8048.63
CUST02602,2023-12-08,Organic Search,46,Tier 2,2.0,812.5999999999999,406.29999999999995,2024-05-09,2024-03-18,4.0,2.0,53.0,206,0.5714285714285715,206,3595.12
CUST02603,2023-12-25,Email,38,Tier 2,5.0,3493.39,698.678,2024-05-15,2023-12-28,10.0,3.0,47.0,189,0.8064516129032259,189,11379.66
CUST02604,2023-09-01,Organic Search,29,Tier 3,5.0,2005.83,401.166,2024-04-14,2023-10-07,11.0,4.0,78.0,304,0.5597014925373134,304,1065.32
CUST02605,2023-12-12,Social Media,28,Tier 1,1.0,714.69,714.69,2023-12-14,2023-12-14,1.0,1.0,200.0,202,0.15,202,1628.1100000000001
CUST02606,2024-01-03,Email,41,Tier 1,4.0,3713.43,928.3575,2024-06-03,2024-02-12,8.0,4.0,28.0,180,0.8571428571428571,180,0.0
CUST02607,2023-11-04,Organic Search,55,Tier 2,2.0,882.37,441.185,2024-02-04,2023-11-14,4.0,2.0,148.0,240,0.2608695652173913,240,2706.7599999999998
CUST02608,2023-12-23,Organic Search,59,Tier 1,1.0,553.71,553.71,2024-02-28,2024-02-28,4.0,1.0,124.0,191,0.24193548387096775,191,1858.02
CUST02609,2023-11-10,Paid Ads,37,Tier 3,10.0,9676.22,967.622,2024-06-23,2023-11-14,27.0,6.0,8.0,234,1.3043478260869565,234,14670.36
CUST02610,2023-08-17,Referral,36,Tier 2,1.0,150.0,150.0,2024-03-12,2024-03-12,4.0,1.0,111.0,319,0.2702702702702703,319,291.36
CUST02611,2023-07-03,Social Media,45,Tier 2,24.0,38746.48,1614.4366666666667,2024-06-25,2023-07-06,65.0,6.0,6.0,364,1.994459833795014,364,43379.12
CUST02612,2023-10-24,Paid Ads,24,Tier 3,3.0,1529.73,509.91,2024-05-24,2024-01-04,12.0,3.0,38.0,251,0.5027932960893855,251,4118.69
CUST02613,2023-12-22,Paid Ads,28,Tier 2,3.0,1536.23,512.0766666666667,2024-06-26,2024-01-31,6.0,3.0,5.0,192,0.5921052631578947,192,4238.1
CUST02614,2024-01-06,Paid Ads,20,Tier 1,14.0,14778.17,1055.5835714285715,2024-07-01,2024-01-06,38.0,6.0,0.0,177,2.3728813559322037,177,6538.38
CUST02615,2023-10-07,Social Media,42,Tier 1,1.0,422.9,422.9,2024-02-15,2024-02-15,4.0,1.0,137.0,268,0.218978102189781,268,1601.5900000000001
CUST02616,2023-10-24,Social Media,56,Tier 2,3.0,1763.19,587.73,2024-05-03,2023-12-25,5.0,3.0,59.0,251,0.47619047619047616,251,2224.62
CUST02617,2023-07-14,Paid Ads,46,Tier 3,6.0,4027.64,671.2733333333333,2024-06-26,2023-07-20,12.0,2.0,5.0,353,0.5187319884726225,353,961.05
CUST02618,2024-01-07,Social Media,46,Tier 2,7.0,3608.59,515.5128571428571,2024-06-16,2024-01-25,20.0,4.0,15.0,176,1.3291139240506329,176,0.0
CUST02619,2023-10-20,Email,57,Tier 3,20.0,31582.31,1579.1155,2024-07-01,2023-10-25,53.0,6.0,0.0,255,2.4,255,47439.96
CUST02620,2023-08-30,Referral,20,Tier 1,3.0,1872.6,624.1999999999999,2024-06-09,2023-09-29,10.0,2.0,22.0,306,0.32608695652173914,306,4234.1900000000005
CUST02621,2023-12-06,Referral,23,Tier 1,12.0,22032.14,1836.0116666666665,2024-06-26,2023-12-29,31.0,6.0,5.0,208,1.945945945945946,208,34015.32
CUST02622,2023-10-03,Social Media,29,Tier 1,14.0,24011.52,1715.1085714285714,2024-06-17,2023-10-03,34.0,4.0,14.0,272,1.5441176470588234,272,0.0
CUST02623,2023-07-17,Social Media,28,Tier 2,9.0,8633.64,959.2933333333333,2024-06-08,2023-07-26,20.0,5.0,23.0,350,0.7917888563049854,350,10703.34
CUST02624,2023-11-01,Organic Search,20,Tier 1,22.0,34853.81,1584.2640909090908,2024-06-30,2023-11-09,49.0,6.0,1.0,243,2.8085106382978724,243,22236.21
CUST02625,2023-07-24,Social Media,33,Tier 1,2.0,1196.17,598.085,2024-06-06,2023-07-26,5.0,2.0,25.0,343,0.17595307917888564,343,2340.71
CUST02626,2023-10-24,Paid Ads,57,Tier 2,33.0,107550.65,3259.1106060606057,2024-06-14,2023-10-26,92.0,6.0,17.0,251,3.9759036144578315,251,153417.42
CUST02627,2023-11-28,Organic Search,59,Tier 1,3.0,2078.11,692.7033333333334,2024-06-05,2024-02-01,6.0,3.0,26.0,216,0.5960264900662252,216,2707.3500000000004
CUST02628,2023-09-20,Paid Ads,55,Tier 2,10.0,10311.47,1031.147,2024-06-28,2023-09-25,31.0,5.0,3.0,285,1.0714285714285714,285,6610.41
CUST02629,2023-08-19,Social Media,25,Tier 2,17.0,15138.52,890.5011764705882,2024-06-25,2023-08-28,39.0,6.0,6.0,317,1.6558441558441557,317,8106.74
CUST02630,2023-09-17,Organic Search,38,Tier 1,5.0,2109.93,421.986,2024-06-07,2023-10-30,9.0,5.0,24.0,288,0.6122448979591836,288,2070.12
CUST02631,2023-09-17,Paid Ads,52,Tier 1,8.0,7276.97,909.62125,2024-05-20,2023-11-04,22.0,5.0,42.0,288,1.0,288,10157.65
CUST02632,2023-09-08,Paid Ads,53,Tier 3,10.0,7695.13,769.513,2024-06-03,2023-09-16,26.0,4.0,28.0,297,1.0380622837370244,297,15174.08
CUST02633,2023-07-27,Organic Search,52,Tier 1,5.0,2873.99,574.798,2024-04-20,2023-09-16,16.0,3.0,72.0,340,0.5190311418685122,340,2978.8599999999997
CUST02634,2023-07-15,Organic Search,40,Tier 1,4.0,1943.5900000000001,485.89750000000004,2024-04-16,2023-09-06,12.0,4.0,76.0,352,0.4013377926421405,352,4580.09
CUST02635,2023-08-19,Social Media,49,Tier 1,10.0,9444.880000000001,944.488,2024-06-06,2023-08-28,22.0,5.0,25.0,317,0.9740259740259739,317,9129.63
CUST02636,2023-08-05,Social Media,41,Tier 1,7.0,6014.21,859.1728571428572,2024-05-12,2023-08-10,19.0,4.0,50.0,331,0.6441717791411044,331,11261.58
CUST02637,2023-07-08,Organic Search,37,Tier 3,44.0,139551.8,3171.631818181818,2024-06-26,2023-07-14,104.0,6.0,5.0,359,3.7393767705382435,359,154276.62
CUST02638,2023-09-17,Social Media,22,Tier 1,15.0,24393.52,1626.2346666666667,2024-04-25,2023-10-11,43.0,6.0,67.0,288,1.7045454545454546,288,0.0
CUST02639,2023-11-08,Social Media,42,Tier 3,37.0,119758.68000000001,3236.721081081081,2024-06-28,2023-11-14,96.0,6.0,3.0,236,4.826086956521738,236,190208.09
CUST02640,2024-01-06,Paid Ads,38,Tier 1,7.0,4956.47,708.0671428571429,2024-06-20,2024-02-07,19.0,3.0,11.0,177,1.4482758620689655,177,0.0
CUST02641,2023-08-16,Social Media,57,Tier 3,1.0,882.68,882.68,2024-01-05,2024-01-05,1.0,1.0,178.0,320,0.16853932584269662,320,0.0
CUST02642,2023-10-13,Referral,46,Tier 2,3.0,1746.5,582.1666666666666,2024-02-28,2024-01-13,11.0,3.0,124.0,262,0.5294117647058824,262,4795.76
CUST02643,2023-10-06,Paid Ads,57,Tier 2,13.0,18650.79,1434.676153846154,2024-06-21,2023-11-19,29.0,6.0,10.0,269,1.7333333333333332,269,45126.37
CUST02644,2023-10-04,Organic Search,35,Tier 2,7.0,7375.25,1053.607142857143,2024-06-27,2023-10-25,23.0,5.0,4.0,271,0.84,271,17444.42
CUST02645,2024-01-05,Referral,37,Tier 1,0.0,0.0,0.0,,,0.0,0.0,360.0,178,0.0,178,0.0
CUST02646,2023-12-07,Email,53,Tier 2,4.0,1783.36,445.84,2024-04-14,2023-12-15,9.0,3.0,78.0,207,0.6030150753768845,207,3109.42
CUST02647,2023-10-24,Organic Search,50,Tier 1,33.0,105287.52,3190.530909090909,2024-07-01,2023-10-24,75.0,6.0,0.0,251,3.944223107569721,251,82057.66
CUST02648,2023-07-13,Email,57,Tier 1,4.0,5005.91,1251.4775,2024-06-02,2023-09-22,10.0,3.0,29.0,354,0.42402826855123676,354,7455.59
CUST02649,2023-07-01,Paid Ads,53,Tier 2,17.0,16147.96,949.88,2024-05-17,2023-07-25,46.0,6.0,45.0,366,1.4912280701754386,366,18204.31
CUST02650,2023-08-03,Social Media,48,Tier 1,13.0,14150.880000000001,1088.529230769231,2024-06-27,2023-09-05,38.0,4.0,4.0,333,1.3,333,13460.16
CUST02651,2024-01-06,Paid Ads,35,Tier 3,3.0,1656.6100000000001,552.2033333333334,2024-05-31,2024-01-26,9.0,3.0,31.0,177,0.5732484076433121,177,3036.77
CUST02652,2023-09-17,Organic Search,47,Tier 1,5.0,2455.8999999999996,491.17999999999995,2024-03-08,2023-09-20,14.0,4.0,115.0,288,0.5263157894736842,288,5301.43
CUST02653,2023-09-16,Email,24,Tier 2,7.0,3917.55,559.65,2024-05-09,2023-10-17,21.0,5.0,53.0,289,0.813953488372093,289,3100.45
CUST02654,2023-10-29,Paid Ads,35,Tier 3,1.0,307.91,307.91,2024-07-01,2024-07-01,4.0,1.0,0.0,246,30.0,246,1944.1999999999998
CUST02655,2023-10-01,Organic Search,35,Tier 2,26.0,43349.58,1667.2915384615385,2024-07-01,2023-10-15,71.0,5.0,0.0,274,3.0,274,47943.95
CUST02656,2023-10-06,Email,32,Tier 2,6.0,6487.05,1081.175,2024-06-14,2023-10-27,19.0,4.0,17.0,269,0.7258064516129032,269,11722.17
CUST02657,2023-09-20,Social Media,42,Tier 2,25.0,42181.54,1687.2616,2024-07-01,2023-10-19,65.0,6.0,0.0,285,2.9296875,285,20027.28
CUST02658,2024-01-15,Organic Search,55,Tier 3,16.0,24785.21,1549.075625,2024-06-28,2024-01-21,44.0,5.0,3.0,168,2.962962962962963,168,42181.57
CUST02659,2023-12-06,Email,58,Tier 1,2.0,1225.2,612.6,2024-04-26,2023-12-13,5.0,1.0,66.0,208,0.29850746268656714,208,5493.25
CUST02660,2024-01-08,Paid Ads,57,Tier 2,14.0,14632.810000000001,1045.2007142857144,2024-06-25,2024-01-16,36.0,6.0,6.0,175,2.5149700598802394,175,14710.34
CUST02661,2023-11-30,Organic Search,50,Tier 1,12.0,13983.78,1165.315,2024-06-05,2024-01-01,29.0,4.0,26.0,214,1.978021978021978,214,2160.0299999999997
CUST02662,2023-08-07,Paid Ads,54,Tier 1,27.0,46942.51,1738.6114814814816,2024-06-19,2023-08-09,72.0,6.0,12.0,329,2.4770642201834865,329,42967.17
CUST02663,2023-07-14,Paid Ads,55,Tier 1,3.0,1053.82,351.2733333333333,2024-04-07,2023-12-29,5.0,3.0,85.0,353,0.4864864864864865,353,2387.98
CUST02664,2023-11-13,Social Media,32,Tier 1,12.0,11188.81,932.4008333333333,2024-06-16,2023-11-21,33.0,5.0,15.0,231,1.6143497757847534,231,14749.24
CUST02665,2023-09-29,Organic Search,45,Tier 2,13.0,13632.69,1048.6684615384615,2024-05-26,2023-10-05,33.0,5.0,36.0,276,1.4444444444444444,276,13006.98
CUST02666,2023-08-23,Social Media,37,Tier 3,6.0,3230.05,538.3416666666667,2024-05-14,2023-09-21,17.0,3.0,48.0,313,0.6338028169014085,313,1172.1100000000001
CUST02667,2023-11-07,Organic Search,49,Tier 2,2.0,1374.26,687.13,2024-04-22,2024-03-18,6.0,2.0,70.0,237,0.5714285714285715,237,490.6
CUST02668,2023-10-09,Referral,27,Tier 2,12.0,9973.35,831.1125000000001,2024-06-02,2023-10-31,36.0,6.0,29.0,266,1.4754098360655736,266,15225.550000000001
CUST02669,2023-09-27,Email,56,Tier 1,8.0,8255.02,1031.8775,2024-06-24,2023-11-02,22.0,2.0,7.0,278,0.9917355371900827,278,5700.43
CUST02670,2023-08-25,Social Media,35,Tier 1,4.0,1937.1100000000001,484.27750000000003,2024-06-11,2024-02-25,13.0,4.0,20.0,311,0.9448818897637795,311,5702.07
CUST02671,2023-10-02,Organic Search,37,Tier 1,13.0,11837.42,910.5707692307692,2024-05-30,2023-10-05,35.0,5.0,32.0,273,1.4444444444444444,273,14494.17
CUST02672,2023-10-01,Paid Ads,22,Tier 2,2.0,852.4300000000001,426.21500000000003,2024-05-04,2024-04-15,2.0,2.0,58.0,274,0.7792207792207793,274,1844.95
CUST02673,2023-09-22,Organic Search,29,Tier 1,9.0,8288.3,920.9222222222221,2024-06-13,2023-10-13,23.0,5.0,18.0,283,1.0305343511450382,283,20321.86
CUST02674,2023-09-23,Referral,40,Tier 2,3.0,1376.95,458.98333333333335,2024-03-10,2023-10-23,10.0,3.0,113.0,282,0.3571428571428571,282,3790.67
CUST02675,2024-01-05,Paid Ads,22,Tier 3,8.0,11823.91,1477.98875,2024-06-21,2024-01-11,21.0,5.0,10.0,178,1.3953488372093024,178,48611.090000000004
CUST02676,2023-07-22,Email,35,Tier 2,4.0,2521.29,630.3225,2024-05-05,2023-09-05,10.0,4.0,57.0,345,0.4,345,3474.41
CUST02677,2023-08-04,Social Media,26,Tier 2,4.0,2495.92,623.98,2024-02-01,2023-09-25,10.0,3.0,151.0,332,0.42857142857142855,332,1486.4
CUST02678,2023-07-16,Paid Ads,52,Tier 2,4.0,2253.55,563.3875,2024-06-22,2023-10-15,8.0,3.0,9.0,351,0.46153846153846156,351,2055.87
CUST02679,2023-08-19,Social Media,29,Tier 1,1.0,701.7,701.7,2024-02-04,2024-02-04,4.0,1.0,148.0,317,0.20270270270270271,317,4277.38
CUST02680,2023-10-30,Email,49,Tier 1,14.0,14373.61,1026.6864285714287,2024-06-12,2023-11-05,35.0,6.0,19.0,245,1.7573221757322175,245,11249.61
CUST02681,2023-11-05,Social Media,29,Tier 3,2.0,943.83,471.915,2024-01-23,2023-11-17,4.0,1.0,160.0,239,0.2643171806167401,239,3143.2200000000003
CUST02682,2023-10-21,Paid Ads,56,Tier 2,25.0,44160.48,1766.4192,2024-06-26,2023-11-01,53.0,6.0,5.0,254,3.0864197530864197,254,41452.75
CUST02683,2023-12-18,Paid Ads,39,Tier 2,4.0,1887.76,471.94,2024-04-07,2023-12-25,9.0,3.0,85.0,196,0.6349206349206349,196,2008.68
CUST02684,2023-07-17,Organic Search,48,Tier 1,2.0,1008.9,504.45,2024-01-17,2023-11-15,3.0,2.0,166.0,350,0.26200873362445415,350,3406.11
CUST02685,2023-09-18,Social Media,28,Tier 2,4.0,2042.57,510.6425,2024-06-28,2024-01-03,7.0,3.0,3.0,287,0.6666666666666667,287,0.0
CUST02686,2024-01-02,Email,44,Tier 1,2.0,890.3,445.15,2024-05-13,2024-03-24,5.0,2.0,49.0,181,0.6060606060606061,181,1841.3400000000001
CUST02687,2023-11-07,Paid Ads,45,Tier 1,3.0,1627.06,542.3533333333334,2024-05-30,2024-01-17,5.0,2.0,32.0,237,0.5421686746987951,237,2972.7
CUST02688,2023-11-09,Referral,26,Tier 1,10.0,8579.4,857.9399999999999,2024-06-03,2023-11-17,24.0,5.0,28.0,235,1.3215859030837005,235,15206.12
CUST02689,2023-09-23,Organic Search,57,Tier 1,5.0,3999.65,799.9300000000001,2024-05-27,2023-11-05,14.0,3.0,35.0,282,0.6276150627615062,282,3219.1
CUST02690,2023-12-14,Social Media,26,Tier 1,9.0,7983.96,887.1066666666667,2024-06-08,2023-12-26,22.0,4.0,23.0,200,1.4361702127659575,200,15003.1
CUST02691,2023-10-02,Referral,26,Tier 1,11.0,12306.09,1118.7354545454546,2024-06-30,2023-10-17,29.0,6.0,1.0,273,1.2790697674418605,273,15518.07
CUST02692,2023-11-11,Social Media,52,Tier 2,9.0,8345.52,927.2800000000001,2024-06-22,2023-11-27,22.0,5.0,9.0,233,1.2442396313364055,233,17329.09
CUST02693,2023-09-19,Social Media,34,Tier 2,2.0,1117.56,558.78,2023-12-12,2023-11-12,7.0,2.0,202.0,286,0.25862068965517243,286,1573.04
CUST02694,2023-09-07,Paid Ads,59,Tier 2,12.0,13076.029999999999,1089.6691666666666,2024-06-19,2023-10-15,32.0,5.0,12.0,298,1.3846153846153846,298,13376.05
CUST02695,2023-09-07,Organic Search,31,Tier 2,47.0,142413.72,3030.0791489361704,2024-07-01,2023-09-19,121.0,6.0,0.0,298,4.93006993006993,298,186475.54
CUST02696,2023-11-25,Social Media,41,Tier 3,8.0,8529.17,1066.14625,2024-06-01,2023-12-07,19.0,5.0,30.0,219,1.1594202898550725,219,11295.35
CUST02697,2024-01-08,Paid Ads,30,Tier 1,5.0,4136.99,827.3979999999999,2024-05-15,2024-01-29,14.0,3.0,47.0,175,0.9740259740259739,175,10112.22
CUST02698,2023-07-16,Organic Search,45,Tier 1,6.0,3049.61,508.2683333333334,2024-03-08,2023-09-28,12.0,4.0,115.0,351,0.6498194945848376,351,1984.91
CUST02699,2023-08-20,Social Media,40,Tier 2,32.0,51962.07,1623.8146875,2024-06-30,2023-09-10,77.0,6.0,1.0,316,3.254237288135593,316,41389.85
CUST02700,2023-10-13,Paid Ads,50,Tier 1,16.0,24847.899999999998,1552.9937499999999,2024-06-16,2023-10-18,50.0,6.0,15.0,262,1.867704280155642,262,33099.91
CUST02701,2023-12-12,Referral,45,Tier 2,6.0,4051.08,675.18,2024-05-16,2024-01-04,15.0,4.0,46.0,202,1.005586592178771,202,7903.79
CUST02702,2024-01-13,Social Media,20,Tier 2,26.0,80695.96,3103.6907692307695,2024-06-04,2024-01-21,64.0,6.0,27.0,170,4.814814814814815,170,128640.55
CUST02703,2023-12-17,Social Media,51,Tier 3,4.0,1949.44,487.36,2024-05-17,2024-03-01,10.0,3.0,45.0,197,0.9836065573770493,197,0.0
CUST02704,2024-01-01,Social Media,44,Tier 3,2.0,1380.98,690.49,2024-06-27,2024-06-23,7.0,1.0,4.0,182,7.5,182,0.0
CUST02705,2023-09-04,Social Media,46,Tier 3,17.0,26729.33,1572.3135294117649,2024-07-01,2023-09-06,38.0,6.0,0.0,301,1.705685618729097,301,31549.98
CUST02706,2023-07-09,Social Media,37,Tier 1,30.0,50515.94,1683.8646666666668,2024-06-29,2023-07-12,66.0,6.0,2.0,358,2.535211267605634,358,53565.42
CUST02707,2023-10-15,Email,23,Tier 3,3.0,1575.57,525.1899999999999,2024-06-05,2023-12-25,9.0,2.0,26.0,260,0.47619047619047616,260,3965.35
CUST02708,2023-10-08,Organic Search,51,Tier 1,5.0,2548.27,509.654,2024-04-28,2023-12-11,11.0,3.0,64.0,267,0.7389162561576355,267,1276.6399999999999
CUST02709,2023-09-24,Social Media,38,Tier 2,2.0,1255.78,627.89,2023-12-19,2023-10-17,6.0,2.0,195.0,281,0.23255813953488372,281,3682.53
CUST02710,2023-09-02,Social Media,48,Tier 2,3.0,2106.95,702.3166666666666,2024-06-12,2023-10-15,6.0,2.0,19.0,303,0.34615384615384615,303,2554.5
CUST02711,2023-07-22,Paid Ads,26,Tier 1,31.0,45875.31,1479.8487096774193,2024-06-29,2023-08-06,80.0,6.0,2.0,345,2.818181818181818,345,43471.45
CUST02712,2023-12-09,Organic Search,56,Tier 2,8.0,8064.87,1008.10875,2024-06-17,2023-12-16,19.0,4.0,14.0,205,1.2121212121212122,205,15511.33
CUST02713,2023-12-30,Email,35,Tier 1,3.0,2034.9699999999998,678.3233333333333,2024-06-25,2024-02-26,10.0,3.0,6.0,184,0.7142857142857142,184,2292.67
CUST02714,2023-12-04,Organic Search,19,Tier 1,4.0,2350.51,587.6275,2024-05-12,2024-03-06,8.0,3.0,50.0,210,1.0256410256410258,210,2571.25
CUST02715,2023-12-13,Referral,21,Tier 3,6.0,3997.62,666.27,2024-05-20,2023-12-25,15.0,6.0,42.0,201,0.9523809523809523,201,4326.99
CUST02716,2023-10-18,Referral,44,Tier 1,4.0,2373.25,593.3125,2024-03-26,2023-12-15,11.0,3.0,97.0,257,0.6030150753768845,257,566.55
CUST02717,2023-10-05,Organic Search,49,Tier 1,12.0,9855.74,821.3116666666666,2024-06-16,2023-11-09,32.0,6.0,15.0,270,1.5319148936170213,270,10968.88
CUST02718,2023-07-18,Email,26,Tier 1,57.0,165216.57,2898.536315789474,2024-06-28,2023-07-29,156.0,6.0,3.0,349,5.059171597633136,349,136113.85
CUST02719,2023-09-09,Organic Search,26,Tier 3,19.0,27796.85,1462.9921052631578,2024-06-23,2023-09-16,42.0,6.0,8.0,296,1.9723183391003458,296,45090.71
CUST02720,2024-01-09,Social Media,53,Tier 1,5.0,3549.95,709.99,2024-06-15,2024-03-01,13.0,3.0,16.0,174,1.2295081967213113,174,2042.46
CUST02721,2023-11-04,Paid Ads,57,Tier 1,17.0,26985.9,1587.4058823529413,2024-06-28,2023-11-22,49.0,6.0,3.0,240,2.2972972972972974,240,47002.53
CUST02722,2023-10-05,Email,46,Tier 3,21.0,34684.67,1651.6509523809523,2024-07-01,2023-10-30,52.0,6.0,0.0,270,2.5714285714285716,270,47015.0
CUST02723,2023-07-01,Paid Ads,22,Tier 1,32.0,51643.82,1613.869375,2024-06-21,2023-07-12,80.0,6.0,10.0,366,2.704225352112676,366,17372.46
CUST02724,2023-11-09,Organic Search,34,Tier 1,7.0,7509.43,1072.7757142857142,2024-03-26,2023-12-24,13.0,4.0,97.0,235,1.1052631578947367,235,0.0
CUST02725,2023-07-04,Paid Ads,31,Tier 2,5.0,3030.38,606.076,2024-05-20,2023-11-05,11.0,4.0,42.0,363,0.6276150627615062,363,1019.9000000000001
CUST02726,2023-11-02,Organic Search,38,Tier 2,5.0,3648.48,729.696,2024-06-05,2023-11-12,11.0,4.0,26.0,242,0.646551724137931,242,934.92
CUST02727,2023-09-20,Email,23,Tier 3,1.0,393.49,393.49,2023-11-19,2023-11-19,1.0,1.0,225.0,285,0.13333333333333333,285,885.13
CUST02728,2023-07-27,Organic Search,55,Tier 1,8.0,4526.0599999999995,565.7574999999999,2024-05-01,2023-11-05,18.0,4.0,61.0,340,1.00418410041841,340,0.0
CUST02729,2023-12-18,Paid Ads,38,Tier 3,5.0,3046.52,609.304,2024-06-01,2023-12-22,9.0,4.0,30.0,196,0.78125,196,2758.6
CUST02730,2023-08-28,Social Media,42,Tier 3,7.0,7015.52,1002.2171428571429,2024-06-18,2023-09-01,21.0,3.0,13.0,308,0.6907894736842105,308,8592.0
CUST02731,2023-08-01,Social Media,54,Tier 1,5.0,5514.549999999999,1102.9099999999999,2024-04-20,2023-12-28,14.0,2.0,72.0,335,0.8064516129032259,335,14261.22
CUST02732,2023-12-08,Social Media,52,Tier 1,9.0,8402.08,933.5644444444445,2024-06-14,2023-12-22,20.0,5.0,17.0,206,1.40625,206,13017.06
CUST02733,2023-07-28,Referral,52,Tier 3,7.0,4471.8,638.8285714285714,2024-06-27,2023-12-01,17.0,4.0,4.0,339,0.9859154929577465,339,1781.6499999999999
CUST02734,2023-10-14,Organic Search,37,Tier 2,33.0,114343.46,3464.9533333333334,2024-05-24,2023-10-17,87.0,6.0,38.0,261,3.8372093023255816,261,89908.43
CUST02735,2023-10-13,Organic Search,35,Tier 2,14.0,22602.86,1614.49,2024-06-20,2023-11-04,34.0,5.0,11.0,262,1.75,262,56376.57
CUST02736,2023-12-30,Email,23,Tier 2,10.0,17356.0,1735.6,2024-06-28,2024-01-04,22.0,4.0,3.0,184,1.6759776536312847,184,4243.07
CUST02737,2024-01-04,Social Media,43,Tier 2,26.0,82543.19,3174.738076923077,2024-06-23,2024-01-10,68.0,6.0,8.0,179,4.508670520231214,179,155732.09
CUST02738,2023-09-08,Referral,36,Tier 3,8.0,7499.96,937.495,2024-03-05,2023-10-03,17.0,4.0,118.0,297,0.8823529411764706,297,16394.7
CUST02739,2023-08-31,Organic Search,26,Tier 1,46.0,156989.07,3412.8058695652176,2024-06-28,2023-09-08,113.0,6.0,3.0,305,4.646464646464646,305,211419.39
CUST02740,2023-08-03,Paid Ads,45,Tier 1,7.0,3532.63,504.6614285714286,2024-06-29,2023-09-22,17.0,5.0,2.0,333,0.7420494699646643,333,909.5699999999999
CUST02741,2023-09-25,Organic Search,33,Tier 3,5.0,3166.94,633.388,2024-06-02,2023-11-22,10.0,4.0,29.0,280,0.6756756756756757,280,5651.1
CUST02742,2023-10-22,Social Media,31,Tier 3,1.0,437.02,437.02,2024-05-17,2024-05-17,1.0,1.0,45.0,253,0.6666666666666667,253,2435.08
CUST02743,2023-10-14,Email,34,Tier 2,3.0,1284.83,428.27666666666664,2024-01-24,2023-11-19,6.0,2.0,159.0,261,0.4,261,1736.06
CUST02744,2023-08-25,Organic Search,40,Tier 3,7.0,4812.22,687.46,2024-06-23,2023-10-26,16.0,4.0,8.0,311,0.8433734939759036,311,831.88
CUST02745,2023-10-21,Paid Ads,38,Tier 2,11.0,9266.38,842.3981818181818,2024-06-05,2023-11-12,29.0,4.0,26.0,254,1.4224137931034482,254,2008.17
CUST02746,2023-07-13,Email,31,Tier 1,23.0,34456.58,1498.1121739130435,2024-06-21,2023-07-14,58.0,5.0,10.0,354,1.9546742209631727,354,40339.86
CUST02747,2023-12-31,Social Media,38,Tier 3,3.0,3907.0699999999997,1302.3566666666666,2024-06-12,2024-01-01,8.0,3.0,19.0,183,0.4945054945054945,183,18746.16
CUST02748,2023-07-18,Organic Search,20,Tier 1,8.0,4162.93,520.36625,2024-02-09,2023-08-15,20.0,5.0,143.0,349,0.7476635514018691,349,5146.34
CUST02749,2023-12-29,Social Media,53,Tier 1,11.0,19147.51,1740.682727272727,2024-06-03,2024-01-23,26.0,5.0,28.0,185,2.0625,185,55053.55
CUST02750,2023-10-21,Email,37,Tier 1,13.0,12697.07,976.6976923076923,2024-05-17,2023-11-09,28.0,5.0,45.0,254,1.6595744680851063,254,5170.0
CUST02751,2023-12-18,Social Media,55,Tier 2,3.0,1357.48,452.49333333333334,2024-04-13,2024-01-19,7.0,1.0,79.0,196,0.548780487804878,196,1931.9
CUST02752,2023-08-08,Social Media,24,Tier 3,10.0,8748.79,874.8790000000001,2024-06-30,2023-09-05,23.0,5.0,1.0,328,1.0,328,11684.3
CUST02753,2024-01-05,Organic Search,32,Tier 1,5.0,2287.32,457.46400000000006,2024-06-17,2024-02-10,11.0,4.0,14.0,178,1.0563380281690142,178,4882.04
CUST02754,2023-12-17,Organic Search,22,Tier 1,2.0,1201.58,600.79,2024-05-02,2024-03-11,6.0,2.0,60.0,197,0.5357142857142857,197,336.15
CUST02755,2023-09-17,Social Media,40,Tier 2,21.0,36874.770000000004,1755.9414285714288,2024-06-21,2023-09-26,53.0,6.0,10.0,288,2.2580645161290325,288,56255.41
CUST02756,2023-11-23,Organic Search,57,Tier 3,2.0,1079.1399999999999,539.5699999999999,2024-04-01,2023-11-25,4.0,2.0,91.0,221,0.273972602739726,221,487.48
CUST02757,2023-11-28,Social Media,54,Tier 2,10.0,9456.02,945.6020000000001,2024-06-24,2024-01-11,31.0,4.0,7.0,216,1.744186046511628,216,14192.69
CUST02758,2023-12-29,Social Media,52,Tier 2,20.0,32168.6,1608.4299999999998,2024-06-21,2023-12-29,52.0,6.0,10.0,185,3.2432432432432434,185,46419.37
CUST02759,2023-07-30,Social Media,45,Tier 2,9.0,8433.9,937.0999999999999,2024-01-18,2023-08-01,25.0,5.0,165.0,337,0.8059701492537313,337,19745.94
CUST02760,2023-10-06,Organic Search,25,Tier 1,7.0,3716.9,530.9857142857143,2024-06-29,2023-10-07,16.0,3.0,2.0,269,0.7835820895522387,269,3976.2799999999997
CUST02761,2023-08-27,Paid Ads,21,Tier 1,2.0,1175.6399999999999,587.8199999999999,2023-12-02,2023-11-14,5.0,1.0,212.0,309,0.2608695652173913,309,806.4
CUST02762,2024-01-12,Email,51,Tier 1,4.0,2813.66,703.415,2024-06-27,2024-02-23,11.0,3.0,4.0,171,0.9302325581395349,171,1869.79
CUST02763,2023-09-05,Organic Search,20,Tier 3,7.0,5964.469999999999,852.0671428571428,2024-03-25,2023-10-12,16.0,4.0,98.0,300,0.7984790874524714,300,0.0
CUST02764,2023-09-09,Social Media,34,Tier 1,9.0,8667.09,963.01,2024-06-20,2023-09-14,22.0,4.0,11.0,296,0.9278350515463918,296,16369.41
CUST02765,2023-11-23,Social Media,43,Tier 2,4.0,1330.62,332.655,2024-07-01,2023-11-29,11.0,3.0,0.0,221,0.5581395348837209,221,0.0
CUST02766,2023-10-14,Paid Ads,33,Tier 1,31.0,102201.24,3296.8141935483873,2024-06-26,2023-10-16,81.0,6.0,5.0,261,3.5907335907335907,261,156909.88
CUST02767,2023-07-07,Social Media,42,Tier 2,11.0,12798.54,1163.5036363636364,2024-06-19,2023-08-27,34.0,6.0,12.0,360,1.0679611650485437,360,19341.48
CUST02768,2023-08-09,Organic Search,33,Tier 1,6.0,3095.33,515.8883333333333,2024-06-25,2023-09-09,15.0,4.0,6.0,327,0.6081081081081081,327,2379.2799999999997
CUST02769,2023-09-08,Paid Ads,49,Tier 1,11.0,11261.42,1023.7654545454545,2024-04-24,2023-09-22,21.0,5.0,68.0,297,1.166077738515901,297,13973.43
CUST02770,2024-01-09,Referral,32,Tier 1,7.0,6524.78,932.1114285714285,2024-06-16,2024-01-28,20.0,5.0,15.0,174,1.3548387096774193,174,13465.77
CUST02771,2023-09-06,Referral,32,Tier 2,2.0,1352.74,676.37,2023-10-25,2023-09-16,6.0,2.0,250.0,299,0.20761245674740486,299,3410.47
CUST02772,2023-08-18,Paid Ads,24,Tier 1,1.0,626.85,626.85,2023-11-21,2023-11-21,1.0,1.0,223.0,318,0.13452914798206278,318,1338.16
CUST02773,2023-08-21,Referral,32,Tier 2,20.0,39627.72,1981.386,2024-06-17,2023-10-08,52.0,6.0,14.0,315,2.247191011235955,315,51752.25
CUST02774,2023-10-22,Paid Ads,35,Tier 2,3.0,2617.16,872.3866666666667,2024-02-07,2023-11-21,9.0,2.0,145.0,253,0.40358744394618834,253,0.0
CUST02775,2023-10-15,Organic Search,36,Tier 2,17.0,14679.51,863.5005882352941,2024-07-01,2023-10-22,44.0,5.0,0.0,260,2.015810276679842,260,2810.9
CUST02776,2023-07-29,Organic Search,38,Tier 2,6.0,5775.89,962.6483333333334,2024-06-03,2023-08-02,14.0,4.0,28.0,338,0.5389221556886228,338,17492.26
CUST02777,2023-11-26,Referral,35,Tier 3,4.0,1977.56,494.39,2024-06-25,2024-02-13,9.0,2.0,6.0,218,0.8633093525179857,218,2198.82
CUST02778,2023-09-16,Organic Search,34,Tier 1,4.0,2220.23,555.0575,2024-06-25,2023-09-17,13.0,4.0,6.0,289,0.41666666666666663,289,2019.34
CUST02779,2023-07-09,Email,58,Tier 1,18.0,14547.99,808.2216666666667,2024-06-05,2023-08-06,44.0,6.0,26.0,358,1.6363636363636362,358,10106.06
CUST02780,2023-12-22,Email,57,Tier 3,3.0,1978.39,659.4633333333334,2024-06-05,2023-12-23,8.0,3.0,26.0,192,0.4712041884816754,192,2323.49
CUST02781,2023-09-14,Social Media,50,Tier 1,6.0,3732.69,622.115,2024-06-25,2023-10-04,19.0,3.0,6.0,291,0.6642066420664207,291,0.0
CUST02782,2023-08-11,Paid Ads,27,Tier 3,21.0,34911.88,1662.4704761904761,2024-06-22,2023-08-20,54.0,6.0,9.0,325,1.9936708860759491,325,0.0
CUST02783,2023-12-26,Organic Search,45,Tier 1,33.0,108874.44,3299.225454545455,2024-06-28,2023-12-27,73.0,6.0,3.0,188,5.294117647058824,188,178699.83
CUST02784,2023-12-31,Organic Search,51,Tier 2,13.0,19242.94,1480.2261538461537,2024-06-23,2024-01-03,35.0,6.0,8.0,183,2.1666666666666665,183,27709.37
CUST02785,2023-12-26,Email,28,Tier 1,16.0,26122.2,1632.6375,2024-06-23,2024-01-04,36.0,5.0,8.0,188,2.681564245810056,188,44835.48
CUST02786,2024-01-14,Social Media,35,Tier 3,1.0,629.24,629.24,2024-02-05,2024-02-05,3.0,1.0,147.0,169,0.20408163265306123,169,3466.42
CUST02787,2023-11-05,Email,54,Tier 2,36.0,115376.59,3204.905277777778,2024-06-30,2023-11-06,87.0,6.0,1.0,239,4.53781512605042,239,153559.76
CUST02788,2023-07-20,Social Media,35,Tier 1,2.0,1080.27,540.135,2024-04-04,2023-08-22,2.0,2.0,88.0,347,0.1910828025477707,347,899.01
CUST02789,2023-12-02,Organic Search,36,Tier 1,30.0,104266.09,3475.536333333333,2024-06-30,2023-12-07,76.0,6.0,1.0,212,4.3478260869565215,212,172623.95
CUST02790,2023-12-13,Social Media,41,Tier 1,36.0,112369.56,3121.3766666666666,2024-07-01,2023-12-15,94.0,6.0,0.0,201,5.42713567839196,201,155223.94
CUST02791,2023-09-10,Email,52,Tier 2,8.0,7298.89,912.36125,2024-03-08,2023-10-19,22.0,6.0,115.0,295,0.9375,295,0.0
CUST02792,2023-09-03,Organic Search,26,Tier 1,39.0,142671.5,3658.24358974359,2024-06-29,2023-09-20,101.0,6.0,2.0,302,4.105263157894737,302,158141.46
CUST02793,2023-12-29,Paid Ads,31,Tier 1,9.0,8571.65,952.4055555555556,2024-06-14,2024-01-04,23.0,5.0,17.0,185,1.5083798882681565,185,1841.97
CUST02794,2023-10-21,Social Media,41,Tier 2,4.0,2687.83,671.9575,2024-06-07,2023-11-10,10.0,3.0,24.0,254,0.5128205128205129,254,1519.4299999999998
CUST02795,2023-07-24,Social Media,38,Tier 1,20.0,15822.27,791.1135,2024-06-25,2023-07-30,52.0,6.0,6.0,343,1.7804154302670623,343,9971.22
CUST02796,2023-11-05,Organic Search,40,Tier 1,4.0,4398.05,1099.5125,2024-04-09,2023-11-20,6.0,3.0,83.0,239,0.5357142857142857,239,18124.12
CUST02797,2023-12-22,Social Media,41,Tier 1,1.0,274.26,274.26,2024-05-23,2024-05-23,4.0,1.0,39.0,192,0.7692307692307692,192,3083.14
CUST02798,2024-01-15,Organic Search,59,Tier 2,6.0,4923.77,820.6283333333334,2024-06-30,2024-03-01,18.0,4.0,1.0,168,1.4754098360655736,168,7269.87
CUST02799,2023-09-21,Organic Search,53,Tier 3,55.0,184093.67,3347.157636363637,2024-06-25,2023-09-22,141.0,6.0,6.0,284,5.830388692579505,284,155105.81
CUST02800,2023-09-01,Email,21,Tier 1,4.0,2666.09,666.5225,2024-05-16,2023-12-22,12.0,3.0,46.0,304,0.625,304,806.63
CUST02801,2024-01-01,Email,52,Tier 2,20.0,36792.37,1839.6185,2024-06-28,2024-01-01,52.0,6.0,3.0,182,3.2967032967032965,182,13456.720000000001
CUST02802,2023-12-30,Social Media,51,Tier 1,8.0,11610.83,1451.35375,2024-07-01,2024-01-07,19.0,5.0,0.0,184,1.3636363636363638,184,50093.97
CUST02803,2023-08-29,Paid Ads,35,Tier 1,21.0,33497.77,1595.1319047619047,2024-06-22,2023-10-06,49.0,6.0,9.0,307,2.342007434944238,307,46620.61
CUST02804,2023-10-07,Organic Search,37,Tier 2,41.0,125947.76,3071.8965853658538,2024-06-25,2023-10-15,109.0,6.0,6.0,268,4.730769230769231,268,168623.0
CUST02805,2023-08-31,Paid Ads,48,Tier 1,6.0,6033.18,1005.5300000000001,2024-02-21,2023-09-10,15.0,3.0,131.0,305,0.6101694915254237,305,7940.610000000001
CUST02806,2023-07-30,Organic Search,41,Tier 2,44.0,131942.65,2998.696590909091,2024-06-22,2023-07-31,122.0,6.0,9.0,337,3.928571428571429,337,177600.56
CUST02807,2023-07-22,Organic Search,33,Tier 3,23.0,38476.19,1672.8778260869567,2024-06-28,2023-07-30,59.0,6.0,3.0,345,2.0474777448071215,345,37135.74
CUST02808,2023-11-03,Paid Ads,32,Tier 3,3.0,1177.95,392.65000000000003,2024-06-23,2024-03-20,11.0,3.0,8.0,241,0.8737864077669903,241,5403.59
CUST02809,2023-12-04,Paid Ads,20,Tier 1,10.0,8703.54,870.354,2024-06-22,2023-12-15,22.0,4.0,9.0,210,1.5075376884422111,210,8453.64
CUST02810,2023-12-16,Organic Search,57,Tier 1,3.0,2885.46,961.82,2024-02-05,2024-01-20,10.0,2.0,147.0,198,0.5521472392638037,198,0.0
CUST02811,2023-08-11,Email,36,Tier 3,3.0,1364.04,454.68,2024-06-25,2023-11-04,10.0,2.0,6.0,325,0.375,325,3101.38
CUST02812,2023-10-06,Organic Search,24,Tier 1,8.0,7527.49,940.93625,2024-06-28,2023-10-31,16.0,4.0,3.0,269,0.9836065573770493,269,10882.93
CUST02813,2024-01-09,Organic Search,50,Tier 2,9.0,9462.4,1051.3777777777777,2024-07-01,2024-02-21,21.0,5.0,0.0,174,2.0610687022900764,174,11675.94
CUST02814,2023-07-31,Email,39,Tier 1,4.0,1966.04,491.51,2024-05-05,2023-08-16,7.0,3.0,57.0,336,0.375,336,1911.35
CUST02815,2023-12-05,Organic Search,58,Tier 1,10.0,8726.93,872.693,2024-06-30,2023-12-30,24.0,5.0,1.0,209,1.6304347826086956,209,9145.47
CUST02816,2023-10-20,Email,46,Tier 1,13.0,18648.79,1434.5223076923078,2024-06-25,2023-10-28,32.0,5.0,6.0,255,1.5789473684210527,255,54260.1
CUST02817,2023-11-23,Organic Search,45,Tier 3,8.0,8242.82,1030.3525,2024-03-19,2023-12-15,17.0,4.0,104.0,221,1.206030150753769,221,0.0
CUST02818,2023-10-30,Paid Ads,20,Tier 3,7.0,3434.7000000000003,490.67142857142863,2024-05-30,2023-11-05,20.0,4.0,32.0,245,0.8786610878661087,245,2199.36
CUST02819,2023-07-17,Organic Search,51,Tier 1,7.0,3431.75,490.25,2024-04-30,2023-10-04,14.0,4.0,62.0,350,0.7749077490774908,350,1683.99
CUST02820,2023-08-07,Organic Search,34,Tier 3,3.0,1656.05,552.0166666666667,2024-04-24,2024-02-27,6.0,3.0,68.0,329,0.72,329,2226.7000000000003
CUST02821,2023-11-19,Email,57,Tier 1,19.0,30548.23,1607.8015789473684,2024-06-10,2023-11-20,49.0,6.0,21.0,225,2.544642857142857,225,45117.99
CUST02822,2023-10-18,Referral,40,Tier 1,3.0,1423.5500000000002,474.5166666666667,2024-05-09,2024-01-26,7.0,3.0,53.0,257,0.5732484076433121,257,1653.07
CUST02823,2023-12-31,Organic Search,31,Tier 2,10.0,9215.54,921.5540000000001,2024-05-15,2024-01-03,25.0,4.0,47.0,183,1.6666666666666665,183,15723.7
CUST02824,2023-07-22,Paid Ads,20,Tier 2,4.0,2723.42,680.855,2024-01-10,2023-10-18,11.0,4.0,173.0,345,0.4669260700389105,345,1693.82
CUST02825,2024-01-11,Social Media,32,Tier 1,2.0,321.26,160.63,2024-06-18,2024-02-10,2.0,2.0,13.0,172,0.4225352112676056,172,3456.13
CUST02826,2023-08-25,Paid Ads,56,Tier 1,31.0,54037.66,1743.1503225806453,2024-06-01,2023-09-16,79.0,6.0,30.0,311,3.217993079584775,311,48580.78
CUST02827,2023-10-27,Social Media,59,Tier 3,7.0,7955.610000000001,1136.5157142857145,2024-06-14,2023-12-08,18.0,4.0,17.0,248,1.0194174757281553,248,9066.25
CUST02828,2023-11-24,Organic Search,46,Tier 3,4.0,2375.23,593.8075,2024-06-21,2024-02-28,8.0,2.0,10.0,220,0.967741935483871,220,3621.01
CUST02829,2023-08-26,Referral,25,Tier 3,9.0,8572.56,952.5066666666667,2024-06-08,2023-08-29,23.0,6.0,23.0,310,0.8794788273615635,310,10422.369999999999
CUST02830,2023-12-19,Paid Ads,36,Tier 1,2.0,751.02,375.51,2024-05-11,2024-01-31,4.0,2.0,51.0,195,0.39473684210526316,195,5022.09
CUST02831,2023-08-04,Paid Ads,59,Tier 2,16.0,15272.53,954.533125,2024-06-04,2023-09-01,34.0,5.0,27.0,332,1.5789473684210527,332,4891.59
CUST02832,2023-10-22,Social Media,54,Tier 1,16.0,12961.44,810.09,2024-06-30,2023-10-28,34.0,5.0,1.0,253,1.9433198380566803,253,17295.4
CUST02833,2023-11-02,Email,59,Tier 3,3.0,1985.19,661.73,2024-05-19,2023-12-05,8.0,3.0,43.0,242,0.430622009569378,242,1321.48
CUST02834,2023-11-06,Paid Ads,54,Tier 1,3.0,1858.7199999999998,619.5733333333333,2024-02-20,2024-01-05,8.0,3.0,132.0,238,0.5056179775280899,238,3168.85
CUST02835,2023-08-21,Social Media,22,Tier 1,4.0,2416.44,604.11,2024-04-03,2023-11-06,11.0,3.0,89.0,315,0.5042016806722689,315,2085.54
CUST02836,2023-09-23,Email,48,Tier 1,20.0,31070.2,1553.51,2024-06-01,2023-09-29,50.0,6.0,30.0,282,2.1739130434782608,282,37945.07
CUST02837,2024-01-14,Organic Search,42,Tier 3,16.0,50814.24,3175.89,2024-06-27,2024-01-27,40.0,5.0,4.0,169,3.0769230769230766,169,178975.11
CUST02838,2023-12-12,Email,38,Tier 2,3.0,2217.63,739.21,2024-05-13,2023-12-31,9.0,2.0,49.0,202,0.49180327868852464,202,2804.73
CUST02839,2023-09-03,Organic Search,49,Tier 1,26.0,43983.8,1691.6846153846154,2024-06-25,2023-09-13,59.0,6.0,6.0,302,2.671232876712329,302,43369.7
CUST02840,2023-12-26,Social Media,42,Tier 2,2.0,1267.3000000000002,633.6500000000001,2024-04-17,2024-02-19,8.0,2.0,75.0,188,0.45112781954887216,188,3958.8199999999997
CUST02841,2023-11-06,Referral,25,Tier 3,3.0,1611.2399999999998,537.0799999999999,2024-06-03,2023-11-30,11.0,2.0,28.0,238,0.4205607476635514,238,959.54
CUST02842,2023-07-21,Paid Ads,44,Tier 1,32.0,56887.51,1777.7346875,2024-06-23,2023-08-07,71.0,6.0,8.0,346,2.917933130699088,346,31662.07
CUST02843,2023-12-28,Paid Ads,31,Tier 3,8.0,11508.02,1438.5025,2024-06-02,2024-01-07,23.0,4.0,29.0,186,1.3636363636363638,186,28291.35
CUST02844,2023-07-16,Organic Search,26,Tier 3,39.0,126407.06,3241.2066666666665,2024-06-20,2023-07-18,89.0,6.0,11.0,351,3.35243553008596,351,157598.07
CUST02845,2023-10-31,Organic Search,23,Tier 1,7.0,6808.25,972.6071428571429,2024-06-16,2023-11-25,19.0,3.0,15.0,244,0.958904109589041,244,13876.25
CUST02846,2023-08-30,Referral,31,Tier 1,6.0,3817.71,636.285,2024-06-19,2023-09-02,18.0,5.0,12.0,306,0.594059405940594,306,1215.52
CUST02847,2023-08-23,Organic Search,47,Tier 1,23.0,36623.15,1592.3108695652174,2024-06-27,2023-08-26,54.0,6.0,4.0,313,2.225806451612903,313,32407.29
CUST02848,2023-12-15,Paid Ads,38,Tier 1,4.0,1974.94,493.735,2024-06-28,2024-02-01,9.0,3.0,3.0,199,0.7947019867549668,199,5562.4
CUST02849,2023-07-26,Social Media,32,Tier 2,8.0,9066.66,1133.3325,2024-01-21,2023-07-27,23.0,5.0,162.0,341,0.7058823529411764,341,0.0
CUST02850,2023-09-18,Social Media,50,Tier 2,4.0,1860.32,465.08,2024-05-15,2023-12-20,6.0,4.0,47.0,287,0.6185567010309279,287,2574.83
CUST02851,2023-09-03,Paid Ads,45,Tier 2,9.0,9006.96,1000.7733333333332,2024-06-22,2023-10-27,24.0,4.0,9.0,302,1.088709677419355,302,3658.7299999999996
CUST02852,2023-10-08,Email,43,Tier 1,3.0,2396.24,798.7466666666666,2024-03-04,2023-11-10,11.0,2.0,119.0,267,0.3846153846153846,267,3058.5499999999997
CUST02853,2023-09-12,Email,22,Tier 2,4.0,2393.21,598.3025,2024-05-17,2023-10-30,9.0,4.0,45.0,293,0.489795918367347,293,1378.83
CUST02854,2024-01-08,Referral,39,Tier 2,13.0,24905.78,1915.8292307692307,2024-06-10,2024-01-15,43.0,6.0,21.0,175,2.3214285714285716,175,64842.94
CUST02855,2023-12-18,Email,36,Tier 3,2.0,1367.1100000000001,683.5550000000001,2024-05-10,2024-01-04,7.0,2.0,52.0,196,0.335195530726257,196,4246.02
CUST02856,2023-07-17,Email,57,Tier 1,16.0,12063.99,753.999375,2024-06-18,2023-08-16,38.0,5.0,13.0,350,1.5,350,10770.07
CUST02857,2023-10-29,Organic Search,33,Tier 2,4.0,2953.61,738.4025,2024-03-27,2023-11-04,8.0,2.0,96.0,246,0.5,246,2202.69
CUST02858,2024-01-03,Organic Search,56,Tier 3,2.0,797.56,398.78,2024-06-23,2024-05-14,2.0,2.0,8.0,180,1.25,180,3469.86
CUST02859,2023-07-23,Email,42,Tier 2,4.0,1674.94,418.735,2024-03-30,2023-09-07,5.0,3.0,93.0,344,0.40268456375838924,344,0.0
CUST02860,2023-11-12,Referral,26,Tier 1,2.0,1227.53,613.765,2024-03-15,2024-01-04,4.0,2.0,108.0,232,0.335195530726257,232,621.17
CUST02861,2023-12-19,Social Media,46,Tier 1,14.0,21658.6,1547.042857142857,2024-06-19,2023-12-23,36.0,6.0,12.0,195,2.1989528795811517,195,37414.090000000004
CUST02862,2023-12-28,Referral,39,Tier 3,3.0,1643.79,547.93,2024-05-13,2024-01-19,8.0,3.0,49.0,186,0.548780487804878,186,4195.59
CUST02863,2023-09-09,Paid Ads,34,Tier 1,43.0,137644.72,3201.04,2024-06-29,2023-09-09,102.0,6.0,2.0,296,4.358108108108108,296,153060.76
CUST02864,2023-10-16,Social Media,34,Tier 3,13.0,11969.65,920.7423076923077,2024-05-29,2023-11-04,24.0,5.0,33.0,259,1.625,259,11643.95
CUST02865,2023-09-17,Social Media,53,Tier 3,14.0,12646.31,903.3078571428571,2024-06-23,2023-09-29,36.0,6.0,8.0,288,1.5217391304347827,288,9157.77
CUST02866,2023-12-09,Email,35,Tier 1,5.0,4819.87,963.9739999999999,2024-06-21,2024-01-22,16.0,4.0,10.0,205,0.9316770186335404,205,7210.18
CUST02867,2023-08-15,Paid Ads,27,Tier 2,13.0,11017.11,847.47,2024-06-02,2023-08-31,26.0,4.0,29.0,321,1.2786885245901638,321,11034.4
CUST02868,2024-01-12,Paid Ads,53,Tier 1,8.0,11470.98,1433.8725,2024-06-11,2024-02-19,24.0,4.0,20.0,171,1.8045112781954886,171,41355.08
CUST02869,2023-09-16,Social Media,47,Tier 1,3.0,964.53,321.51,2023-11-03,2023-10-03,6.0,3.0,241.0,289,0.3308823529411765,289,1426.58
CUST02870,2023-07-16,Organic Search,57,Tier 2,4.0,2792.83,698.2075,2024-06-28,2023-08-15,10.0,3.0,3.0,351,0.37383177570093457,351,2694.64
CUST02871,2023-09-09,Referral,36,Tier 2,17.0,26360.17,1550.5982352941176,2024-06-30,2023-09-20,46.0,6.0,1.0,296,1.7894736842105263,296,51684.67
CUST02872,2023-10-04,Organic Search,30,Tier 1,22.0,33332.3,1515.1045454545456,2024-07-01,2023-10-19,58.0,6.0,0.0,271,2.578125,271,22401.65
CUST02873,2023-11-24,Social Media,37,Tier 3,19.0,30575.41,1609.2321052631578,2024-06-14,2023-12-03,60.0,6.0,17.0,220,2.7014218009478674,220,17238.82
CUST02874,2023-07-02,Email,40,Tier 1,10.0,8230.84,823.0840000000001,2024-06-27,2023-07-08,23.0,5.0,4.0,365,0.8356545961002785,365,13144.34
CUST02875,2023-07-10,Social Media,33,Tier 2,22.0,38810.37,1764.1077272727273,2024-06-30,2023-07-19,57.0,6.0,1.0,357,1.8965517241379313,357,41358.38
CUST02876,2023-12-25,Paid Ads,19,Tier 2,8.0,6745.33,843.16625,2024-07-01,2024-01-21,21.0,5.0,0.0,189,1.4814814814814814,189,13113.6
CUST02877,2023-11-02,Referral,20,Tier 1,8.0,8426.05,1053.25625,2024-06-07,2023-11-24,21.0,4.0,24.0,242,1.0909090909090908,242,11750.25
CUST02878,2023-09-19,Email,26,Tier 3,6.0,3002.99,500.4983333333333,2024-05-26,2023-10-21,18.0,3.0,36.0,286,0.7086614173228346,286,1380.48
CUST02879,2023-11-17,Organic Search,40,Tier 2,11.0,12587.09,1144.280909090909,2024-06-26,2023-12-14,29.0,5.0,5.0,227,1.65,227,14896.91
CUST02880,2023-09-08,Email,43,Tier 2,5.0,2701.14,540.228,2024-06-09,2023-10-19,17.0,4.0,22.0,297,0.5859375,297,436.72
CUST02881,2023-11-27,Organic Search,20,Tier 2,4.0,1948.71,487.1775,2024-05-11,2024-01-30,5.0,3.0,51.0,217,0.7843137254901961,217,2819.57
CUST02882,2023-08-01,Organic Search,27,Tier 1,24.0,39739.65,1655.8187500000001,2024-06-07,2023-08-05,68.0,6.0,24.0,335,2.175226586102719,335,41852.21
CUST02883,2023-10-13,Paid Ads,27,Tier 1,1.0,306.4,306.4,2024-04-07,2024-04-07,1.0,1.0,85.0,262,0.3529411764705882,262,2611.86
CUST02884,2023-09-22,Social Media,31,Tier 2,4.0,2712.04,678.01,2024-04-24,2023-10-10,13.0,3.0,68.0,283,0.4528301886792453,283,4396.73
CUST02885,2023-11-06,Paid Ads,24,Tier 3,3.0,1809.12,603.04,2024-03-28,2023-12-27,9.0,3.0,95.0,238,0.4812834224598931,238,1238.07
CUST02886,2023-12-29,Email,48,Tier 3,10.0,11564.98,1156.498,2024-05-06,2024-01-07,26.0,6.0,56.0,185,1.7045454545454546,185,37491.28
CUST02887,2023-08-27,Paid Ads,33,Tier 1,8.0,9290.09,1161.26125,2024-05-02,2023-08-28,19.0,4.0,60.0,309,0.7792207792207793,309,0.0
CUST02888,2024-01-14,Organic Search,33,Tier 1,3.0,2261.1400000000003,753.7133333333335,2024-04-27,2024-04-06,3.0,3.0,65.0,169,1.0465116279069768,169,15952.35
CUST02889,2023-11-23,Referral,25,Tier 1,21.0,39427.2,1877.485714285714,2024-06-21,2023-12-01,52.0,6.0,10.0,221,2.957746478873239,221,62452.54
CUST02890,2023-11-11,Email,29,Tier 1,17.0,28934.12,1702.0070588235294,2024-06-27,2023-11-11,50.0,6.0,4.0,233,2.1888412017167385,233,45848.83
CUST02891,2023-08-14,Referral,58,Tier 2,5.0,2086.12,417.224,2024-02-23,2023-09-06,12.0,3.0,129.0,322,0.5016722408026756,322,1845.25
CUST02892,2023-10-05,Organic Search,56,Tier 2,13.0,10133.8,779.5230769230768,2024-06-12,2023-12-07,31.0,5.0,19.0,270,1.8840579710144927,270,7767.22
CUST02893,2023-07-23,Organic Search,58,Tier 1,43.0,73181.01,1701.883953488372,2024-07-01,2023-07-23,114.0,6.0,0.0,344,3.75,344,51170.88
CUST02894,2023-07-23,Social Media,20,Tier 2,13.0,14729.45,1133.0346153846153,2024-05-30,2023-08-13,30.0,6.0,32.0,344,1.2074303405572755,344,13388.37
CUST02895,2023-12-01,Email,57,Tier 2,0.0,0.0,0.0,,,0.0,0.0,360.0,213,0.0,213,3039.19
CUST02896,2023-11-12,Organic Search,28,Tier 1,22.0,34275.5,1557.9772727272727,2024-06-22,2023-11-20,63.0,6.0,9.0,232,2.946428571428571,232,37360.31
CUST02897,2023-09-17,Organic Search,35,Tier 2,12.0,11520.49,960.0408333333334,2024-06-12,2023-09-26,27.0,5.0,19.0,288,1.2903225806451615,288,15499.800000000001
CUST02898,2023-08-13,Social Media,25,Tier 1,8.0,4814.36,601.795,2024-06-24,2023-11-19,17.0,5.0,7.0,323,1.0666666666666667,323,2706.87
CUST02899,2023-07-27,Paid Ads,58,Tier 2,13.0,13516.42,1039.7246153846154,2024-04-17,2023-08-31,35.0,6.0,75.0,340,1.2786885245901638,340,16042.16
CUST02900,2023-07-26,Email,57,Tier 3,4.0,2615.22,653.805,2024-05-13,2023-12-19,10.0,3.0,49.0,341,0.6153846153846154,341,1445.1499999999999
CUST02901,2023-10-05,Paid Ads,22,Tier 2,5.0,2836.34,567.268,2024-06-11,2023-10-30,9.0,3.0,20.0,270,0.6122448979591836,270,3535.47
CUST02902,2023-08-05,Paid Ads,53,Tier 3,19.0,28937.41,1523.0215789473684,2024-06-24,2023-08-08,48.0,6.0,7.0,331,1.7378048780487805,331,52505.58
CUST02903,2023-10-17,Referral,54,Tier 1,2.0,912.45,456.225,2024-07-01,2023-12-13,6.0,2.0,0.0,258,0.29850746268656714,258,4514.81
CUST02904,2023-08-24,Organic Search,49,Tier 2,11.0,9464.4,860.4,2024-05-30,2023-08-28,23.0,6.0,32.0,312,1.0714285714285714,312,7466.4
CUST02905,2024-01-08,Paid Ads,43,Tier 2,4.0,3779.29,944.8225,2024-05-14,2024-02-02,10.0,3.0,48.0,175,0.8,175,7213.42
CUST02906,2024-01-01,Social Media,59,Tier 2,4.0,2602.64,650.66,2024-04-04,2024-01-08,7.0,3.0,88.0,182,0.6857142857142857,182,1752.15
CUST02907,2023-09-07,Organic Search,31,Tier 3,45.0,144344.89,3207.6642222222226,2024-06-15,2023-09-13,113.0,6.0,16.0,298,4.623287671232877,298,127200.23
CUST02908,2023-08-30,Paid Ads,36,Tier 2,2.0,1367.52,683.76,2024-07-01,2024-02-19,8.0,2.0,0.0,306,0.45112781954887216,306,1650.36
CUST02909,2023-11-07,Email,39,Tier 2,6.0,3477.62,579.6033333333334,2024-06-05,2023-11-21,16.0,4.0,26.0,237,0.8071748878923767,237,1935.1399999999999
CUST02910,2023-08-24,Paid Ads,19,Tier 1,1.0,661.54,661.54,2023-08-30,2023-08-30,2.0,1.0,306.0,312,0.09803921568627451,312,0.0
CUST02911,2023-10-30,Paid Ads,54,Tier 1,5.0,2990.66,598.132,2024-06-19,2023-12-01,8.0,4.0,12.0,245,0.704225352112676,245,1524.55
CUST02912,2023-10-05,Paid Ads,26,Tier 2,4.0,2150.43,537.6075,2024-04-28,2023-11-24,8.0,3.0,64.0,270,0.5454545454545454,270,4205.360000000001
CUST02913,2023-09-18,Email,39,Tier 2,15.0,15547.22,1036.4813333333334,2024-05-25,2023-10-09,39.0,5.0,37.0,287,1.6917293233082706,287,7496.21
CUST02914,2023-09-25,Email,39,Tier 3,41.0,130514.27,3183.2748780487805,2024-06-09,2023-09-25,104.0,6.0,22.0,280,4.392857142857143,280,143698.57
CUST02915,2023-08-07,Email,45,Tier 1,7.0,3774.8900000000003,539.2700000000001,2024-05-17,2023-08-22,16.0,4.0,45.0,329,0.6687898089171974,329,1439.4
CUST02916,2023-10-27,Organic Search,37,Tier 1,8.0,7369.81,921.22625,2024-06-22,2023-11-07,17.0,4.0,9.0,248,1.0126582278481011,248,11364.83
CUST02917,2023-09-16,Email,41,Tier 2,10.0,8614.33,861.433,2024-06-27,2023-10-14,26.0,6.0,4.0,289,1.1494252873563218,289,8590.53
CUST02918,2023-12-04,Referral,53,Tier 3,11.0,19408.059999999998,1764.3690909090908,2024-06-21,2023-12-23,28.0,6.0,10.0,210,1.7277486910994764,210,43684.62
CUST02919,2023-12-01,Paid Ads,58,Tier 3,6.0,4825.05,804.1750000000001,2024-05-03,2024-01-04,12.0,4.0,59.0,213,1.005586592178771,213,2273.04
CUST02920,2023-08-04,Social Media,23,Tier 1,4.0,1729.31,432.3275,2024-06-13,2023-12-26,13.0,2.0,18.0,332,0.6382978723404256,332,475.72
CUST02921,2023-09-17,Email,59,Tier 1,4.0,2598.67,649.6675,2024-05-10,2023-10-18,9.0,3.0,52.0,288,0.4669260700389105,288,1724.7200000000003
CUST02922,2023-09-05,Social Media,26,Tier 1,14.0,14309.8,1022.1285714285714,2024-05-14,2023-10-12,35.0,6.0,48.0,300,1.5969581749049429,300,10660.31
CUST02923,2023-09-25,Referral,29,Tier 1,16.0,26449.23,1653.076875,2024-06-10,2023-10-05,42.0,5.0,21.0,280,1.777777777777778,280,49840.67
CUST02924,2023-12-04,Organic Search,34,Tier 3,4.0,2331.05,582.7625,2024-05-23,2023-12-04,11.0,3.0,39.0,210,0.5714285714285715,210,884.76
CUST02925,2023-08-03,Paid Ads,57,Tier 1,2.0,1747.62,873.81,2024-02-10,2023-09-16,3.0,2.0,142.0,333,0.20761245674740486,333,1928.77
CUST02926,2023-10-05,Paid Ads,42,Tier 1,21.0,32265.63,1536.4585714285715,2024-06-28,2023-11-02,51.0,5.0,3.0,270,2.603305785123967,270,43229.71
CUST02927,2023-12-16,Paid Ads,39,Tier 1,14.0,22720.440000000002,1622.8885714285716,2024-06-07,2023-12-29,37.0,5.0,24.0,198,2.27027027027027,198,33000.43
CUST02928,2023-12-16,Organic Search,41,Tier 1,28.0,100313.62,3582.6292857142857,2024-06-16,2023-12-26,66.0,6.0,15.0,198,4.468085106382978,198,147415.25
CUST02929,2023-11-28,Social Media,56,Tier 3,20.0,31913.559999999998,1595.6779999999999,2024-06-28,2023-11-29,59.0,6.0,3.0,216,2.7906976744186047,216,34927.95
CUST02930,2023-09-09,Organic Search,26,Tier 1,8.0,3856.06,482.0075,2024-06-13,2023-09-24,19.0,4.0,18.0,296,0.8540925266903914,296,0.0
CUST02931,2023-07-03,Paid Ads,25,Tier 1,16.0,15991.37,999.460625,2024-06-29,2023-07-03,41.0,6.0,2.0,364,1.3186813186813189,364,13413.55
CUST02932,2023-08-27,Email,20,Tier 3,10.0,10113.92,1011.392,2024-06-07,2023-10-27,27.0,5.0,24.0,309,1.2096774193548387,309,13304.12
CUST02933,2023-08-01,Organic Search,48,Tier 1,10.0,4777.2300000000005,477.72300000000007,2024-06-17,2023-11-26,26.0,6.0,14.0,335,1.3761467889908259,335,0.0
CUST02934,2023-07-31,Referral,31,Tier 2,7.0,6392.01,913.1442857142857,2024-02-26,2023-08-15,14.0,6.0,126.0,336,0.6542056074766355,336,18949.489999999998
CUST02935,2023-09-20,Social Media,41,Tier 1,11.0,10026.3,911.4818181818181,2024-06-01,2023-09-21,20.0,5.0,30.0,285,1.1619718309859155,285,12748.13
CUST02936,2023-08-12,Paid Ads,47,Tier 2,4.0,2159.2,539.8,2024-06-08,2024-02-25,10.0,3.0,23.0,324,0.9448818897637795,324,1734.75
CUST02937,2023-11-12,Paid Ads,56,Tier 1,16.0,28922.81,1807.675625,2024-06-11,2023-11-23,49.0,5.0,20.0,232,2.1719457013574663,232,41536.54
CUST02938,2023-10-13,Organic Search,55,Tier 1,7.0,5876.94,839.5628571428571,2024-06-21,2023-10-15,16.0,4.0,10.0,262,0.8076923076923077,262,16631.16
CUST02939,2023-07-01,Social Media,38,Tier 2,69.0,229283.18,3322.9446376811593,2024-06-28,2023-07-02,180.0,6.0,3.0,366,5.671232876712329,366,72059.93000000001
CUST02940,2023-08-30,Organic Search,51,Tier 1,7.0,3989.05,569.8642857142858,2024-06-22,2023-09-04,18.0,4.0,9.0,306,0.6976744186046512,306,739.98
CUST02941,2023-07-14,Email,47,Tier 2,4.0,2580.77,645.1925,2024-05-08,2024-01-10,10.0,2.0,54.0,353,0.6936416184971098,353,0.0
CUST02942,2023-12-27,Social Media,33,Tier 1,3.0,3458.24,1152.7466666666667,2024-06-21,2023-12-31,8.0,3.0,10.0,187,0.49180327868852464,187,12274.85
CUST02943,2023-07-06,Organic Search,41,Tier 2,6.0,3818.63,636.4383333333334,2024-04-17,2024-01-21,15.0,2.0,75.0,361,1.1111111111111112,361,1813.23
CUST02944,2023-10-11,Social Media,21,Tier 3,20.0,19040.82,952.0409999999999,2024-06-13,2023-10-20,54.0,6.0,18.0,264,2.3529411764705883,264,10222.49
CUST02945,2023-07-10,Organic Search,55,Tier 1,26.0,41618.17,1600.698846153846,2024-07-01,2023-07-22,65.0,6.0,0.0,357,2.2608695652173916,357,17193.17
CUST02946,2023-09-09,Referral,47,Tier 1,5.0,2841.13,568.226,2024-06-11,2023-11-09,17.0,4.0,20.0,296,0.6382978723404256,296,1012.9
CUST02947,2023-09-28,Organic Search,26,Tier 3,9.0,7446.530000000001,827.3922222222222,2024-06-04,2023-10-18,25.0,4.0,27.0,277,1.0505836575875487,277,15299.7
CUST02948,2023-12-05,Email,40,Tier 2,12.0,8215.96,684.6633333333333,2024-06-19,2023-12-19,30.0,6.0,12.0,209,1.8461538461538463,209,9254.75
CUST02949,2023-11-26,Organic Search,47,Tier 1,0.0,0.0,0.0,,,0.0,0.0,360.0,218,0.0,218,1084.5
CUST02950,2023-11-03,Social Media,20,Tier 2,22.0,31589.65,1435.8931818181818,2024-06-26,2023-11-05,60.0,6.0,5.0,241,2.761506276150628,241,30827.91
CUST02951,2024-01-04,Paid Ads,59,Tier 1,10.0,14805.19,1480.519,2024-06-03,2024-02-24,24.0,6.0,28.0,179,2.34375,179,41169.49
CUST02952,2023-10-05,Organic Search,19,Tier 1,11.0,11909.8,1082.709090909091,2024-06-21,2023-10-27,23.0,6.0,10.0,270,1.3306451612903227,270,14171.31
CUST02953,2023-09-12,Email,38,Tier 3,10.0,10716.23,1071.623,2024-06-25,2023-10-23,18.0,4.0,6.0,293,1.1904761904761905,293,17496.32
CUST02954,2023-10-23,Paid Ads,39,Tier 2,10.0,10776.37,1077.6370000000002,2024-06-03,2023-11-19,32.0,6.0,28.0,252,1.3333333333333335,252,11668.67
CUST02955,2024-01-07,Email,55,Tier 2,17.0,27807.78,1635.7517647058824,2024-06-19,2024-01-21,37.0,6.0,12.0,176,3.148148148148148,176,37897.7
CUST02956,2023-12-17,Social Media,26,Tier 1,8.0,7686.45,960.80625,2024-06-07,2023-12-27,22.0,4.0,24.0,197,1.2834224598930482,197,12514.1
CUST02957,2023-08-20,Paid Ads,45,Tier 1,13.0,14090.44,1083.88,2024-06-18,2023-09-28,26.0,6.0,13.0,316,1.407942238267148,316,15299.42
CUST02958,2024-01-08,Organic Search,53,Tier 3,8.0,13980.28,1747.535,2024-05-24,2024-02-04,16.0,5.0,38.0,175,1.6216216216216217,175,29371.24
CUST02959,2023-08-25,Organic Search,24,Tier 1,7.0,3933.04,561.8628571428571,2024-06-09,2023-09-05,15.0,4.0,22.0,311,0.7000000000000001,311,642.94
CUST02960,2023-08-10,Email,37,Tier 1,27.0,41223.04,1526.7792592592593,2024-06-08,2023-09-21,64.0,6.0,23.0,326,2.852112676056338,326,51034.27
CUST02961,2023-08-01,Paid Ads,36,Tier 1,6.0,3549.6,591.6,2024-06-13,2023-10-16,16.0,3.0,18.0,335,0.6949806949806949,335,1970.58
CUST02962,2023-07-15,Paid Ads,19,Tier 2,5.0,2958.3,591.6600000000001,2024-03-18,2023-08-11,13.0,3.0,105.0,352,0.46153846153846156,352,3495.31
CUST02963,2023-08-31,Organic Search,43,Tier 1,2.0,1332.08,666.04,2024-04-21,2023-12-20,4.0,2.0,71.0,305,0.30927835051546393,305,984.9
CUST02964,2023-12-02,Paid Ads,45,Tier 1,23.0,71678.73,3116.4665217391303,2024-06-20,2023-12-05,59.0,6.0,11.0,212,3.3014354066985647,212,32969.36
CUST02965,2023-07-28,Referral,25,Tier 3,16.0,24774.01,1548.375625,2024-06-06,2023-08-04,45.0,6.0,25.0,339,1.4457831325301205,339,44381.229999999996
CUST02966,2023-09-02,Organic Search,47,Tier 2,7.0,5048.5599999999995,721.222857142857,2024-06-20,2023-09-10,17.0,4.0,11.0,303,0.711864406779661,303,16231.13
CUST02967,2024-01-03,Email,49,Tier 1,6.0,4575.07,762.5116666666667,2024-07-01,2024-02-04,15.0,4.0,0.0,180,1.2162162162162162,180,1299.54
CUST02968,2024-01-02,Social Media,54,Tier 2,11.0,10732.96,975.7236363636363,2024-06-25,2024-01-13,24.0,6.0,6.0,181,1.9411764705882355,181,15110.68
CUST02969,2023-11-07,Social Media,37,Tier 1,16.0,32252.37,2015.773125,2024-06-04,2023-11-18,43.0,6.0,27.0,237,2.1238938053097343,237,42893.73
CUST02970,2023-11-04,Paid Ads,24,Tier 1,9.0,9315.19,1035.0211111111112,2024-06-25,2023-11-05,24.0,4.0,6.0,240,1.1297071129707112,240,8274.69
CUST02971,2023-08-05,Email,43,Tier 2,5.0,2018.8799999999999,403.77599999999995,2024-06-13,2023-09-06,14.0,3.0,18.0,331,0.5016722408026756,331,2048.02
CUST02972,2023-10-22,Social Media,49,Tier 1,2.0,1129.01,564.505,2024-04-24,2024-01-02,2.0,2.0,68.0,253,0.3314917127071823,253,1789.29
CUST02973,2024-01-15,Organic Search,27,Tier 1,14.0,22422.42,1601.6014285714284,2024-06-12,2024-01-15,35.0,5.0,19.0,168,2.5,168,55940.1
CUST02974,2023-07-13,Paid Ads,38,Tier 2,9.0,6541.5,726.8333333333334,2024-06-06,2023-10-02,30.0,5.0,25.0,354,0.989010989010989,354,12378.9
CUST02975,2023-07-15,Organic Search,28,Tier 3,5.0,2928.88,585.7760000000001,2024-04-20,2024-01-09,17.0,4.0,72.0,352,0.8620689655172413,352,1568.7
CUST02976,2023-09-27,Paid Ads,55,Tier 2,5.0,2352.59,470.51800000000003,2024-05-11,2023-10-27,12.0,4.0,51.0,278,0.6048387096774194,278,2696.01
CUST02977,2024-01-04,Paid Ads,45,Tier 1,13.0,21493.5,1653.3461538461538,2024-07-01,2024-01-24,33.0,6.0,0.0,179,2.452830188679245,179,64008.98
CUST02978,2023-07-22,Social Media,31,Tier 1,7.0,3871.59,553.0842857142858,2024-06-08,2023-07-22,22.0,6.0,23.0,345,0.608695652173913,345,2227.84
CUST02979,2024-01-07,Organic Search,59,Tier 1,4.0,3551.56,887.89,2024-07-01,2024-04-21,9.0,3.0,0.0,176,1.6901408450704225,176,16088.34
CUST02980,2023-09-12,Paid Ads,20,Tier 1,47.0,144312.96,3070.4885106382976,2024-06-22,2023-09-16,116.0,6.0,9.0,293,4.8788927335640135,293,98005.77
CUST02981,2023-07-25,Email,39,Tier 1,16.0,16345.13,1021.570625,2024-04-16,2023-08-04,31.0,5.0,76.0,342,1.4457831325301205,342,13344.94
CUST02982,2023-10-09,Paid Ads,51,Tier 2,1.0,150.0,150.0,2024-06-06,2024-06-06,3.0,1.0,25.0,266,1.2,266,3036.11
CUST02983,2023-12-23,Social Media,42,Tier 1,9.0,8535.6,948.4000000000001,2024-06-29,2023-12-26,26.0,4.0,2.0,191,1.4361702127659575,191,6225.08
CUST02984,2023-12-18,Paid Ads,52,Tier 1,23.0,32298.35,1404.2760869565216,2024-06-23,2023-12-28,60.0,6.0,8.0,196,3.709677419354839,196,39494.15
CUST02985,2023-10-25,Referral,27,Tier 2,13.0,10436.630000000001,802.8176923076924,2024-06-30,2023-10-29,29.0,6.0,1.0,250,1.5853658536585367,250,11246.33
CUST02986,2023-12-13,Paid Ads,20,Tier 1,25.0,70185.24,2807.4096000000004,2024-06-21,2023-12-19,69.0,6.0,10.0,201,3.846153846153846,201,105323.7
CUST02987,2023-08-10,Email,48,Tier 3,3.0,1781.8400000000001,593.9466666666667,2024-02-27,2023-10-29,9.0,2.0,125.0,326,0.36585365853658536,326,2342.02
CUST02988,2023-12-20,Social Media,40,Tier 1,6.0,6145.59,1024.265,2024-06-27,2024-01-11,17.0,3.0,4.0,194,1.0465116279069768,194,8045.3
CUST02989,2023-09-26,Organic Search,29,Tier 3,13.0,10136.18,779.7061538461538,2024-06-08,2023-10-25,34.0,6.0,23.0,279,1.5599999999999998,279,8711.73
CUST02990,2023-12-15,Organic Search,35,Tier 3,17.0,25807.18,1518.0694117647058,2024-06-23,2023-12-17,37.0,6.0,8.0,199,2.5888324873096447,199,38208.01
CUST02991,2023-10-18,Social Media,54,Tier 3,4.0,2687.79,671.9475,2024-01-31,2023-10-18,11.0,4.0,152.0,257,0.4669260700389105,257,3207.7799999999997
CUST02992,2023-10-28,Paid Ads,31,Tier 1,27.0,43157.31,1598.418888888889,2024-06-23,2023-10-29,69.0,6.0,8.0,247,3.292682926829268,247,50262.8
CUST02993,2023-10-05,Social Media,25,Tier 3,5.0,4949.8099999999995,989.9619999999999,2024-05-23,2023-11-29,7.0,4.0,39.0,270,0.6976744186046512,270,12480.76
CUST02994,2023-11-22,Referral,34,Tier 1,2.0,1143.66,571.83,2024-05-06,2024-04-10,4.0,1.0,56.0,222,0.7317073170731707,222,2751.56
CUST02995,2023-08-26,Paid Ads,51,Tier 1,6.0,3536.79,589.465,2024-06-10,2023-11-22,19.0,5.0,21.0,310,0.8108108108108109,310,584.87
CUST02996,2023-11-07,Paid Ads,19,Tier 1,19.0,32176.43,1693.4963157894738,2024-05-28,2023-11-21,48.0,6.0,34.0,237,2.5560538116591927,237,36078.1
CUST02997,2023-10-04,Paid Ads,29,Tier 1,2.0,1369.5,684.75,2024-03-25,2024-03-13,5.0,2.0,98.0,271,0.5454545454545454,271,4390.42
CUST02998,2023-10-29,Paid Ads,24,Tier 1,3.0,1575.95,525.3166666666667,2024-07-01,2023-12-12,7.0,3.0,0.0,246,0.4455445544554455,246,3504.1800000000003
CUST02999,2023-08-31,Social Media,38,Tier 1,6.0,2990.55,498.425,2024-06-28,2023-11-30,14.0,2.0,3.0,305,0.8411214953271028,305,3254.38
CUST03000,2023-11-14,Social Media,53,Tier 1,12.0,23326.11,1943.8425,2024-06-24,2023-12-18,27.0,4.0,7.0,230,1.836734693877551,230,54820.04
