customer_id,acquisition_channel,city_tier,frequency,monetary_total,aov,recency_days,purchase_rate,future_ltv,predicted_ltv,ltv_segment
CUST01728,Social Media,Tier 2,41.0,138376.98,3375.0482926829272,10.0,4.712643678160919,198317.84,182322.94772527544,VIP
CUST00249,Paid Ads,Tier 2,21.0,69982.82,3332.5152380952386,4.0,3.6627906976744184,233225.95,181707.4865440521,VIP
CUST00306,Social Media,Tier 1,42.0,141854.75,3377.4940476190477,1.0,4.532374100719425,201330.79,181184.21169970435,VIP
CUST01665,Email,Tier 2,23.0,82740.86,3597.428695652174,5.0,4.035087719298246,222166.0,180612.07967841224,VIP
CUST01441,Social Media,Tier 1,36.0,118726.40000000001,3297.9555555555557,1.0,4.37246963562753,212888.84,178825.45624809674,VIP
CUST01089,Referral,Tier 2,42.0,138371.99,3294.57119047619,0.0,4.436619718309859,190664.06,178809.88243196832,VIP
CUST00533,Organic Search,Tier 1,23.0,85129.44,3701.28,0.0,3.988439306358381,141864.22,178768.35570202122,VIP
CUST01617,Social Media,Tier 1,18.0,61751.59,3430.643888888889,0.0,2.903225806451613,203053.4,178667.1632446678,VIP
CUST00242,Organic Search,Tier 3,23.0,72539.48,3153.8904347826087,12.0,3.9655172413793105,212287.12,178650.33377918362,VIP
CUST00447,Social Media,Tier 2,22.0,74760.75,3398.215909090909,0.0,4.0740740740740735,145314.63,177535.1908984532,VIP
CUST01371,Social Media,Tier 3,45.0,154106.22,3424.5826666666667,2.0,4.397394136807818,219500.84,173512.7595474503,VIP
CUST00541,Organic Search,Tier 1,46.0,140288.28,3049.7452173913043,4.0,4.524590163934427,184668.39,173325.91845601003,VIP
CUST00479,Organic Search,Tier 1,40.0,137205.0,3430.125,4.0,4.137931034482759,202874.25,172047.97756601268,VIP
CUST01828,Organic Search,Tier 1,40.0,120191.33,3004.78325,0.0,3.8338658146964857,164043.27,171320.82316531002,VIP
CUST02695,Organic Search,Tier 2,47.0,142413.72,3030.0791489361704,0.0,4.93006993006993,186475.54,170892.33525767797,VIP
CUST01389,Referral,Tier 2,33.0,110757.22,3356.279393939394,6.0,4.829268292682927,234218.26,170782.2380589707,VIP
CUST00391,Organic Search,Tier 1,28.0,94964.42,3391.5864285714283,3.0,5.384615384615385,193411.21,170145.17844261104,VIP
CUST00500,Email,Tier 1,44.0,157134.83000000002,3571.2461363636367,4.0,4.981132075471698,168838.35,169719.77193990452,VIP
CUST02461,Organic Search,Tier 2,38.0,116380.81,3062.652894736842,7.0,4.285714285714286,162364.43,169537.2071200752,VIP
CUST02739,Organic Search,Tier 1,46.0,156989.07,3412.8058695652176,3.0,4.646464646464646,211419.39,169328.11139700856,VIP
CUST02110,Email,Tier 3,40.0,138058.29,3451.4572500000004,13.0,5.150214592274678,216676.1,169187.49036104724,VIP
CUST02792,Organic Search,Tier 1,39.0,142671.5,3658.24358974359,2.0,4.105263157894737,158141.46,168906.85828770572,VIP
CUST01592,Paid Ads,Tier 2,41.0,138595.47,3380.3773170731706,1.0,5.189873417721519,164516.09,167997.44245584312,VIP
CUST02528,Organic Search,Tier 2,42.0,126281.49,3006.702142857143,12.0,5.121951219512195,199232.28,167959.8558371623,VIP
CUST00499,Email,Tier 1,21.0,69992.55,3332.9785714285717,0.0,2.52,156315.96,167623.7127113094,VIP
CUST02837,Organic Search,Tier 3,16.0,50814.24,3175.89,4.0,3.0769230769230766,178975.11,167145.55553283115,VIP
CUST01426,Social Media,Tier 1,34.0,113620.01,3341.765,3.0,4.975609756097561,198485.45,167114.01967214316,VIP
CUST00676,Social Media,Tier 1,36.0,117010.99,3250.305277777778,7.0,3.673469387755102,174273.3,167017.3616279645,VIP
CUST01624,Social Media,Tier 2,23.0,75091.85,3264.8630434782613,3.0,4.035087719298246,145006.18,166815.93094573793,VIP
CUST01024,Referral,Tier 2,46.0,154750.66,3364.1447826086956,0.0,5.454545454545455,159765.69,166738.4987427006,VIP
CUST02326,Paid Ads,Tier 2,50.0,163717.01,3274.3402,7.0,5.4945054945054945,209440.94999999998,166525.34366691764,VIP
CUST02863,Paid Ads,Tier 1,43.0,137644.72,3201.04,2.0,4.358108108108108,153060.76,166273.8832241208,VIP
CUST01181,Organic Search,Tier 2,29.0,96820.94,3338.653103448276,9.0,4.578947368421053,163086.39,165708.76356905623,VIP
CUST00489,Organic Search,Tier 1,39.0,125360.37,3214.3684615384614,3.0,3.9931740614334474,186799.61,164511.69080106294,VIP
CUST00035,Organic Search,Tier 2,46.0,151386.44,3291.0095652173914,6.0,4.353312302839117,190270.55,163793.66053365284,VIP
CUST00367,Email,Tier 1,31.0,103572.19,3341.0383870967744,11.0,4.58128078817734,116591.72,163661.88013382233,VIP
CUST00811,Organic Search,Tier 1,42.0,137012.32,3262.1980952380954,1.0,4.666666666666667,161817.15,163591.31133864194,VIP
CUST00933,Social Media,Tier 2,38.0,116665.78,3070.152105263158,7.0,3.9446366782006916,162234.48,163487.16859030098,VIP
CUST00412,Organic Search,Tier 2,49.0,147165.95,3003.3867346938778,8.0,5.345454545454546,109765.71,163485.7987288036,VIP
CUST00679,Organic Search,Tier 3,39.0,142628.36,3657.1374358974354,13.0,5.0,78787.96,162519.06243673412,VIP
CUST02639,Social Media,Tier 3,37.0,119758.68000000001,3236.721081081081,3.0,4.826086956521738,190208.09,162061.04956951854,VIP
CUST02021,Social Media,Tier 2,37.0,116772.8,3156.0216216216218,3.0,4.625,170303.54,161422.9921979082,VIP
CUST01701,Paid Ads,Tier 2,34.0,123627.65,3636.1073529411765,19.0,3.457627118644068,178082.18,160879.78938456933,VIP
CUST02907,Organic Search,Tier 3,45.0,144344.89,3207.6642222222226,16.0,4.623287671232877,127200.23,160673.85545839593,VIP
CUST02315,Organic Search,Tier 1,29.0,102480.83,3533.821724137931,0.0,4.1826923076923075,156761.29,160116.23594552968,VIP
CUST02166,Referral,Tier 1,39.0,132028.45,3385.3448717948722,22.0,3.75,160980.45,159942.29770181724,VIP
CUST00470,Organic Search,Tier 3,39.0,128320.65,3290.2730769230766,2.0,4.698795180722891,144444.07,159846.6225798405,VIP
CUST00718,Organic Search,Tier 1,48.0,142715.53,2973.240208333333,9.0,4.198250728862974,182416.14,159420.4855991657,VIP
CUST01545,Paid Ads,Tier 3,38.0,119722.25,3150.5855263157896,0.0,3.762376237623762,173517.71,159340.49874712003,VIP
CUST00140,Paid Ads,Tier 1,30.0,102725.95,3424.1983333333333,3.0,3.6144578313253013,135418.26,159339.65565209102,VIP
CUST01757,Email,Tier 2,23.0,71384.24,3103.6626086956526,15.0,3.3658536585365852,170754.24,158804.6964822436,VIP
CUST02034,Email,Tier 3,48.0,153745.95,3203.040625,8.0,4.514106583072101,164833.75,158440.99906815836,VIP
CUST02766,Paid Ads,Tier 1,31.0,102201.24,3296.8141935483873,5.0,3.5907335907335907,156909.88,158304.270199714,VIP
CUST01105,Email,Tier 1,28.0,96778.55,3456.3767857142857,23.0,4.2639593908629445,176745.43,158170.15949696724,VIP
CUST02804,Organic Search,Tier 2,41.0,125947.76,3071.8965853658538,6.0,4.730769230769231,168623.0,157965.314790008,VIP
CUST01997,Paid Ads,Tier 1,25.0,74530.67,2981.2268,11.0,3.6945812807881775,209976.88,157944.3285821615,VIP
CUST01639,Email,Tier 1,43.0,135492.1,3150.979069767442,1.0,3.5833333333333335,188936.15,157471.26575455128,VIP
CUST00314,Organic Search,Tier 1,45.0,144613.11,3213.624666666666,8.0,4.090909090909091,140455.13999999998,157450.105339556,VIP
CUST02530,Paid Ads,Tier 1,51.0,160994.34,3156.751764705882,15.0,5.186440677966101,134111.72,157417.02463674406,VIP
CUST02123,Organic Search,Tier 3,45.0,135256.6,3005.702222222222,6.0,5.443548387096774,174498.31,157331.9229877631,VIP
CUST01716,Organic Search,Tier 1,42.0,137273.17,3268.40880952381,6.0,5.625,150155.18,156888.49802605665,VIP
CUST02789,Organic Search,Tier 1,30.0,104266.09,3475.536333333333,1.0,4.3478260869565215,172623.95,156090.9123254509,VIP
CUST01172,Organic Search,Tier 1,26.0,90363.98,3475.537692307692,0.0,3.107569721115538,132764.94,155997.95585716114,VIP
CUST00582,Social Media,Tier 2,40.0,131459.25,3286.48125,2.0,5.607476635514018,140834.73,155679.6085030671,VIP
CUST02472,Organic Search,Tier 2,24.0,76855.74,3202.3225,1.0,4.363636363636363,160990.97,155448.27451097348,VIP
CUST00442,Referral,Tier 1,38.0,114924.78,3024.3363157894737,9.0,3.9721254355400695,181649.16,155340.437407382,VIP
CUST00472,Paid Ads,Tier 2,46.0,150320.64,3267.84,0.0,4.842105263157895,155215.06,155143.74449323362,VIP
CUST00248,Social Media,Tier 2,34.0,107820.04,3171.1776470588234,2.0,4.1803278688524586,166410.81,154589.0319586283,VIP
CUST02928,Organic Search,Tier 1,28.0,100313.62,3582.6292857142857,15.0,4.468085106382978,147415.25,154337.91053686087,VIP
CUST01198,Social Media,Tier 1,36.0,117909.33,3275.2591666666667,12.0,4.426229508196721,151915.19,153922.58030212388,VIP
CUST00848,Social Media,Tier 3,49.0,162483.59,3315.991632653061,10.0,4.336283185840708,131834.38,153042.44281888966,VIP
CUST01197,Organic Search,Tier 1,37.0,120513.31,3257.1164864864863,2.0,4.422310756972112,138764.57,152629.71209569293,VIP
CUST02783,Organic Search,Tier 1,33.0,108874.44,3299.225454545455,3.0,5.294117647058824,178699.83,152323.74355339046,VIP
CUST00706,Referral,Tier 1,30.0,89395.16,2979.838666666667,8.0,4.66321243523316,170222.15,152304.8612078253,VIP
CUST01865,Email,Tier 2,28.0,87354.79000000001,3119.8139285714287,0.0,4.590163934426229,146512.92,152125.87696250135,VIP
CUST02452,Organic Search,Tier 1,29.0,85749.29,2956.872068965517,4.0,3.425196850393701,168121.05,151904.59195828505,VIP
CUST00465,Social Media,Tier 2,37.0,114273.84,3088.4821621621622,0.0,6.491228070175438,173199.92,151841.86316952846,VIP
CUST01383,Organic Search,Tier 2,38.0,123886.25,3260.1644736842104,3.0,7.354838709677419,133479.33,150869.82114319454,VIP
CUST02435,Organic Search,Tier 2,49.0,156575.07,3195.4095918367348,3.0,5.764705882352941,156480.22,150744.46690181352,VIP
CUST02499,Organic Search,Tier 1,21.0,61076.75,2908.4166666666665,19.0,3.480662983425414,189268.62,150742.66088907383,VIP
CUST02637,Organic Search,Tier 3,44.0,139551.8,3171.631818181818,5.0,3.7393767705382435,154276.62,150042.49864111142,VIP
CUST02914,Email,Tier 3,41.0,130514.27,3183.2748780487805,22.0,4.392857142857143,143698.57,149806.69099718728,VIP
CUST02787,Email,Tier 2,36.0,115376.59,3204.905277777778,1.0,4.53781512605042,153559.76,149529.5012048586,VIP
CUST01682,Paid Ads,Tier 1,48.0,152405.6,3175.116666666667,0.0,4.044943820224719,154409.72,149521.65615255912,VIP
CUST02844,Organic Search,Tier 3,39.0,126407.06,3241.2066666666665,11.0,3.35243553008596,157598.07,148858.74667800165,VIP
CUST02737,Social Media,Tier 2,26.0,82543.19,3174.738076923077,8.0,4.508670520231214,155732.09,148699.01301723643,VIP
CUST01229,Social Media,Tier 1,32.0,102642.98,3207.593125,1.0,5.5813953488372094,150899.01,148688.89923435508,VIP
CUST02806,Organic Search,Tier 2,44.0,131942.65,2998.696590909091,9.0,3.928571428571429,177600.56,148199.63385018366,VIP
CUST01774,Paid Ads,Tier 1,42.0,134391.32,3199.7933333333335,0.0,5.5506607929515415,165504.07,148128.56197850037,VIP
CUST00476,Social Media,Tier 2,33.0,107224.77,3249.2354545454546,14.0,5.183246073298429,163446.23,147375.97770530105,VIP
CUST01349,Organic Search,Tier 1,31.0,98840.59,3188.406129032258,20.0,3.924050632911393,150989.41,147097.75199940623,VIP
CUST00523,Email,Tier 3,29.0,92017.56,3173.0193103448273,12.0,5.240963855421687,176780.85,146418.00451101857,VIP
CUST00012,Paid Ads,Tier 1,55.0,187854.01,3415.527454545455,2.0,5.593220338983051,149768.44,146224.25973862695,VIP
CUST01955,Referral,Tier 1,49.0,167006.03,3408.2863265306123,4.0,4.362017804154303,155101.15,146185.51867918088,VIP
CUST01221,Social Media,Tier 2,55.0,161288.13,2932.511454545455,1.0,5.305466237942122,144040.15,146119.10061152064,VIP
CUST02626,Paid Ads,Tier 2,33.0,107550.65,3259.1106060606057,17.0,3.9759036144578315,153417.42,146074.69676386,VIP
CUST01425,Email,Tier 2,41.0,130914.84,3193.0448780487804,6.0,5.301724137931034,145955.87,145792.64072676405,VIP
CUST02980,Paid Ads,Tier 1,47.0,144312.96,3070.4885106382976,9.0,4.8788927335640135,98005.77,145683.64790686668,VIP
CUST00070,Paid Ads,Tier 1,49.0,150855.32,3078.6800000000003,1.0,4.8196721311475414,165488.37,145591.88986860163,VIP
CUST02504,Paid Ads,Tier 1,56.0,183746.79,3281.1926785714286,3.0,6.199261992619927,187877.69,144914.6594848897,VIP
CUST01467,Referral,Tier 1,40.0,119653.44,2991.3360000000002,20.0,4.651162790697675,163434.07,144580.62708798007,VIP
CUST00002,Organic Search,Tier 3,36.0,112070.77,3113.0769444444445,13.0,3.5064935064935066,158816.53,144360.2279387723,VIP
CUST01102,Organic Search,Tier 2,53.0,166798.2,3147.135849056604,1.0,5.445205479452055,158771.8,144110.75331928048,VIP
CUST02790,Social Media,Tier 1,36.0,112369.56,3121.3766666666666,0.0,5.42713567839196,155223.94,144070.31861676995,VIP
CUST02486,Paid Ads,Tier 3,50.0,160593.04,3211.8608000000004,24.0,4.587155963302752,227555.25,143104.9873158929,VIP
CUST01831,Organic Search,Tier 1,47.0,143983.12,3063.470638297872,3.0,4.548387096774194,160306.18,143030.60935616415,VIP
CUST02028,Email,Tier 3,27.0,77004.53,2852.0196296296294,1.0,5.625,171391.45,142884.21218146227,VIP
CUST02079,Social Media,Tier 3,30.0,109559.94,3651.998,21.0,4.411764705882353,123571.27,142617.49946963252,VIP
CUST01907,Organic Search,Tier 1,28.0,94076.59,3359.878214285714,19.0,3.4008097165991904,130024.87,142597.5381963057,VIP
CUST01719,Email,Tier 1,34.0,108293.19,3185.093823529412,5.0,4.811320754716981,150460.09,141928.51994846333,VIP
CUST01465,Paid Ads,Tier 1,62.0,200776.16999999998,3238.3253225806448,6.0,6.078431372549019,166048.6,141907.5037807795,VIP
CUST02287,Referral,Tier 2,56.0,171800.7,3067.869642857143,2.0,5.137614678899082,194376.42,140827.69520426606,VIP
CUST00262,Paid Ads,Tier 1,34.0,110115.9,3238.7029411764706,10.0,5.698324022346369,132804.72,139338.1295817162,VIP
CUST02214,Paid Ads,Tier 2,51.0,160395.52,3145.0101960784314,1.0,5.0,106072.28,138437.6056422626,VIP
CUST02799,Organic Search,Tier 3,55.0,184093.67,3347.157636363637,6.0,5.830388692579505,155105.81,138281.03556564084,VIP
CUST01278,Paid Ads,Tier 1,38.0,128144.65,3372.2276315789472,10.0,5.066666666666666,58124.91,137068.5551974274,VIP
CUST01062,Organic Search,Tier 1,49.0,153488.68,3132.4220408163264,17.0,5.6106870229007635,137044.25,135983.683613757,VIP
CUST00532,Referral,Tier 1,28.0,88633.57,3165.484642857143,8.0,4.097560975609756,148403.07,135577.4528662636,VIP
CUST02092,Social Media,Tier 2,32.0,106579.91,3330.6221875,10.0,4.873096446700507,107405.19,134414.11776469447,VIP
CUST00662,Email,Tier 3,26.0,82106.02,3157.923846153846,0.0,3.4666666666666663,141668.55,133658.8366457246,VIP
CUST01334,Paid Ads,Tier 1,32.0,94362.81999999999,2948.8381249999998,7.0,3.75,121875.65,133490.01058297075,VIP
CUST01755,Organic Search,Tier 1,30.0,88525.41,2950.847,7.0,4.918032786885245,159926.94,132806.69897236172,VIP
CUST00141,Paid Ads,Tier 3,56.0,175172.04,3128.072142857143,0.0,5.3164556962025316,112092.57,132002.2057460363,VIP
CUST02201,Organic Search,Tier 2,50.0,164726.22,3294.5244000000002,1.0,4.518072289156627,103979.19,131538.5150298975,VIP
CUST01551,Paid Ads,Tier 1,60.0,190614.4,3176.9066666666668,1.0,5.263157894736842,184851.45,131335.92952008283,VIP
CUST00413,Paid Ads,Tier 2,61.0,218390.2,3580.1672131147543,4.0,5.562310030395137,150559.68,130105.35196410706,VIP
CUST02986,Paid Ads,Tier 1,25.0,70185.24,2807.4096000000004,10.0,3.846153846153846,105323.7,129812.88125388953,VIP
CUST01012,Paid Ads,Tier 1,64.0,200762.45,3136.91328125,1.0,5.260273972602739,146670.75,124941.30365292622,VIP
CUST01075,Paid Ads,Tier 3,37.0,113672.32,3072.224864864865,2.0,5.522388059701492,167290.03,124481.94635720513,VIP
CUST02964,Paid Ads,Tier 1,23.0,71678.73,3116.4665217391303,11.0,3.3014354066985647,32969.36,122232.26944057707,VIP
CUST01239,Referral,Tier 3,40.0,124231.56,3105.7889999999998,4.0,4.918032786885245,60341.520000000004,121755.84426653989,VIP
CUST02647,Organic Search,Tier 1,33.0,105287.52,3190.530909090909,0.0,3.944223107569721,82057.66,120723.29576961667,VIP
CUST01122,Social Media,Tier 2,52.0,178343.85,3429.689423076923,2.0,4.829721362229102,71422.09,120392.49184427319,VIP
CUST01699,Referral,Tier 3,34.0,100905.45,2967.8073529411763,0.0,5.230769230769231,144814.63999999998,120391.09051857938,VIP
CUST02577,Organic Search,Tier 3,57.0,165846.05,2909.5798245614033,2.0,5.662251655629139,148718.6,119681.8703895866,VIP
CUST01513,Social Media,Tier 1,71.0,233658.04,3290.958309859155,3.0,6.358208955223881,165189.98,117547.16371488314,VIP
CUST00325,Email,Tier 2,66.0,212836.49,3224.795303030303,2.0,5.772594752186589,158281.62,117238.84123992856,VIP
CUST02556,Paid Ads,Tier 2,25.0,69472.0,2778.88,1.0,3.1380753138075312,123327.53,117235.51063105815,VIP
CUST00227,Paid Ads,Tier 2,32.0,103846.5,3245.203125,5.0,5.217391304347826,49666.43,114234.62297533095,VIP
CUST01210,Organic Search,Tier 1,34.0,107742.19,3168.8879411764706,3.0,4.454148471615721,32032.440000000002,114232.39562775247,VIP
CUST02939,Social Media,Tier 2,69.0,229283.18,3322.9446376811593,3.0,5.671232876712329,72059.93000000001,112630.26330306311,VIP
CUST00999,Social Media,Tier 1,54.0,173308.41,3209.415,5.0,4.709302325581396,183094.48,112228.99201245564,VIP
CUST00051,Paid Ads,Tier 1,42.0,119970.87,2856.4492857142855,9.0,5.7534246575342465,128474.97,111871.74571033224,VIP
CUST02275,Paid Ads,Tier 3,56.0,196522.06,3509.3224999999998,17.0,5.0,136415.17,110673.68901273671,VIP
CUST00155,Social Media,Tier 2,49.0,145114.58000000002,2961.522040816327,19.0,4.388059701492538,28974.3,109401.9612026094,VIP
CUST02718,Email,Tier 1,57.0,165216.57,2898.536315789474,3.0,5.059171597633136,136113.85,109015.83778528041,VIP
CUST01913,Organic Search,Tier 2,36.0,103642.27,2878.9519444444445,5.0,6.0,194380.28,108523.12556261884,VIP
CUST02125,Email,Tier 2,64.0,197271.04,3082.36,6.0,5.517241379310345,184649.88,106238.57040388952,VIP
CUST01325,Organic Search,Tier 2,37.0,111375.35,3010.1445945945948,6.0,5.467980295566503,15134.27,105212.88254439928,VIP
CUST01816,Paid Ads,Tier 2,57.0,190018.13,3333.651403508772,0.0,5.074183976261128,29142.39,104040.27632634096,VIP
CUST02409,Social Media,Tier 3,57.0,182435.55,3200.6236842105263,11.0,5.074183976261128,133695.71,103757.89230679991,VIP
CUST00519,Social Media,Tier 1,42.0,135490.01,3225.9526190476195,25.0,4.144736842105264,13497.9,100097.05631348016,VIP
CUST01335,Paid Ads,Tier 3,32.0,98154.11,3067.3159375,1.0,4.465116279069767,90476.7,98680.9210517094,VIP
CUST01428,Referral,Tier 3,55.0,171019.39,3109.4434545454546,3.0,5.092592592592593,6541.370000000001,96910.3204308767,VIP
CUST00844,Paid Ads,Tier 3,42.0,136747.11,3255.883571428571,36.0,4.090909090909091,172638.38,94875.96862094958,VIP
CUST01890,Organic Search,Tier 1,34.0,104310.51,3067.956176470588,6.0,5.795454545454545,0.0,93975.52881992719,VIP
CUST02702,Social Media,Tier 2,26.0,80695.96,3103.6907692307695,27.0,4.814814814814815,128640.55,93342.22663273753,VIP
CUST02244,Social Media,Tier 1,46.0,142864.6,3105.7521739130434,42.0,4.299065420560748,0.0,92431.38538976187,VIP
CUST02734,Organic Search,Tier 2,33.0,114343.46,3464.9533333333334,38.0,3.8372093023255816,89908.43,88366.9829454917,VIP
CUST02433,Social Media,Tier 1,58.0,170058.35,2932.0405172413793,9.0,5.014409221902017,18828.37,87334.25698912611,VIP
CUST01801,Paid Ads,Tier 2,34.0,105607.6,3106.1058823529415,41.0,3.8059701492537314,0.0,87170.9547358888,VIP
CUST01585,Social Media,Tier 3,50.0,161702.29,3234.0458000000003,29.0,4.4910179640718555,0.0,72951.97395405544,VIP
CUST02416,Paid Ads,Tier 1,33.0,96384.15,2920.731818181818,69.0,3.0745341614906834,0.0,69067.04083797912,VIP
CUST02428,Email,Tier 2,54.0,173815.83,3218.8116666666665,59.0,4.53781512605042,0.0,58337.78192724829,VIP
CUST01055,Email,Tier 2,55.0,172867.53,3143.046,96.0,4.661016949152542,0.0,57433.84818936974,VIP
CUST00572,Social Media,Tier 2,15.0,20714.6,1380.9733333333331,7.0,1.8828451882845187,67647.36,49572.10359210255,VIP
CUST00474,Social Media,Tier 2,18.0,25274.61,1404.145,20.0,1.9636363636363638,63305.5,47324.35848970717,VIP
CUST01387,Paid Ads,Tier 2,33.0,52203.56,1581.9260606060604,4.0,3.8076923076923075,62420.33,46723.24930660391,VIP
CUST02003,Paid Ads,Tier 2,23.0,36302.44,1578.3669565217392,0.0,3.1221719457013575,57578.03,46010.92225638544,VIP
CUST00932,Paid Ads,Tier 2,18.0,29027.32,1612.628888888889,4.0,2.3175965665236054,70738.49,45864.60761604591,VIP
CUST00861,Referral,Tier 2,18.0,26334.42,1463.0233333333333,1.0,2.25,58621.13,45646.89830720428,VIP
CUST01005,Paid Ads,Tier 2,17.0,27327.12,1607.4776470588235,1.0,4.08,50681.24,45594.03598073951,VIP
CUST02080,Paid Ads,Tier 1,15.0,21315.260000000002,1421.0173333333335,2.0,2.8662420382165608,57389.77,45475.25396202028,VIP
CUST02542,Social Media,Tier 3,14.0,22227.03,1587.645,29.0,2.1538461538461537,84612.29000000001,45368.5106411339,VIP
CUST00117,Referral,Tier 2,21.0,28824.73,1372.6061904761905,28.0,2.1070234113712374,50182.72,45339.798275656794,VIP
CUST02539,Paid Ads,Tier 2,43.0,67123.91,1561.0211627906976,1.0,3.685714285714286,23539.59,45228.31898573449,VIP
CUST01054,Social Media,Tier 2,8.0,12227.68,1528.46,3.0,1.6666666666666665,57589.82,44837.47802597913,VIP
CUST02254,Paid Ads,Tier 2,22.0,35537.47,1615.3395454545455,2.0,2.185430463576159,62137.76,44610.5646558292,VIP
CUST01306,Social Media,Tier 2,41.0,66715.41,1627.2051219512196,0.0,3.5549132947976876,51492.42,44514.19225667915,VIP
CUST02063,Email,Tier 2,18.0,26548.82,1474.9344444444444,19.0,2.26890756302521,60282.61,44501.03869154794,VIP
CUST02510,Paid Ads,Tier 1,23.0,36279.93,1577.3882608695653,0.0,3.026315789473684,60536.49,44420.45762285025,VIP
CUST00445,Paid Ads,Tier 2,8.0,12702.1,1587.7625,5.0,1.5,47143.1,44342.333126315185,VIP
CUST02643,Paid Ads,Tier 2,13.0,18650.79,1434.676153846154,10.0,1.7333333333333332,45126.37,44324.13288069218,VIP
CUST01396,Paid Ads,Tier 2,22.0,35019.83,1591.8104545454546,4.0,2.7966101694915255,48369.04,44163.65743543533,VIP
CUST01884,Referral,Tier 2,13.0,18226.54,1402.0415384615385,47.0,1.96969696969697,38108.86,44139.44846237395,VIP
CUST01149,Paid Ads,Tier 2,11.0,15960.949999999999,1450.9954545454545,45.0,1.2043795620437956,51541.47,43985.46459398247,VIP
CUST02480,Social Media,Tier 2,13.0,19754.77,1519.5976923076923,16.0,1.4716981132075473,43095.73,43875.92180841196,VIP
CUST02735,Organic Search,Tier 2,14.0,22602.86,1614.49,11.0,1.75,56376.57,43836.2959343132,VIP
CUST00537,Paid Ads,Tier 2,23.0,36517.159999999996,1587.702608695652,3.0,2.1362229102167185,38556.11,43744.182914672274,VIP
CUST00898,Paid Ads,Tier 1,14.0,20006.59,1429.0421428571428,3.0,1.7073170731707317,42587.8,43727.42931775948,VIP
CUST00749,Social Media,Tier 2,23.0,37176.62,1616.3747826086958,4.0,2.123076923076923,58859.45,43612.78681793204,VIP
CUST00179,Paid Ads,Tier 1,21.0,28780.71,1370.51,1.0,2.8000000000000003,43069.65,43569.42873040045,VIP
CUST01061,Organic Search,Tier 2,21.0,33261.8,1583.8952380952383,2.0,2.837837837837838,54134.55,43568.55438738843,VIP
CUST00990,Email,Tier 3,11.0,16178.85,1470.8045454545454,18.0,2.142857142857143,54603.520000000004,43564.04162257683,VIP
CUST01574,Email,Tier 1,17.0,24991.49,1470.0876470588237,34.0,2.0987654320987654,54782.32,43546.23842666935,VIP
CUST00717,Paid Ads,Tier 2,21.0,33734.18,1606.3895238095238,4.0,2.1724137931034484,37750.090000000004,43517.34735814287,VIP
CUST02816,Email,Tier 1,13.0,18648.79,1434.5223076923078,6.0,1.5789473684210527,54260.1,43449.67396635104,VIP
CUST01343,Organic Search,Tier 1,13.0,18679.699999999997,1436.8999999999999,2.0,1.5918367346938775,47467.09,43358.57498225907,VIP
CUST02721,Paid Ads,Tier 1,17.0,26985.9,1587.4058823529413,3.0,2.2972972972972974,47002.53,43348.47411778043,VIP
CUST02871,Referral,Tier 2,17.0,26360.17,1550.5982352941176,1.0,1.7894736842105263,51684.67,43329.15134458633,VIP
CUST02146,Organic Search,Tier 2,13.0,19935.61,1533.5084615384617,26.0,1.5476190476190474,46593.64,43325.276823620996,VIP
CUST01019,Paid Ads,Tier 2,26.0,35758.19,1375.315,4.0,2.795698924731183,37693.73,43301.28593245781,VIP
CUST00379,Paid Ads,Tier 2,27.0,41074.56,1521.28,10.0,3.9130434782608696,47552.72,43109.92252290186,VIP
CUST00800,Social Media,Tier 2,23.0,35663.39,1550.5821739130436,0.0,2.816326530612245,43923.85,43081.01709715644,VIP
CUST02013,Social Media,Tier 2,23.0,32669.84,1420.4278260869564,1.0,3.270142180094787,49585.25,43019.853033524545,VIP
CUST00632,Organic Search,Tier 2,21.0,33936.6,1616.0285714285715,14.0,1.9749216300940438,50017.14,43018.147150027195,VIP
CUST02893,Organic Search,Tier 1,43.0,73181.01,1701.883953488372,0.0,3.75,51170.88,42915.64979387174,VIP
CUST02619,Email,Tier 3,20.0,31582.31,1579.1155,0.0,2.4,47439.96,42809.79003881225,VIP
CUST00394,Paid Ads,Tier 2,22.0,34658.64,1575.3927272727271,8.0,2.453531598513011,11536.01,42808.935396909816,VIP
CUST02186,Organic Search,Tier 2,21.0,32638.16,1554.1980952380952,8.0,1.8421052631578947,61463.61,42779.1753930365,VIP
CUST00768,Referral,Tier 1,17.0,26895.95,1582.114705882353,6.0,1.9921875,50138.73,42711.28505682544,VIP
CUST01917,Social Media,Tier 2,16.0,24026.75,1501.671875,10.0,1.9753086419753088,36502.700000000004,42639.96174384553,VIP
CUST00054,Email,Tier 2,15.0,23807.72,1587.1813333333334,19.0,2.295918367346939,45555.51,42602.78159136181,VIP
CUST00807,Email,Tier 3,26.0,38875.06,1495.1946153846152,0.0,4.357541899441341,59534.35,42586.432029348754,VIP
CUST01829,Organic Search,Tier 2,23.0,37403.27,1626.2291304347825,2.0,2.7058823529411766,41107.51,42579.32385161287,VIP
CUST02977,Paid Ads,Tier 1,13.0,21493.5,1653.3461538461538,0.0,2.452830188679245,64008.98,42575.59400502448,VIP
CUST02305,Social Media,Tier 2,15.0,23635.16,1575.6773333333333,1.0,1.6304347826086956,41183.8,42520.49634534412,VIP
CUST02498,Email,Tier 2,12.0,16974.63,1414.5525,30.0,2.25,49748.409999999996,42469.495052003396,VIP
CUST00991,Organic Search,Tier 2,9.0,14898.49,1655.3877777777777,2.0,1.4516129032258065,53605.46,42465.94223873298,VIP
CUST01084,Organic Search,Tier 2,28.0,45552.19,1626.8639285714287,1.0,3.9069767441860463,40057.55,42461.32449105606,VIP
CUST01963,Social Media,Tier 1,23.0,34288.62,1490.8095652173913,4.0,2.8512396694214877,51205.76,42445.00051262584,VIP
CUST01361,Paid Ads,Tier 2,33.0,52970.74,1605.1739393939392,0.0,3.103448275862069,40207.4,42429.89889377488,VIP
CUST01453,Paid Ads,Tier 2,21.0,31999.68,1523.7942857142857,28.0,2.669491525423729,55748.25,42411.95374063331,VIP
CUST00821,Paid Ads,Tier 2,37.0,57120.68,1543.8021621621622,12.0,3.4365325077399382,59818.39,42403.31505624505,VIP
CUST02773,Referral,Tier 2,20.0,39627.72,1981.386,14.0,2.247191011235955,51752.25,42396.434029079064,VIP
CUST00938,Organic Search,Tier 2,27.0,42898.51,1588.8337037037038,0.0,2.6821192052980134,49760.8,42180.297815607475,VIP
CUST01091,Social Media,Tier 1,18.0,25059.45,1392.1916666666666,5.0,2.8125,41464.450000000004,42177.15822649208,VIP
CUST02105,Organic Search,Tier 3,15.0,22313.4,1487.5600000000002,1.0,1.7045454545454546,49447.08,42107.69354276701,VIP
CUST02802,Social Media,Tier 1,8.0,11610.83,1451.35375,0.0,1.3636363636363638,50093.97,42053.415977833014,VIP
CUST02889,Referral,Tier 1,21.0,39427.2,1877.485714285714,10.0,2.957746478873239,62452.54,42049.2920488461,VIP
CUST02055,Organic Search,Tier 3,18.0,26651.010000000002,1480.6116666666667,27.0,2.0300751879699246,49217.21,41970.120321392475,VIP
CUST01099,Social Media,Tier 2,19.0,29150.66,1534.2452631578947,2.0,2.2983870967741935,33833.69,41967.08915917463,VIP
CUST00397,Organic Search,Tier 2,30.0,49602.86,1653.4286666666667,4.0,4.390243902439024,45874.13,41916.37065110535,VIP
CUST01159,Referral,Tier 2,21.0,38718.84,1843.7542857142855,10.0,3.3870967741935485,47900.58,41900.04631543668,VIP
CUST00759,Paid Ads,Tier 2,21.0,32279.71,1537.1290476190475,18.0,2.1649484536082473,47430.85,41872.20212815862,VIP
CUST01756,Social Media,Tier 2,22.0,36396.37,1654.3804545454548,9.0,2.4354243542435423,66614.58,41819.63390648253,VIP
CUST01030,Paid Ads,Tier 1,13.0,18478.97,1421.4592307692308,31.0,2.392638036809816,45668.87,41795.253267979024,VIP
CUST01672,Referral,Tier 2,19.0,30531.21,1606.905789473684,15.0,2.614678899082569,41585.16,41733.28492145501,VIP
CUST01772,Email,Tier 2,19.0,30685.53,1615.027894736842,50.0,2.1839080459770117,31883.5,41724.26581879534,VIP
CUST00535,Email,Tier 2,12.0,19206.37,1600.5308333333332,45.0,1.6981132075471699,48337.98,41705.859005878825,VIP
CUST00767,Paid Ads,Tier 1,16.0,24644.78,1540.29875,0.0,3.018867924528302,43190.2,41705.81759495811,VIP
CUST02150,Paid Ads,Tier 1,24.0,39368.69,1640.3620833333334,2.0,3.1718061674008813,47309.13,41694.089466247475,VIP
CUST01960,Social Media,Tier 1,12.0,17691.49,1474.2908333333335,4.0,1.8181818181818183,38203.74,41612.967965901895,VIP
CUST01871,Email,Tier 1,27.0,39271.270000000004,1454.4914814814817,4.0,2.892857142857143,47272.38,41579.4722601909,VIP
CUST00728,Social Media,Tier 1,15.0,23605.62,1573.7079999999999,10.0,1.495016611295681,32801.6,41572.603758546196,VIP
CUST00052,Email,Tier 2,20.0,33167.55,1658.3775,0.0,2.531645569620253,48453.39,41563.35546271351,VIP
CUST01845,Social Media,Tier 3,19.0,27839.29,1465.2257894736842,3.0,2.8934010152284264,54947.909999999996,41456.85492548143,VIP
CUST01736,Paid Ads,Tier 3,14.0,20419.25,1458.517857142857,27.0,1.9534883720930232,36578.51,41456.38230459911,VIP
CUST00089,Paid Ads,Tier 2,9.0,13503.33,1500.37,18.0,1.3106796116504855,38775.24,41435.400978050886,VIP
CUST02951,Paid Ads,Tier 1,10.0,14805.19,1480.519,28.0,2.34375,41169.49,41413.24348849041,VIP
CUST00486,Social Media,Tier 2,28.0,43601.03,1557.1796428571429,18.0,3.3201581027667983,44923.66,41406.56244808597,VIP
CUST01713,Email,Tier 2,32.0,57977.55,1811.7984375,3.0,3.2989690721649483,53446.19,41399.18410472274,VIP
CUST01080,Paid Ads,Tier 2,23.0,39050.73,1697.8578260869567,1.0,2.7935222672064777,49842.22,41342.51278572214,VIP
CUST00377,Organic Search,Tier 2,18.0,32934.18,1829.6766666666667,10.0,2.240663900414938,51376.6,41333.73225087616,VIP
CUST02611,Social Media,Tier 2,24.0,38746.48,1614.4366666666667,6.0,1.994459833795014,43379.12,41324.82941947967,VIP
CUST02099,Paid Ads,Tier 1,15.0,23682.329999999998,1578.822,12.0,1.8518518518518516,63745.39,41299.58558379875,VIP
CUST00837,Paid Ads,Tier 1,23.0,36511.36,1587.4504347826087,0.0,2.716535433070866,56351.6,41282.056065479315,VIP
CUST02699,Social Media,Tier 2,32.0,51962.07,1623.8146875,1.0,3.254237288135593,41389.85,41259.458405570476,VIP
CUST02054,Paid Ads,Tier 3,28.0,41835.2,1494.1142857142856,4.0,3.0882352941176467,44580.75,41244.482483578046,VIP
CUST00272,Paid Ads,Tier 1,19.0,28058.98,1476.7884210526315,8.0,2.0,42803.06,41236.113201704946,VIP
CUST02502,Email,Tier 1,16.0,23842.89,1490.180625,58.0,1.6494845360824741,63666.99,41171.78961729711,VIP
CUST02719,Organic Search,Tier 3,19.0,27796.85,1462.9921052631578,8.0,1.9723183391003458,45090.71,41152.46184637764,VIP
CUST01146,Organic Search,Tier 2,17.0,24004.15,1412.0088235294118,3.0,3.1677018633540373,32788.16,41137.91659562496,VIP
CUST00095,Social Media,Tier 2,27.0,42051.93,1557.4788888888888,13.0,2.4923076923076923,47841.16,41116.19657415016,VIP
CUST01882,Paid Ads,Tier 3,17.0,26789.12,1575.830588235294,35.0,2.125,39596.93,41110.33608372742,VIP
CUST00446,Email,Tier 1,20.0,32556.3,1627.815,11.0,2.4096385542168672,47529.19,41098.94512732967,VIP
CUST01852,Referral,Tier 2,16.0,26403.11,1650.194375,8.0,2.4615384615384617,49068.61,41059.22116174606,VIP
CUST02107,Organic Search,Tier 3,23.0,37944.11,1649.7439130434782,4.0,2.017543859649123,47858.28,41055.20038786295,VIP
CUST00716,Email,Tier 2,19.0,30364.0,1598.1052631578948,10.0,2.489082969432314,47126.61,41039.554984550734,VIP
CUST01184,Social Media,Tier 1,19.0,33936.35,1786.1236842105263,4.0,2.405063291139241,49548.51,41029.463610072315,VIP
CUST02926,Paid Ads,Tier 1,21.0,32265.63,1536.4585714285715,3.0,2.603305785123967,43229.71,41013.209192855174,VIP
CUST01668,Paid Ads,Tier 2,21.0,35886.43,1708.877619047619,4.0,3.8414634146341466,43394.99,40987.45246665893,VIP
CUST00121,Email,Tier 3,28.0,40836.41,1458.4432142857145,2.0,2.8571428571428568,46059.58,40979.7800475815,VIP
CUST01469,Organic Search,Tier 3,19.0,31444.69,1654.9836842105262,11.0,2.043010752688172,56506.83,40950.51318556436,VIP
CUST01824,Organic Search,Tier 1,19.0,28813.87,1516.5194736842104,0.0,2.0357142857142856,52006.84,40934.500160756616,VIP
CUST01553,Organic Search,Tier 2,20.0,29015.69,1450.7845,26.0,2.0477815699658706,36918.29,40894.351369069205,VIP
CUST01045,Referral,Tier 3,18.0,28855.22,1603.0677777777778,3.0,2.4434389140271495,61357.68,40877.166705373245,VIP
CUST01855,Referral,Tier 3,25.0,45180.36,1807.2144,9.0,4.054054054054054,46646.08,40850.32848858856,VIP
CUST00409,Referral,Tier 1,20.0,29906.510000000002,1495.3255000000001,1.0,1.7191977077363898,35409.88,40847.73837914014,VIP
CUST01224,Social Media,Tier 3,15.0,24413.73,1627.5819999999999,4.0,1.9823788546255507,52324.11,40825.01003941323,VIP
CUST00854,Paid Ads,Tier 3,19.0,29682.27,1562.2247368421054,19.0,2.1923076923076925,47836.61,40811.85020307966,VIP
CUST01518,Social Media,Tier 2,34.0,51679.0,1519.9705882352941,29.0,3.422818791946309,44635.05,40801.79667179922,VIP
CUST01649,Paid Ads,Tier 2,15.0,23958.71,1597.2473333333332,8.0,2.4193548387096775,41432.49,40755.00724358901,VIP
CUST02554,Referral,Tier 1,12.0,18030.48,1502.54,19.0,1.3899613899613898,38938.63,40745.42457732252,VIP
CUST02700,Paid Ads,Tier 1,16.0,24847.899999999998,1552.9937499999999,15.0,1.867704280155642,33099.91,40736.89404770486,VIP
CUST01943,Social Media,Tier 3,12.0,19357.35,1613.1125,31.0,1.4937759336099583,43553.07,40726.69580374845,VIP
CUST01051,Organic Search,Tier 2,22.0,35712.61,1623.3004545454546,0.0,3.0,40120.63,40697.957549945015,VIP
CUST01373,Social Media,Tier 2,27.0,39760.21,1472.6003703703702,4.0,2.314285714285714,40995.75,40692.89958753506,VIP
CUST00253,Email,Tier 3,15.0,23137.16,1542.4773333333333,35.0,1.7999999999999998,36600.46,40691.67390661397,VIP
CUST02006,Paid Ads,Tier 1,35.0,58595.71,1674.163142857143,4.0,3.3870967741935485,45786.73,40691.213289981206,VIP
CUST00399,Organic Search,Tier 2,24.0,38581.86,1607.5775,22.0,3.934426229508197,48598.3,40690.158035934175,VIP
CUST00402,Social Media,Tier 1,34.0,61232.1,1800.9441176470589,39.0,3.3774834437086096,52084.75,40678.41518509244,VIP
CUST01456,Paid Ads,Tier 2,27.0,41592.94,1540.4792592592594,5.0,2.6557377049180326,43920.37,40646.14353307953,VIP
CUST01560,Referral,Tier 3,9.0,13147.58,1460.8422222222223,11.0,2.0,43645.81,40627.15455896579,VIP
CUST00337,Social Media,Tier 3,14.0,22117.4,1579.814285714286,9.0,2.0388349514563107,47600.93,40599.24000003496,VIP
CUST02206,Referral,Tier 1,29.0,43975.87,1516.4093103448276,0.0,3.01038062283737,42530.86,40597.57789293088,VIP
CUST01166,Referral,Tier 1,26.0,39904.159999999996,1534.7753846153844,7.0,3.236514522821577,40363.59,40565.320922228486,VIP
CUST01445,Email,Tier 1,13.0,18540.75,1426.2115384615386,44.0,1.703056768558952,41124.1,40559.6009615837,VIP
CUST01470,Email,Tier 3,16.0,25114.78,1569.67375,19.0,2.376237623762376,43581.78,40537.351242371726,VIP
CUST00114,Social Media,Tier 2,13.0,23263.54,1789.503076923077,36.0,1.4885496183206106,50702.06,40534.153056280986,VIP
CUST01559,Social Media,Tier 1,18.0,33397.4,1855.4111111111113,4.0,3.3962264150943398,50143.63,40470.135691386626,High
CUST01273,Organic Search,Tier 2,20.0,31704.03,1585.2015,6.0,3.4285714285714284,48124.71,40426.32221655647,High
CUST00053,Paid Ads,Tier 1,21.0,32118.68,1529.4609523809524,3.0,2.019230769230769,49667.34,40398.04876613772,High
CUST00135,Email,Tier 1,19.0,29476.809999999998,1551.4110526315787,18.0,2.261904761904762,51842.66,40395.5929612294,High
CUST02187,Referral,Tier 2,25.0,35239.1,1409.5639999999999,33.0,2.941176470588235,43641.49,40358.82264739315,High
CUST01351,Organic Search,Tier 3,20.0,32389.23,1619.4615,1.0,3.9215686274509807,42458.5,40357.98876791729,High
CUST02382,Social Media,Tier 1,17.0,27669.25,1627.6029411764705,2.0,3.3774834437086096,32403.45,40356.25238846712,High
CUST01357,Social Media,Tier 1,14.0,23496.29,1678.3064285714286,7.0,2.781456953642384,54818.61,40352.939897432436,High
CUST01853,Organic Search,Tier 1,23.0,40486.6,1760.286956521739,1.0,2.96137339055794,54918.78,40349.05263269902,High
CUST00949,Organic Search,Tier 3,31.0,49497.6,1596.6967741935484,0.0,3.206896551724138,47069.61,40334.4650429542,High
CUST02198,Paid Ads,Tier 2,16.0,23348.76,1459.2975,4.0,2.4742268041237114,38843.63,40322.59802262997,High
CUST02462,Social Media,Tier 1,22.0,36267.52,1648.5236363636361,7.0,2.2996515679442506,44708.55,40300.88070695147,High
CUST02219,Paid Ads,Tier 2,18.0,27028.27,1501.5705555555555,0.0,2.983425414364641,37677.7,40282.14498084248,High
CUST02722,Email,Tier 3,21.0,34684.67,1651.6509523809523,0.0,2.5714285714285716,47015.0,40275.99988504836,High
CUST01511,Organic Search,Tier 1,14.0,22959.760000000002,1639.9828571428573,1.0,1.9811320754716981,51647.42,40275.44760362486,High
CUST01156,Organic Search,Tier 2,31.0,49332.62,1591.3748387096775,2.0,2.6495726495726495,47483.75,40254.70233460818,High
CUST02507,Organic Search,Tier 2,26.0,41806.1,1607.926923076923,50.0,2.635135135135135,53639.17,40234.019682598846,High
CUST00721,Social Media,Tier 3,18.0,27349.23,1519.4016666666666,14.0,1.9636363636363638,38834.76,40213.516747435366,High
CUST00265,Referral,Tier 1,17.0,26613.48,1565.4988235294118,28.0,2.307692307692308,42283.35,40206.70907942494,High
CUST02341,Email,Tier 2,25.0,40593.55,1623.7420000000002,4.0,2.508361204013378,42207.92,40204.59191595245,High
CUST00034,Email,Tier 1,33.0,52567.35,1592.95,4.0,3.3559322033898304,43099.21,40199.39107612423,High
CUST02525,Organic Search,Tier 2,24.0,39965.81,1665.2420833333333,0.0,2.3300970873786406,47771.69,40193.52320958138,High
CUST02174,Referral,Tier 1,21.0,33864.05,1612.5738095238096,40.0,2.195121951219512,50414.3,40190.82861851308,High
CUST02973,Organic Search,Tier 1,14.0,22422.42,1601.6014285714284,19.0,2.5,55940.1,40173.126791824776,High
CUST00772,Organic Search,Tier 2,15.0,24128.010000000002,1608.534,33.0,2.0737327188940093,44074.38,40163.88677754686,High
CUST02675,Paid Ads,Tier 3,8.0,11823.91,1477.98875,10.0,1.3953488372093024,48611.090000000004,40138.008739880665,High
CUST01857,Organic Search,Tier 3,18.0,27986.43,1554.8016666666667,6.0,2.2131147540983607,55160.11,40123.88130467473,High
CUST01900,Paid Ads,Tier 2,26.0,41560.619999999995,1598.4853846153844,50.0,2.414860681114551,45094.28,40101.40933120577,High
CUST02711,Paid Ads,Tier 1,31.0,45875.31,1479.8487096774193,2.0,2.818181818181818,43471.45,40084.50532730417,High
CUST00420,Social Media,Tier 1,18.0,28084.81,1560.2672222222222,16.0,1.8181818181818183,39477.47,40072.85194825059,High
CUST02965,Referral,Tier 3,16.0,24774.01,1548.375625,25.0,1.4457831325301205,44381.229999999996,40070.59806234121,High
CUST00280,Referral,Tier 1,15.0,23890.49,1592.6993333333335,15.0,2.195121951219512,34628.78,40055.7037026725,High
CUST00384,Social Media,Tier 3,21.0,37632.02,1792.0009523809522,51.0,1.9811320754716981,64708.340000000004,40045.1998918829,High
CUST01945,Paid Ads,Tier 2,23.0,42410.05,1843.9152173913044,4.0,2.0294117647058822,52419.39,40041.66811745031,High
CUST02655,Organic Search,Tier 2,26.0,43349.58,1667.2915384615385,0.0,3.0,47943.95,40033.24817513142,High
CUST00183,Social Media,Tier 3,33.0,63251.31,1916.7063636363637,0.0,3.0841121495327104,48674.6,40012.13713262073,High
CUST02755,Social Media,Tier 2,21.0,36874.770000000004,1755.9414285714288,10.0,2.2580645161290325,56255.41,40003.555174066925,High
CUST00524,Social Media,Tier 3,21.0,33762.61,1607.7433333333333,2.0,2.150170648464164,29690.32,40000.64325448575,High
CUST00569,Organic Search,Tier 2,17.0,30591.94,1799.5258823529412,10.0,2.3181818181818183,39345.6,39988.71452852677,High
CUST00490,Paid Ads,Tier 2,26.0,44417.56,1708.3676923076923,3.0,2.5827814569536423,73064.98,39955.024217594735,High
CUST02746,Email,Tier 1,23.0,34456.58,1498.1121739130435,10.0,1.9546742209631727,40339.86,39918.882638402996,High
CUST00036,Paid Ads,Tier 3,17.0,27687.420000000002,1628.6717647058824,29.0,2.0,43099.11,39910.25648123584,High
CUST02836,Email,Tier 1,20.0,31070.2,1553.51,30.0,2.1739130434782608,37945.07,39905.95681712046,High
CUST00552,Organic Search,Tier 1,19.0,34231.17,1801.6405263157894,5.0,1.9127516778523492,51142.78,39874.608455529386,High
CUST00193,Referral,Tier 2,20.0,33053.52,1652.676,13.0,2.0,29354.04,39872.410181754036,High
CUST01912,Paid Ads,Tier 1,21.0,33378.5,1589.452380952381,3.0,2.2261484098939928,26184.08,39864.94930561867,High
CUST00229,Social Media,Tier 2,23.0,41365.27,1798.4899999999998,1.0,3.013100436681223,47964.32,39856.961973319834,High
CUST02803,Paid Ads,Tier 1,21.0,33497.77,1595.1319047619047,9.0,2.342007434944238,46620.61,39849.86659455145,High
CUST00277,Email,Tier 1,20.0,35760.43,1788.0215,10.0,2.307692307692308,32145.71,39809.05663412208,High
CUST01866,Organic Search,Tier 2,17.0,27343.7,1608.4529411764706,7.0,3.1288343558282206,42837.020000000004,39787.62658906861,High
CUST00619,Social Media,Tier 1,24.0,39238.82,1634.9508333333333,1.0,2.4324324324324325,46600.22,39787.292655191915,High
CUST02352,Paid Ads,Tier 3,16.0,25771.64,1610.7275,9.0,1.9672131147540985,14612.52,39760.384715087326,High
CUST00166,Organic Search,Tier 3,29.0,44750.96,1543.136551724138,3.0,3.129496402877698,36604.37,39743.18725117112,High
CUST00948,Referral,Tier 1,19.0,28685.079999999998,1509.741052631579,21.0,2.435897435897436,40698.66,39709.902547013146,High
CUST01684,Social Media,Tier 1,24.0,38596.19,1608.1745833333334,9.0,2.2222222222222223,41265.91,39679.35997090177,High
CUST00796,Organic Search,Tier 1,31.0,51967.01,1676.3551612903227,0.0,3.7804878048780486,45819.13,39671.897430315,High
CUST00432,Social Media,Tier 1,16.0,23070.95,1441.934375,12.0,2.191780821917808,32158.54,39665.651449137484,High
CUST00578,Social Media,Tier 2,20.0,35026.83,1751.3415,0.0,1.98019801980198,52331.15,39650.83490522304,High
CUST00390,Organic Search,Tier 2,11.0,18601.09,1691.0081818181818,10.0,2.4444444444444446,54129.17,39610.80990178005,High
CUST02509,Paid Ads,Tier 1,24.0,38593.13,1608.0470833333331,24.0,3.0638297872340425,57017.3,39605.66069661857,High
CUST02380,Social Media,Tier 1,20.0,33087.55,1654.3775,8.0,2.158273381294964,38337.0,39595.98148960671,High
CUST02992,Paid Ads,Tier 1,27.0,43157.31,1598.418888888889,8.0,3.292682926829268,50262.8,39594.29284615579,High
CUST02354,Referral,Tier 3,20.0,32528.77,1626.4385,18.0,2.586206896551724,55066.92,39590.86264019502,High
CUST02129,Organic Search,Tier 1,10.0,15121.689999999999,1512.1689999999999,9.0,1.5384615384615383,33386.8,39577.14405504582,High
CUST02902,Paid Ads,Tier 3,19.0,28937.41,1523.0215789473684,7.0,1.7378048780487805,52505.58,39573.14296065558,High
CUST02658,Organic Search,Tier 3,16.0,24785.21,1549.075625,3.0,2.962962962962963,42181.57,39552.8071014375,High
CUST01631,Organic Search,Tier 2,16.0,25423.22,1588.95125,0.0,2.4242424242424243,40405.86,39537.488308283704,High
CUST02929,Social Media,Tier 3,20.0,31913.559999999998,1595.6779999999999,3.0,2.7906976744186047,34927.95,39484.39399739671,High
CUST00026,Organic Search,Tier 2,26.0,40226.45,1547.1711538461536,2.0,2.61744966442953,34365.67,39478.166113651,High
CUST01666,Paid Ads,Tier 2,34.0,63616.03,1871.059705882353,3.0,3.0177514792899407,34240.72,39457.335657370924,High
CUST00198,Social Media,Tier 1,26.0,39661.67,1525.448846153846,2.0,2.385321100917431,59202.74,39442.87371511658,High
CUST01016,Email,Tier 1,23.0,35049.31,1523.8830434782608,15.0,1.9491525423728813,50429.64,39439.61122353778,High
CUST00271,Organic Search,Tier 1,25.0,39685.0,1587.4,5.0,3.6945812807881775,29895.44,39436.465943255156,High
CUST02861,Social Media,Tier 1,14.0,21658.6,1547.042857142857,12.0,2.1989528795811517,37414.090000000004,39414.27487791222,High
CUST00056,Email,Tier 3,21.0,42296.87,2014.1366666666668,9.0,1.8862275449101795,51888.29,39406.82077451108,High
CUST02252,Email,Tier 1,13.0,20390.05,1568.4653846153847,3.0,2.0744680851063833,29207.4,39406.661936814286,High
CUST01762,Paid Ads,Tier 1,18.0,29629.8,1646.1,1.0,1.651376146788991,42764.37,39395.243010197744,High
CUST02071,Social Media,Tier 3,17.0,28022.91,1648.4064705882354,0.0,2.2270742358078603,38105.01,39372.87307764478,High
CUST01242,Social Media,Tier 3,10.0,17027.5,1702.75,2.0,2.0,25377.5,39369.44094809536,High
CUST02210,Email,Tier 2,27.0,44869.44,1661.831111111111,0.0,2.507739938080495,39271.2,39363.96634684643,High
CUST00550,Social Media,Tier 3,26.0,40335.4,1551.3615384615384,4.0,2.2608695652173916,44972.03,39355.96306391659,High
CUST01158,Email,Tier 1,13.0,19574.72,1505.7476923076924,8.0,1.7105263157894737,24880.72,39315.11220346026,High
CUST02443,Organic Search,Tier 1,18.0,28462.19,1581.2327777777778,22.0,2.1599999999999997,42104.020000000004,39269.890888981274,High
CUST02758,Social Media,Tier 2,20.0,32168.6,1608.4299999999998,10.0,3.2432432432432434,46419.37,39266.755356545866,High
CUST01979,Organic Search,Tier 1,18.0,31992.41,1777.3561111111112,5.0,2.1343873517786562,48176.36,39261.17833843947,High
CUST00672,Paid Ads,Tier 2,21.0,34853.3,1659.6809523809525,40.0,2.6359832635983262,47855.18,39249.30823626783,High
CUST01729,Paid Ads,Tier 1,15.0,23388.4,1559.2266666666667,17.0,2.284263959390863,52749.24,39209.81032708051,High
CUST01991,Social Media,Tier 1,17.0,26115.36,1536.1976470588236,1.0,2.428571428571429,38205.65,39207.026006291315,High
CUST02493,Social Media,Tier 2,17.0,31220.52,1836.5011764705882,2.0,2.116182572614108,46602.58,39203.267633485935,High
CUST02321,Referral,Tier 2,23.0,40344.67,1754.1160869565217,3.0,2.8870292887029287,48104.22,39200.34263584139,High
CUST01980,Paid Ads,Tier 3,34.0,48665.26,1431.3311764705884,0.0,3.48122866894198,34707.64,39191.10033140381,High
CUST02782,Paid Ads,Tier 3,21.0,34911.88,1662.4704761904761,9.0,1.9936708860759491,0.0,39181.72140254324,High
CUST02426,Organic Search,Tier 1,16.0,27207.95,1700.496875,10.0,3.503649635036496,55734.5,39158.802087185475,High
CUST01547,Email,Tier 2,22.0,33653.22,1529.6918181818182,8.0,2.0754716981132075,5109.56,39146.70282720518,High
CUST02378,Organic Search,Tier 1,23.0,38599.31,1678.2308695652173,10.0,2.782258064516129,4022.1900000000005,39144.931356342655,High
CUST01356,Referral,Tier 3,14.0,22960.85,1640.060714285714,41.0,2.019230769230769,48437.31,39111.9373101925,High
CUST01520,Paid Ads,Tier 1,14.0,22423.04,1601.6457142857143,12.0,1.2804878048780488,40965.86,39107.52762886801,High
CUST01147,Paid Ads,Tier 1,17.0,27571.67,1621.8629411764705,4.0,1.9391634980988592,27199.14,39074.3891396465,High
CUST02705,Social Media,Tier 3,17.0,26729.33,1572.3135294117649,0.0,1.705685618729097,31549.98,39061.78630462266,High
CUST02189,Social Media,Tier 2,21.0,33611.24,1600.535238095238,13.0,3.539325842696629,43386.479999999996,39057.474554270004,High
CUST02570,Organic Search,Tier 2,13.0,20171.79,1551.676153846154,22.0,2.4375,44623.65,39048.04705247064,High
CUST02890,Email,Tier 1,17.0,28934.12,1702.0070588235294,4.0,2.1888412017167385,45848.83,38993.77526053768,High
CUST02512,Email,Tier 2,24.0,41668.98,1736.2075000000002,2.0,3.54679802955665,34618.74,38976.36578300438,High
CUST00808,Organic Search,Tier 3,22.0,40865.25,1857.5113636363637,0.0,1.9020172910662825,40366.65,38976.278799178464,High
CUST01272,Social Media,Tier 2,35.0,54311.28,1551.750857142857,8.0,3.0,41636.77,38938.97988336222,High
CUST01231,Paid Ads,Tier 3,14.0,23534.64,1681.0457142857142,0.0,2.5925925925925926,25295.79,38874.390175649954,High
CUST00257,Email,Tier 3,24.0,38831.85,1617.9937499999999,8.0,2.1818181818181817,37841.83,38851.26210752448,High
CUST00826,Organic Search,Tier 2,27.0,45003.46,1666.7948148148148,2.0,2.6557377049180326,44355.12,38846.47572938152,High
CUST01420,Organic Search,Tier 3,12.0,19257.89,1604.8241666666665,1.0,1.6363636363636362,50940.65,38835.667488792344,High
CUST02682,Paid Ads,Tier 2,25.0,44160.48,1766.4192,5.0,3.0864197530864197,41452.75,38820.000141482444,High
CUST01214,Paid Ads,Tier 2,22.0,41580.02,1890.0009090909089,8.0,2.2,36686.12,38801.06136765107,High
CUST00421,Email,Tier 1,16.0,24936.920000000002,1558.5575000000001,3.0,2.7745664739884393,32171.45,38800.55398454118,High
CUST02074,Paid Ads,Tier 1,16.0,26173.65,1635.853125,2.0,2.412060301507538,36879.76,38779.89275192429,High
CUST00093,Organic Search,Tier 2,21.0,34440.97,1640.0461904761905,2.0,3.28125,56670.59,38752.560628030704,High
CUST00507,Organic Search,Tier 2,17.0,31588.73,1858.1605882352942,11.0,1.8681318681318682,42467.6,38735.260544152974,High
CUST01925,Organic Search,Tier 3,24.0,40502.29,1687.5954166666668,5.0,3.4123222748815163,55002.07,38729.11256471706,High
CUST02821,Email,Tier 1,19.0,30548.23,1607.8015789473684,21.0,2.544642857142857,45117.99,38703.39581867352,High
CUST01893,Organic Search,Tier 2,27.0,41571.51,1539.6855555555555,33.0,2.347826086956522,36444.89,38697.97110820797,High
CUST01608,Organic Search,Tier 2,15.0,23146.829999999998,1543.1219999999998,22.0,2.2613065326633164,26312.190000000002,38684.19431368667,High
CUST02868,Paid Ads,Tier 1,8.0,11470.98,1433.8725,20.0,1.8045112781954886,41355.08,38680.33172315167,High
CUST02476,Email,Tier 1,22.0,35399.58,1609.0718181818183,8.0,1.9584569732937687,49865.16,38673.63934387006,High
CUST00274,Organic Search,Tier 2,10.0,16033.67,1603.367,1.0,1.492537313432836,34631.31,38673.62745410045,High
CUST01108,Organic Search,Tier 1,30.0,44774.090000000004,1492.4696666666669,5.0,2.8938906752411575,48537.75,38665.85334938698,High
CUST00063,Organic Search,Tier 1,19.0,30206.28,1589.8042105263157,7.0,2.8078817733990147,36052.37,38664.63553586475,High
CUST00448,Organic Search,Tier 1,9.0,14590.039999999999,1621.1155555555554,7.0,1.3043478260869565,35167.88,38640.62548751772,High
CUST01206,Organic Search,Tier 3,19.0,30314.65,1595.5078947368422,6.0,2.7941176470588234,47920.12,38639.26889223737,High
CUST02847,Organic Search,Tier 1,23.0,36623.15,1592.3108695652174,4.0,2.225806451612903,32407.29,38627.88104648551,High
CUST02045,Social Media,Tier 1,33.0,61563.28,1865.5539393939393,12.0,3.1132075471698113,42124.04,38616.19756883811,High
CUST00396,Paid Ads,Tier 2,22.0,39517.29,1796.2404545454547,7.0,2.907488986784141,42244.229999999996,38612.64326169508,High
CUST01237,Paid Ads,Tier 1,19.0,33394.58,1757.6094736842106,1.0,3.097826086956522,45889.05,38609.85400378706,High
CUST01196,Email,Tier 2,22.0,40225.13,1828.415,10.0,2.672064777327935,48382.66,38580.428263984075,High
CUST02960,Email,Tier 1,27.0,41223.04,1526.7792592592593,23.0,2.852112676056338,51034.27,38575.26891841254,High
CUST02784,Organic Search,Tier 2,13.0,19242.94,1480.2261538461537,8.0,2.1666666666666665,27709.37,38575.14448955599,High
CUST02923,Referral,Tier 1,16.0,26449.23,1653.076875,21.0,1.777777777777778,49840.67,38564.86024841482,High
CUST00192,Paid Ads,Tier 1,32.0,49007.47,1531.4834375,2.0,3.0094043887147333,35737.67,38547.826133555325,High
CUST00756,Organic Search,Tier 1,21.0,37372.99,1779.6661904761904,6.0,2.4324324324324325,5247.25,38547.32436469573,High
CUST00770,Organic Search,Tier 1,19.0,32042.59,1686.4521052631578,4.0,1.786833855799373,42486.12,38533.97570255764,High
CUST01049,Email,Tier 1,21.0,37869.46,1803.307619047619,2.0,2.9166666666666665,39233.82,38522.78107751357,High
CUST00406,Referral,Tier 1,15.0,25498.5,1699.9,31.0,2.1844660194174756,60071.74,38518.533358410015,High
CUST00559,Paid Ads,Tier 3,29.0,47059.52,1622.742068965517,3.0,2.8431372549019605,38040.57,38480.554583903795,High
CUST00508,Organic Search,Tier 1,23.0,33477.11,1455.5265217391304,0.0,3.399014778325123,0.0,38467.39463048324,High
CUST00612,Email,Tier 3,27.0,41343.39,1531.2366666666667,7.0,2.320916905444126,49946.62,38465.74047557357,High
CUST01008,Social Media,Tier 2,16.0,28554.93,1784.683125,2.0,2.285714285714286,50649.97,38449.623202446506,High
CUST00204,Organic Search,Tier 1,18.0,29244.51,1624.695,13.0,1.7475728155339807,48513.48,38433.18578904082,High
CUST01023,Paid Ads,Tier 1,17.0,30188.15,1775.7735294117647,4.0,2.3502304147465436,38093.25,38424.25923796475,High
CUST00105,Email,Tier 1,24.0,38190.24,1591.26,5.0,2.315112540192926,55520.65,38404.09946148617,High
CUST01656,Organic Search,Tier 2,23.0,39133.24,1701.4452173913044,4.0,2.8048780487804876,23516.14,38379.88380220368,High
CUST01634,Paid Ads,Tier 3,15.0,26654.39,1776.9593333333332,28.0,1.7647058823529411,48946.82,38364.48075132953,High
CUST01376,Social Media,Tier 3,10.0,16493.63,1649.363,8.0,1.4705882352941175,36962.979999999996,38356.422890679336,High
CUST00954,Email,Tier 3,24.0,38846.4,1618.6000000000001,15.0,2.801556420233463,45728.55,38340.0474710276,High
CUST00116,Social Media,Tier 3,15.0,25039.52,1669.3013333333333,34.0,1.7647058823529411,43702.3,38305.16312482114,High
CUST01085,Organic Search,Tier 2,22.0,38789.52,1763.1599999999999,8.0,3.1578947368421053,27559.49,38295.90535935613,High
CUST01806,Organic Search,Tier 1,15.0,26299.98,1753.3319999999999,2.0,2.586206896551724,49947.21,38280.01014529226,High
CUST01956,Email,Tier 1,26.0,47452.27,1825.0873076923076,0.0,2.3780487804878048,47451.979999999996,38271.2573480298,High
CUST01687,Paid Ads,Tier 1,20.0,33160.97,1658.0485,36.0,2.3622047244094486,42074.53,38264.9000894107,High
CUST00241,Social Media,Tier 2,25.0,47013.06,1880.5223999999998,3.0,2.435064935064935,34490.82,38264.29371703027,High
CUST02807,Organic Search,Tier 3,23.0,38476.19,1672.8778260869567,3.0,2.0474777448071215,37135.74,38254.42302032725,High
CUST00428,Organic Search,Tier 1,22.0,37887.26,1722.148181818182,7.0,2.773109243697479,57488.2,38252.25842058784,High
CUST01854,Organic Search,Tier 3,15.0,24692.74,1646.1826666666668,0.0,2.631578947368421,26552.75,38232.8101630427,High
CUST02084,Organic Search,Tier 1,15.0,24195.74,1613.0493333333334,5.0,2.4193548387096775,51997.78,38232.51088188991,High
CUST01749,Paid Ads,Tier 3,19.0,34502.32,1815.9115789473683,1.0,3.097826086956522,32783.49,38231.47230595361,High
CUST00077,Organic Search,Tier 3,35.0,54042.54,1544.0725714285716,6.0,3.7769784172661867,34408.93,38195.296935074104,High
CUST01201,Organic Search,Tier 2,12.0,20257.39,1688.1158333333333,11.0,2.3376623376623376,3409.6000000000004,38183.403905679996,High
CUST00982,Paid Ads,Tier 3,27.0,43798.64,1622.171851851852,5.0,2.294617563739377,41784.18,38173.37410990038,High
CUST01251,Paid Ads,Tier 1,18.0,26577.03,1476.5016666666666,8.0,2.71356783919598,30357.77,38171.48246821941,High
CUST00200,Email,Tier 2,27.0,45176.36,1673.1985185185185,5.0,2.783505154639175,40819.18,38166.933786805166,High
CUST00108,Social Media,Tier 1,17.0,27787.83,1634.5782352941178,8.0,2.3831775700934577,41543.75,38153.889270403786,High
CUST01782,Paid Ads,Tier 3,17.0,27856.26,1638.6035294117646,8.0,1.6346153846153846,40546.77,38145.137528676205,High
CUST00074,Paid Ads,Tier 1,30.0,50305.49,1676.8496666666665,5.0,4.545454545454546,46027.03,38141.43667383211,High
CUST02372,Organic Search,Tier 3,24.0,47367.92,1973.6633333333332,2.0,3.0252100840336134,27201.55,38111.63039718359,High
CUST01936,Organic Search,Tier 2,18.0,32136.12,1785.34,11.0,2.378854625550661,30957.95,38106.852535127546,High
CUST02984,Paid Ads,Tier 1,23.0,32298.35,1404.2760869565216,8.0,3.709677419354839,39494.15,38098.997779586425,High
CUST01063,Email,Tier 2,15.0,23175.08,1545.0053333333335,1.0,2.5714285714285716,33056.36,38076.69240051752,High
CUST01563,Social Media,Tier 1,28.0,44541.07,1590.7525,0.0,2.633228840125392,50407.590000000004,38004.116682708,High
CUST00199,Paid Ads,Tier 2,28.0,50903.84,1817.9942857142855,0.0,2.837837837837838,27629.09,38000.78685272791,High
CUST00892,Social Media,Tier 2,40.0,66777.34,1669.4334999999999,16.0,3.389830508474576,39673.520000000004,37992.9244772939,High
CUST01410,Social Media,Tier 1,21.0,34095.22,1623.5819047619048,27.0,2.5609756097560976,39321.64,37973.73016051351,High
CUST00293,Organic Search,Tier 1,14.0,22835.26,1631.09,4.0,1.7647058823529411,14951.45,37973.04251162214,High
CUST02432,Referral,Tier 1,19.0,29731.35,1564.807894736842,19.0,2.5,17942.84,37969.438217670155,High
CUST01028,Paid Ads,Tier 1,15.0,29123.42,1941.5613333333333,34.0,1.9565217391304348,40392.03,37958.13085122899,High
CUST00616,Paid Ads,Tier 1,15.0,25345.52,1689.7013333333334,0.0,2.4193548387096775,32806.61,37955.434463581994,High
CUST00368,Organic Search,Tier 1,17.0,28597.489999999998,1682.2052941176469,6.0,3.7777777777777772,29694.75,37935.720493313325,High
CUST02075,Paid Ads,Tier 3,10.0,16475.85,1647.5849999999998,36.0,1.3888888888888888,36656.72,37929.86663288434,High
CUST01982,Organic Search,Tier 1,19.0,31764.78,1671.8305263157895,14.0,1.9191919191919191,33695.06,37916.80022472026,High
CUST02091,Organic Search,Tier 1,12.0,19242.28,1603.5233333333333,46.0,2.0338983050847457,38423.27,37902.903532076,High
CUST01743,Organic Search,Tier 2,26.0,45639.88,1755.3799999999999,3.0,2.5827814569536423,34253.46,37893.08597007238,High
CUST02969,Social Media,Tier 1,16.0,32252.37,2015.773125,27.0,2.1238938053097343,42893.73,37871.20047142249,High
CUST02875,Social Media,Tier 2,22.0,38810.37,1764.1077272727273,1.0,1.8965517241379313,41358.38,37861.4158201705,High
CUST00158,Social Media,Tier 2,18.0,29356.91,1630.9394444444445,5.0,2.8125,35721.92,37829.06499043418,High
CUST00389,Social Media,Tier 2,18.0,31840.0,1768.888888888889,0.0,2.769230769230769,37582.28,37819.75821697456,High
CUST02327,Email,Tier 1,16.0,29859.02,1866.18875,3.0,2.5396825396825395,43176.07,37802.09137008621,High
CUST02096,Social Media,Tier 1,21.0,36448.44,1735.64,9.0,2.4609375,35131.409999999996,37769.842785354784,High
CUST00790,Paid Ads,Tier 2,15.0,24672.75,1644.85,8.0,2.903225806451613,53406.770000000004,37736.066331514645,High
CUST00814,Organic Search,Tier 1,25.0,39377.0,1575.08,7.0,2.4271844660194173,35179.56,37734.709627767494,High
CUST02657,Social Media,Tier 2,25.0,42181.54,1687.2616,0.0,2.9296875,20027.28,37719.67222710967,High
CUST01328,Paid Ads,Tier 2,16.0,28110.25,1756.890625,14.0,1.9672131147540985,44247.28,37716.816514075574,High
CUST01686,Organic Search,Tier 2,27.0,47352.02,1753.7785185185185,1.0,2.793103448275862,34748.96,37698.179973000326,High
CUST02478,Paid Ads,Tier 2,34.0,56612.27,1665.0667647058822,6.0,3.217665615141956,38954.75,37690.85877472926,High
CUST00404,Organic Search,Tier 1,17.0,30974.57,1822.0335294117647,3.0,2.5247524752475248,37384.96,37686.77391821303,High
CUST01249,Organic Search,Tier 1,15.0,23961.07,1597.4046666666666,18.0,3.169014084507042,39099.86,37685.788211258856,High
CUST01121,Referral,Tier 1,25.0,41345.88,1653.8352,1.0,2.5951557093425603,34636.64,37650.602949763634,High
CUST00760,Email,Tier 1,31.0,51555.58,1663.0832258064518,1.0,2.8703703703703702,23874.73,37649.162907839454,High
CUST01111,Organic Search,Tier 1,14.0,24247.239999999998,1731.945714285714,9.0,1.6600790513833992,42892.77,37647.40576210448,High
CUST00923,Social Media,Tier 3,16.0,24930.09,1558.130625,1.0,2.7586206896551726,34590.79,37640.32424429587,High
CUST01903,Social Media,Tier 1,32.0,48917.67,1528.6771875,21.0,2.9447852760736195,52392.869999999995,37634.330184409286,High
CUST02872,Organic Search,Tier 1,22.0,33332.3,1515.1045454545456,0.0,2.578125,22401.65,37627.53075282917,High
CUST01042,Social Media,Tier 3,26.0,40016.54,1539.0976923076923,10.0,2.191011235955056,50410.63,37615.96845682373,High
CUST02261,Paid Ads,Tier 3,20.0,32246.12,1612.306,20.0,1.9292604501607715,24174.98,37565.52006233471,High
CUST02896,Organic Search,Tier 1,22.0,34275.5,1557.9772727272727,9.0,2.946428571428571,37360.31,37556.589188140504,High
CUST01554,Social Media,Tier 2,20.0,31849.92,1592.4959999999999,16.0,3.4285714285714284,41625.81,37483.22639518151,High
CUST02076,Organic Search,Tier 1,15.0,22965.0,1531.0,8.0,2.0833333333333335,28713.8,37433.02738132797,High
CUST02854,Referral,Tier 2,13.0,24905.78,1915.8292307692307,21.0,2.3214285714285716,64842.94,37412.84742427601,High
CUST00732,Paid Ads,Tier 2,15.0,27332.78,1822.1853333333333,14.0,2.9801324503311255,42989.74,37411.783729698946,High
CUST01416,Organic Search,Tier 3,20.0,34600.82,1730.041,12.0,2.73972602739726,57994.43,37396.21980212021,High
CUST02950,Social Media,Tier 2,22.0,31589.65,1435.8931818181818,5.0,2.761506276150628,30827.91,37395.0321796826,High
CUST02561,Referral,Tier 1,14.0,27278.56,1948.4685714285715,6.0,1.883408071748879,36981.93,37385.2904246566,High
CUST02136,Social Media,Tier 2,22.0,36853.78,1675.171818181818,57.0,2.088607594936709,45734.4,37377.930572497135,High
CUST00119,Paid Ads,Tier 1,18.0,24310.47,1350.5816666666667,3.0,2.71356783919598,61054.7,37371.74259967377,High
CUST00309,Email,Tier 1,25.0,41067.87,1642.7148000000002,7.0,2.5,36658.24,37354.39123355844,High
CUST01368,Email,Tier 1,30.0,53168.8,1772.2933333333335,2.0,2.601156069364162,51120.37,37346.06213252259,High
CUST02345,Paid Ads,Tier 1,28.0,44992.88,1606.8885714285714,42.0,2.6751592356687897,32343.28,37328.795048732776,High
CUST02937,Paid Ads,Tier 1,16.0,28922.81,1807.675625,20.0,2.1719457013574663,41536.54,37309.53760976397,High
CUST00685,Social Media,Tier 1,13.0,23621.11,1817.0084615384617,38.0,2.1311475409836063,46265.83,37304.62486801176,High
CUST00451,Organic Search,Tier 1,15.0,26235.57,1749.038,2.0,2.74390243902439,41250.71,37300.93765529316,High
CUST01972,Organic Search,Tier 2,14.0,21191.489999999998,1513.677857142857,5.0,2.1319796954314723,36077.0,37297.69459900968,High
CUST01118,Organic Search,Tier 1,30.0,49930.29,1664.343,4.0,2.6865671641791042,38353.79,37256.36394859651,High
CUST00081,Organic Search,Tier 3,25.0,45629.55,1825.182,11.0,3.1380753138075312,40220.07,37226.9350480456,High
CUST02383,Social Media,Tier 1,24.0,42266.22,1761.0925,1.0,2.1686746987951806,41066.08,37221.36361808529,High
CUST01849,Paid Ads,Tier 3,21.0,34476.81,1641.752857142857,54.0,1.932515337423313,35728.05,37213.852173963074,High
CUST02192,Paid Ads,Tier 1,25.0,42246.7,1689.868,0.0,2.161383285302594,40688.25,37213.1795478648,High
CUST00786,Social Media,Tier 2,17.0,26548.39,1561.67,26.0,2.931034482758621,13288.02,37207.97548487466,High
CUST00231,Social Media,Tier 2,17.0,29660.31,1744.7241176470588,11.0,1.9101123595505618,38427.32,37192.155764824456,High
CUST01646,Social Media,Tier 3,14.0,26832.030000000002,1916.5735714285715,1.0,1.6091954022988506,39932.99,37187.968259820256,High
CUST01648,Paid Ads,Tier 3,21.0,35928.78,1710.8942857142856,8.0,2.006369426751592,35209.03,37181.41664371424,High
CUST02582,Organic Search,Tier 1,15.0,25833.51,1722.234,0.0,2.356020942408377,45175.51,37177.95282283342,High
CUST02801,Email,Tier 2,20.0,36792.37,1839.6185,3.0,3.2967032967032965,13456.720000000001,37149.284596238904,High
CUST00555,Social Media,Tier 2,17.0,31019.059999999998,1824.650588235294,3.0,2.914285714285714,18260.420000000002,37147.395844221224,High
CUST02066,Paid Ads,Tier 1,22.0,38124.32,1732.9236363636364,7.0,2.5,35629.02,37145.03513539585,High
CUST01141,Organic Search,Tier 2,15.0,27492.2,1832.8133333333333,0.0,2.1226415094339623,36392.89,37140.17551832829,High
CUST01103,Email,Tier 1,17.0,24559.02,1444.6482352941177,19.0,2.6842105263157894,36553.3,37111.014719527106,High
CUST01308,Social Media,Tier 1,14.0,23813.51,1700.965,3.0,2.5149700598802394,39503.31,37047.27323499342,High
CUST01510,Organic Search,Tier 3,25.0,41474.020000000004,1658.9608,0.0,2.1739130434782608,55411.05,37034.37822493873,High
CUST02263,Email,Tier 1,17.0,29015.94,1706.82,2.0,2.4056603773584904,25393.739999999998,37023.808152394595,High
CUST02501,Paid Ads,Tier 3,20.0,33612.840000000004,1680.6420000000003,18.0,2.3166023166023164,51298.4,37020.24294060199,High
CUST00972,Email,Tier 2,13.0,23694.98,1822.690769230769,12.0,2.3636363636363633,42204.12,37015.84785074853,High
CUST00128,Social Media,Tier 2,15.0,25820.75,1721.3833333333334,2.0,2.3684210526315788,42644.61,37000.09525731656,High
CUST02473,Organic Search,Tier 3,22.0,36157.28,1643.5127272727273,18.0,2.8820960698689957,36925.17,36984.33298735861,High
CUST02532,Social Media,Tier 1,19.0,33079.92,1741.0484210526315,9.0,2.0652173913043477,2766.76,36980.64948080627,High
CUST01262,Organic Search,Tier 1,21.0,40157.06,1912.2409523809522,4.0,2.669491525423729,60626.9,36973.26447529091,High
CUST00615,Email,Tier 1,25.0,38962.13,1558.4851999999998,22.0,2.6881720430107525,27450.32,36963.82969361108,High
CUST00513,Organic Search,Tier 1,13.0,19981.47,1537.0361538461539,29.0,2.0526315789473686,26930.72,36904.09374306935,High
CUST02927,Paid Ads,Tier 1,14.0,22720.440000000002,1622.8885714285716,24.0,2.27027027027027,33000.43,36882.74249327937,High
CUST02785,Email,Tier 1,16.0,26122.2,1632.6375,8.0,2.681564245810056,44835.48,36865.42953725368,High
CUST00646,Paid Ads,Tier 1,20.0,34204.229999999996,1710.2115,37.0,2.7522935779816518,57603.92,36840.467110902275,High
CUST02955,Email,Tier 2,17.0,27807.78,1635.7517647058824,12.0,3.148148148148148,37897.7,36828.78114315134,High
CUST00885,Organic Search,Tier 3,12.0,18360.3,1530.0249999999999,29.0,1.8274111675126905,20183.15,36819.93473309172,High
CUST02312,Social Media,Tier 1,29.0,47617.03,1641.9665517241378,8.0,3.508064516129032,16882.02,36817.514039389476,High
CUST02483,Organic Search,Tier 1,7.0,12337.55,1762.5071428571428,3.0,1.2804878048780488,26380.44,36811.4534703441,High
CUST02553,Organic Search,Tier 1,22.0,38664.55,1757.4795454545456,14.0,3.251231527093596,46495.64,36790.06378930614,High
CUST01310,Organic Search,Tier 3,14.0,24798.16,1771.297142857143,9.0,2.7450980392156863,38530.5,36769.62474000823,High
CUST01408,Social Media,Tier 3,20.0,32318.48,1615.924,18.0,2.5,54648.01,36762.36410233001,High
CUST00738,Organic Search,Tier 2,17.0,26545.37,1561.4923529411765,8.0,2.7717391304347823,22869.32,36755.85178639954,High
CUST01938,Email,Tier 2,22.0,41074.66,1867.0300000000002,5.0,2.548262548262548,13568.189999999999,36753.12481800403,High
CUST02488,Organic Search,Tier 3,29.0,52359.61,1805.5037931034483,3.0,2.5290697674418605,31812.28,36746.10007271007,High
CUST01670,Organic Search,Tier 1,26.0,41463.88,1594.7646153846154,43.0,2.524271844660194,35582.979999999996,36744.70680349053,High
CUST00184,Paid Ads,Tier 1,14.0,24578.57,1755.6121428571428,5.0,2.7272727272727275,40785.44,36699.99084442348,High
CUST02624,Organic Search,Tier 1,22.0,34853.81,1584.2640909090908,1.0,2.8085106382978724,22236.21,36694.66991355623,High
CUST01635,Organic Search,Tier 2,22.0,38603.95,1754.725,14.0,2.946428571428571,41409.020000000004,36672.320998904084,High
CUST02540,Social Media,Tier 1,23.0,39809.68,1730.855652173913,1.0,2.1835443037974684,31546.77,36616.06799629008,High
CUST01167,Social Media,Tier 3,17.0,30294.829999999998,1782.0488235294117,8.0,2.451923076923077,40119.9,36612.70288459286,High
CUST01640,Paid Ads,Tier 3,25.0,39860.82,1594.4328,13.0,2.5337837837837838,28124.62,36590.17308247354,High
CUST00869,Paid Ads,Tier 3,32.0,53251.55,1664.1109375,4.0,2.7272727272727275,45079.09,36581.56647711956,High
CUST02592,Organic Search,Tier 1,18.0,29950.94,1663.941111111111,30.0,1.607142857142857,39707.72,36576.923885752476,High
CUST00921,Referral,Tier 1,33.0,52824.05,1600.728787878788,18.0,2.836676217765043,41962.51,36553.564836247395,High
CUST02208,Organic Search,Tier 3,15.0,25414.44,1694.2959999999998,2.0,2.616279069767442,42438.56,36544.676017480575,High
CUST00151,Paid Ads,Tier 2,15.0,25297.079999999998,1686.472,18.0,1.8518518518518516,40703.58,36527.71613673851,High
CUST02211,Organic Search,Tier 1,16.0,27538.95,1721.184375,3.0,1.696113074204947,54626.41,36516.26109525542,High
CUST02990,Organic Search,Tier 3,17.0,25807.18,1518.0694117647058,8.0,2.5888324873096447,38208.01,36515.644157231436,High
CUST00332,Organic Search,Tier 1,27.0,39112.33,1448.604814814815,0.0,2.2625698324022347,49257.11,36496.687631674235,High
CUST00243,Paid Ads,Tier 2,27.0,49259.51,1824.4262962962964,44.0,2.9136690647482015,29977.239999999998,36496.14479720797,High
CUST00454,Organic Search,Tier 1,28.0,45461.12,1623.6114285714286,16.0,2.4207492795389047,45749.06,36489.847595086954,High
CUST02945,Organic Search,Tier 1,26.0,41618.17,1600.698846153846,0.0,2.2608695652173916,17193.17,36483.431955324595,High
CUST02140,Organic Search,Tier 1,13.0,26211.93,2016.3023076923077,1.0,2.241379310344828,40183.44,36427.06072017123,High
CUST02018,Social Media,Tier 2,34.0,56608.9,1664.9676470588236,9.0,3.0088495575221237,32567.21,36427.030268731505,High
CUST00746,Social Media,Tier 1,27.0,48205.83,1785.4011111111113,5.0,2.7181208053691273,41349.85,36402.091487636004,High
CUST02882,Organic Search,Tier 1,24.0,39739.65,1655.8187500000001,24.0,2.175226586102719,41852.21,36395.07849548332,High
CUST02444,Email,Tier 2,27.0,44798.99,1659.2218518518519,34.0,2.256267409470752,33224.95,36394.50178223184,High
CUST01057,Organic Search,Tier 1,26.0,43416.42,1669.8623076923077,11.0,3.0708661417322833,24088.11,36377.955755475705,High
CUST01302,Social Media,Tier 2,17.0,29685.079999999998,1746.181176470588,5.0,2.537313432835821,43611.88,36346.02146431097,High
CUST02395,Paid Ads,Tier 1,27.0,45270.520000000004,1676.685925925926,5.0,2.862190812720848,42512.7,36339.831248035785,High
CUST00315,Organic Search,Tier 1,22.0,35665.66,1621.1663636363637,17.0,2.6612903225806455,42635.02,36329.302741595726,High
CUST02536,Organic Search,Tier 1,16.0,30752.3,1922.01875,3.0,2.6373626373626378,37352.74,36306.042670441144,High
CUST02176,Email,Tier 1,32.0,50402.93,1575.0915625,23.0,3.3217993079584778,71508.77,36303.409184235636,High
CUST01786,Organic Search,Tier 2,14.0,21965.39,1568.9564285714284,10.0,2.234042553191489,37751.81,36254.8460141314,High
CUST00531,Paid Ads,Tier 2,19.0,32893.58,1731.2410526315791,15.0,2.533333333333333,41155.7,36252.86145307084,High
CUST01027,Organic Search,Tier 2,15.0,25086.85,1672.4566666666665,12.0,2.295918367346939,31268.899999999998,36246.347891766236,High
CUST02843,Paid Ads,Tier 3,8.0,11508.02,1438.5025,29.0,1.3636363636363638,28291.35,36234.32093680917,High
CUST00907,Social Media,Tier 1,16.0,26918.0,1682.375,6.0,1.7266187050359714,39016.21,36198.372539743075,High
CUST02839,Organic Search,Tier 1,26.0,43983.8,1691.6846153846154,6.0,2.671232876712329,43369.7,36189.64586857213,High
CUST00113,Paid Ads,Tier 1,29.0,49729.82,1714.8213793103448,4.0,3.129496402877698,40382.93,36187.92551559979,High
CUST02101,Email,Tier 1,26.0,39838.950000000004,1532.267307692308,4.0,2.6262626262626263,25979.36,36135.454966366204,High
CUST02430,Organic Search,Tier 1,12.0,19251.59,1604.2991666666667,20.0,1.5859030837004406,18820.6,36128.16160950172,High
CUST00689,Referral,Tier 1,23.0,40721.87,1770.5160869565218,12.0,2.5461254612546127,34780.96,36090.329173449034,High
CUST02569,Paid Ads,Tier 1,30.0,50275.58,1675.8526666666667,1.0,2.912621359223301,29084.17,36063.50423529508,High
CUST01839,Social Media,Tier 1,24.0,41114.9,1713.1208333333334,15.0,2.384105960264901,47280.38,35999.94957942671,High
CUST00595,Organic Search,Tier 1,29.0,47830.0,1649.3103448275863,6.0,2.9491525423728815,56848.28,35927.3572610369,High
CUST02114,Referral,Tier 2,9.0,16758.37,1862.041111111111,39.0,1.6363636363636362,0.0,35832.655065103805,High
CUST00068,Organic Search,Tier 1,23.0,39157.06,1702.4808695652173,13.0,2.323232323232323,37047.76,35824.93536309441,High
CUST01481,Social Media,Tier 1,25.0,44062.729999999996,1762.5091999999997,1.0,2.5684931506849313,41448.06,35806.18345961994,High
CUST02041,Organic Search,Tier 3,33.0,57154.75,1731.9621212121212,9.0,2.9376854599406528,45100.47,35786.354425852376,High
CUST02164,Paid Ads,Tier 3,14.0,25738.42,1838.4585714285713,24.0,1.5162454873646207,53259.130000000005,35782.55809426812,High
CUST02241,Organic Search,Tier 1,17.0,28806.579999999998,1694.504705882353,28.0,2.151898734177215,46795.49,35778.061823015676,High
CUST02325,Email,Tier 1,19.0,31477.94,1656.7336842105262,9.0,2.96875,37621.93,35761.05225778443,High
CUST01565,Organic Search,Tier 1,25.0,35859.45,1434.378,2.0,2.2865853658536586,8270.5,35759.28132177831,High
CUST00525,Paid Ads,Tier 2,26.0,43423.07,1670.1180769230768,35.0,2.307692307692308,25315.27,35739.014330479615,High
CUST00530,Organic Search,Tier 1,18.0,31899.82,1772.2122222222222,23.0,2.26890756302521,47874.54,35723.58328687713,High
CUST02237,Social Media,Tier 1,33.0,51741.08,1567.9115151515152,18.0,2.972972972972973,12677.76,35639.35825661035,High
CUST02706,Social Media,Tier 1,30.0,50515.94,1683.8646666666668,2.0,2.535211267605634,53565.42,35547.66103720349,High
CUST01123,Organic Search,Tier 1,25.0,35698.99,1427.9596,5.0,2.7777777777777777,17737.75,35535.991072708166,High
CUST00273,Paid Ads,Tier 3,29.0,47165.64,1626.4013793103447,10.0,2.5513196480938416,57830.5,35496.43640779578,High
CUST01479,Email,Tier 3,26.0,45890.5,1765.0192307692307,3.0,2.4920127795527156,34766.66,35464.54958079114,High
CUST01835,Social Media,Tier 1,25.0,42622.89,1704.9156,11.0,2.403846153846154,52470.52,35375.73011695765,High
CUST00127,Social Media,Tier 3,26.0,40253.88,1548.2261538461537,0.0,2.5490196078431375,1856.17,35353.41438686215,High
CUST00297,Organic Search,Tier 1,24.0,40490.67,1687.11125,21.0,2.1176470588235294,35393.44,35342.96455210491,High
CUST02842,Paid Ads,Tier 1,32.0,56887.51,1777.7346875,8.0,2.917933130699088,31662.07,35335.51827360821,High
CUST01241,Organic Search,Tier 1,7.0,11982.67,1711.81,1.0,1.590909090909091,47138.39,35333.28675411035,High
CUST01449,Organic Search,Tier 1,26.0,43599.98,1676.9223076923079,31.0,3.107569721115538,53574.62,35326.47620268374,High
CUST01522,Organic Search,Tier 2,11.0,19848.63,1804.4209090909092,14.0,1.4601769911504425,51042.59,35299.26986506166,High
CUST01323,Organic Search,Tier 3,17.0,27719.0,1630.5294117647059,15.0,2.5757575757575757,53864.479999999996,35279.572914409306,High
CUST00187,Social Media,Tier 1,21.0,36660.69,1745.747142857143,13.0,2.0930232558139537,22121.79,35268.62754245362,High
CUST00944,Paid Ads,Tier 3,18.0,36881.15,2048.952777777778,22.0,2.6999999999999997,31246.0,35258.62094368397,High
CUST00359,Organic Search,Tier 1,27.0,44096.3,1633.1962962962964,13.0,2.515527950310559,31834.52,35245.33489948602,High
CUST01150,Paid Ads,Tier 1,21.0,34202.5,1628.6904761904761,18.0,2.9439252336448596,34188.12,35232.627508855585,High
CUST01013,Organic Search,Tier 1,15.0,28085.89,1872.3926666666666,2.0,2.0454545454545454,10708.64,35142.628169458316,High
CUST02572,Email,Tier 2,24.0,41132.72,1713.8633333333335,1.0,2.491349480968858,11745.84,35132.54058326724,High
CUST01448,Organic Search,Tier 2,27.0,47715.88,1767.2548148148146,7.0,2.53125,39982.2,35119.6031684607,High
CUST00997,Referral,Tier 2,16.0,26677.82,1667.36375,3.0,1.7647058823529411,23869.62,35110.7200739375,High
CUST02154,Paid Ads,Tier 2,30.0,52236.96,1741.232,13.0,3.345724907063197,22748.39,35100.81403203091,High
CUST02918,Referral,Tier 3,11.0,19408.059999999998,1764.3690909090908,10.0,1.7277486910994764,43684.62,34972.65071146795,High
CUST01314,Paid Ads,Tier 1,26.0,47088.590000000004,1811.0996153846156,5.0,2.215909090909091,15925.26,34909.95715498271,High
CUST00365,Social Media,Tier 2,18.0,31869.23,1770.5127777777777,31.0,2.4657534246575343,34426.03,34904.66018132698,High
CUST00246,Organic Search,Tier 3,14.0,23677.559999999998,1691.2542857142855,24.0,1.3592233009708738,32411.6,34903.2079126004,High
CUST02482,Email,Tier 1,24.0,38250.73,1593.7804166666667,9.0,3.75,2757.51,34884.093705936546,High
CUST01081,Paid Ads,Tier 1,19.0,30898.579999999998,1626.241052631579,33.0,2.602739726027397,2012.95,34880.27017421824,High
CUST01673,Social Media,Tier 2,18.0,31709.100000000002,1761.6166666666668,0.0,1.782178217821782,10925.59,34879.40861031004,High
CUST00924,Paid Ads,Tier 2,33.0,49867.17,1511.1263636363635,28.0,3.0182926829268295,0.0,34818.15294830298,High
CUST01995,Social Media,Tier 3,24.0,40006.6,1666.9416666666666,19.0,2.278481012658228,35590.61,34751.43893166773,High
CUST01773,Email,Tier 2,16.0,26467.28,1654.205,19.0,3.2432432432432434,40862.83,34648.658657912645,High
CUST02596,Referral,Tier 3,25.0,40900.2,1636.0079999999998,21.0,2.7881040892193307,33583.62,34583.23481486709,High
CUST00711,Email,Tier 3,15.0,27208.47,1813.8980000000001,1.0,2.5714285714285716,18206.91,34547.60949573888,High
CUST02621,Referral,Tier 1,12.0,22032.14,1836.0116666666665,5.0,1.945945945945946,34015.32,34474.601581745665,High
CUST02089,Paid Ads,Tier 3,33.0,51554.3,1562.2515151515152,13.0,2.71978021978022,14992.630000000001,34448.57795055204,High
CUST00400,Email,Tier 1,23.0,40598.24,1765.1408695652174,5.0,2.1766561514195586,14859.22,34438.354472047016,High
CUST00044,Paid Ads,Tier 2,17.0,29967.5,1762.7941176470588,45.0,1.5315315315315317,62268.36,34423.70166474999,High
CUST02121,Social Media,Tier 1,21.0,31701.71,1509.605238095238,12.0,3.3689839572192515,28767.33,34362.05609935325,High
CUST01244,Organic Search,Tier 2,16.0,26811.22,1675.70125,21.0,2.0512820512820515,11085.810000000001,34344.93254344973,High
CUST01430,Organic Search,Tier 1,18.0,32372.27,1798.4594444444444,25.0,3.176470588235294,23734.31,34302.838608400656,High
CUST00797,Referral,Tier 1,15.0,26582.79,1772.1860000000001,9.0,1.495016611295681,22666.2,34300.642112430716,High
CUST00536,Social Media,Tier 1,20.0,34653.19,1732.6595000000002,31.0,2.5641025641025643,44141.36,34127.9172027041,High
CUST02357,Social Media,Tier 2,13.0,18864.010000000002,1451.0776923076924,7.0,1.9796954314720814,33909.03,34100.753404559844,High
CUST02662,Paid Ads,Tier 1,27.0,46942.51,1738.6114814814816,12.0,2.4770642201834865,42967.17,34094.97955985099,High
CUST01500,Email,Tier 1,29.0,49516.11,1707.4520689655174,6.0,2.6204819277108435,20467.32,34067.17132318725,High
CUST00752,Email,Tier 1,15.0,25082.39,1672.1593333333333,5.0,2.5,23354.079999999998,34027.98019881956,High
CUST01675,Paid Ads,Tier 3,23.0,38647.77,1680.3378260869563,2.0,2.116564417177914,27962.989999999998,33997.306952849125,High
CUST02423,Social Media,Tier 2,22.0,36369.94,1653.179090909091,18.0,2.3487544483985765,0.0,33965.31991642361,High
CUST00708,Social Media,Tier 1,29.0,50213.57,1731.5024137931034,8.0,2.4786324786324783,34068.63,33963.753073590065,High
CUST02996,Paid Ads,Tier 1,19.0,32176.43,1693.4963157894738,34.0,2.5560538116591927,36078.1,33942.07828985906,High
CUST01976,Social Media,Tier 3,24.0,41294.62,1720.6091666666669,4.0,3.0379746835443036,17789.17,33912.332069788295,High
CUST00919,Organic Search,Tier 1,21.0,37093.59,1766.3614285714284,24.0,2.1649484536082473,25608.88,33911.011010814065,High
CUST02234,Organic Search,Tier 2,11.0,20246.87,1840.6245454545453,0.0,2.4444444444444446,45733.71,33876.7190991994,High
CUST02723,Paid Ads,Tier 1,32.0,51643.82,1613.869375,10.0,2.704225352112676,17372.46,33865.62573062161,High
CUST01663,Social Media,Tier 3,12.0,21496.77,1791.3975,0.0,2.1176470588235294,16318.130000000001,33830.71637657004,High
CUST02248,Email,Tier 1,15.0,27467.41,1831.1606666666667,62.0,1.5679442508710801,41018.6,33784.643163443056,High
CUST00122,Organic Search,Tier 1,28.0,48572.11,1734.7182142857143,35.0,2.968197879858657,38727.07,33762.768032957225,High
CUST01859,Email,Tier 1,28.0,47095.04,1681.9657142857143,27.0,2.4489795918367343,37506.23,33471.18317668699,High
CUST02958,Organic Search,Tier 3,8.0,13980.28,1747.535,38.0,1.6216216216216217,29371.24,33381.143661566435,High
CUST01775,Social Media,Tier 1,16.0,28504.0,1781.5,3.0,2.307692307692308,30166.49,33361.82520266023,High
CUST02188,Paid Ads,Tier 2,14.0,26186.01,1870.4292857142857,32.0,2.5301204819277108,34693.65,33334.352243855465,High
CUST00071,Email,Tier 3,18.0,29431.58,1635.0877777777778,28.0,3.121387283236994,30545.67,33267.93417267996,High
CUST01473,Social Media,Tier 3,16.0,29742.29,1858.893125,1.0,2.742857142857143,44961.43,33246.34349869165,High
CUST01177,Organic Search,Tier 1,21.0,35452.979999999996,1688.2371428571428,11.0,2.837837837837838,12927.07,33219.16806734035,High
CUST00812,Paid Ads,Tier 2,17.0,30078.59,1769.3288235294117,36.0,2.451923076923077,25318.94,33180.98134303863,High
CUST01741,Organic Search,Tier 1,7.0,12150.28,1735.7542857142857,38.0,1.4893617021276597,0.0,33127.89832443747,High
CUST00576,Paid Ads,Tier 1,17.0,30178.14,1775.184705882353,59.0,2.670157068062827,30947.91,33121.96668128709,High
CUST01818,Social Media,Tier 1,18.0,27093.17,1505.176111111111,39.0,2.983425414364641,43874.29,33116.37587284171,High
CUST02826,Paid Ads,Tier 1,31.0,54037.66,1743.1503225806453,30.0,3.217993079584775,48580.78,33097.261697054295,High
CUST01477,Organic Search,Tier 2,17.0,29959.63,1762.3311764705884,17.0,1.7832167832167831,34961.52,33061.19825239812,High
CUST01600,Social Media,Tier 3,16.0,28187.92,1761.745,5.0,1.797752808988764,10091.64,32928.97019208125,High
CUST01529,Organic Search,Tier 2,17.0,26002.13,1529.5370588235294,0.0,2.3181818181818183,3033.31,32924.397341972384,High
CUST00726,Email,Tier 1,19.0,32507.19,1710.9047368421052,22.0,2.6511627906976742,35927.6,32881.442961192166,High
CUST01407,Social Media,Tier 2,24.0,41391.91,1724.662916666667,9.0,3.0252100840336134,3464.06,32809.51546027502,High
CUST03000,Social Media,Tier 1,12.0,23326.11,1943.8425,7.0,1.836734693877551,54820.04,32800.83290666829,High
CUST01690,Email,Tier 3,32.0,53151.39,1660.9809375,7.0,3.1475409836065573,1274.61,32759.07113845177,High
CUST02873,Social Media,Tier 3,19.0,30575.41,1609.2321052631578,17.0,2.7014218009478674,17238.82,32749.748614531512,High
CUST02008,Organic Search,Tier 3,23.0,37837.58,1645.1121739130435,45.0,2.3875432525951554,0.0,32731.919297703356,High
CUST01245,Paid Ads,Tier 2,15.0,27217.05,1814.47,26.0,2.694610778443114,31393.579999999998,32698.778719895967,High
CUST02516,Organic Search,Tier 1,27.0,46151.14,1709.3014814814815,19.0,2.320916905444126,28927.73,32682.438441001854,High
CUST01179,Paid Ads,Tier 2,10.0,16920.47,1692.047,16.0,2.1739130434782608,6890.54,32668.779284752978,High
CUST00386,Organic Search,Tier 1,33.0,58167.3,1762.6454545454546,8.0,2.8448275862068964,8514.05,32660.36596498321,High
CUST00468,Social Media,Tier 1,26.0,44918.68,1727.6415384615384,41.0,2.2033898305084745,31521.5,32538.99460846893,High
CUST02543,Social Media,Tier 1,33.0,57001.59,1727.320909090909,15.0,3.046153846153846,8088.88,32322.13080376174,High
CUST00870,Paid Ads,Tier 1,28.0,47302.1,1689.3607142857143,11.0,2.616822429906542,1256.9499999999998,32239.93106818903,High
CUST01861,Referral,Tier 1,10.0,19264.44,1926.444,28.0,2.1126760563380285,35566.4,32104.428462498814,High
CUST01152,Social Media,Tier 2,11.0,19322.45,1756.5863636363638,1.0,1.9186046511627908,43529.41,32100.95167818892,High
CUST00250,Email,Tier 1,17.0,29385.9,1728.5823529411766,0.0,2.6288659793814433,14634.67,32072.0660869515,High
CUST00918,Paid Ads,Tier 2,13.0,21209.12,1631.470769230769,32.0,2.452830188679245,0.0,32024.916449644646,High
CUST02591,Organic Search,Tier 2,30.0,51962.979999999996,1732.099333333333,13.0,2.521008403361345,14982.59,31981.535714999183,High
CUST02141,Referral,Tier 1,17.0,29293.77,1723.1629411764707,22.0,2.1794871794871797,19574.489999999998,31886.7042301261,High
CUST00220,Organic Search,Tier 2,14.0,23894.55,1706.7535714285714,18.0,2.320441988950276,23207.420000000002,31884.33147635809,High
CUST00680,Organic Search,Tier 3,33.0,55790.28,1690.6145454545454,16.0,2.8448275862068964,41621.450000000004,31854.707951954577,High
CUST01053,Email,Tier 1,19.0,33538.36,1765.1768421052632,28.0,3.015873015873016,26435.61,31837.825932819273,High
CUST00509,Organic Search,Tier 3,17.0,26408.0,1553.4117647058824,6.0,2.207792207792208,3331.61,31804.713393622675,High
CUST02255,Social Media,Tier 3,30.0,50237.88,1674.596,25.0,2.735562310030395,44110.76,31803.04584675247,High
CUST02233,Referral,Tier 3,22.0,38966.88,1771.221818181818,35.0,2.4354243542435423,0.0,31786.450771478612,High
CUST00736,Paid Ads,Tier 3,10.0,17257.88,1725.788,1.0,1.7241379310344827,13908.35,31509.06148655183,High
CUST00575,Social Media,Tier 1,17.0,32009.53,1882.9135294117646,20.0,3.333333333333333,15385.470000000001,31423.998815724757,High
CUST02023,Email,Tier 1,15.0,22857.63,1523.842,3.0,2.513966480446927,4117.6,31392.921040525438,High
CUST00504,Paid Ads,Tier 1,29.0,48234.99,1663.2755172413792,19.0,2.939189189189189,15808.699999999999,31324.947020480104,High
CUST02749,Social Media,Tier 1,11.0,19147.51,1740.682727272727,28.0,2.0625,55053.55,31213.894128667085,High
CUST00514,Social Media,Tier 1,23.0,33339.5,1449.5434782608695,33.0,3.333333333333333,0.0,31130.97508194358,High
CUST00815,Social Media,Tier 1,17.0,29178.68,1716.3929411764707,26.0,1.9029850746268657,17629.02,30965.447760925683,High
CUST01186,Email,Tier 1,21.0,35680.1,1699.0523809523809,17.0,2.850678733031674,0.0,30796.176249289394,High
CUST02217,Organic Search,Tier 1,15.0,22352.09,1490.1393333333333,25.0,2.662721893491124,24758.42,30729.040532025272,High
CUST00438,Referral,Tier 1,19.0,32857.45,1729.3394736842104,16.0,1.8506493506493507,8819.15,30466.078777982926,High
CUST01295,Organic Search,Tier 1,21.0,33793.36,1609.2076190476191,20.0,3.197969543147208,2712.66,29818.310053401943,High
CUST02120,Social Media,Tier 2,15.0,24483.35,1632.2233333333331,21.0,2.528089887640449,0.0,29784.530282477717,High
CUST02622,Social Media,Tier 1,14.0,24011.52,1715.1085714285714,14.0,1.5441176470588234,0.0,29263.246131271168,High
CUST01674,Organic Search,Tier 3,16.0,27889.97,1743.123125,5.0,2.8235294117647056,15911.210000000001,29247.206880105492,High
CUST01137,Paid Ads,Tier 1,18.0,31179.78,1732.21,23.0,2.583732057416268,0.0,29109.474013792904,High
CUST00422,Social Media,Tier 1,16.0,27625.95,1726.621875,16.0,1.6842105263157896,11091.79,28451.740716406664,High
CUST01243,Organic Search,Tier 2,10.0,17455.97,1745.5970000000002,25.0,1.7142857142857142,34445.97,27810.54808093014,High
CUST01312,Organic Search,Tier 3,17.0,29068.65,1709.9205882352942,16.0,2.756756756756757,7074.29,27682.835377082534,High
CUST01874,Organic Search,Tier 2,11.0,20550.59,1868.2354545454546,24.0,2.0625,2740.07,27418.299996689777,High
CUST02736,Email,Tier 2,10.0,17356.0,1735.6,3.0,1.6759776536312847,4243.07,27413.279815695176,High
CUST01611,Organic Search,Tier 1,13.0,23067.100000000002,1774.392307692308,3.0,2.61744966442953,6827.4,26351.05875553215,High
CUST01780,Organic Search,Tier 2,9.0,17290.9,1921.2111111111112,32.0,2.7272727272727275,11740.720000000001,26084.367894070714,High
CUST02048,Organic Search,Tier 3,4.0,5358.5599999999995,1339.6399999999999,22.0,1.25,11660.43,19187.225350044595,High
CUST00681,Email,Tier 3,18.0,23988.77,1332.7094444444444,14.0,2.7979274611398965,23858.6,13258.118639188813,High
CUST02246,Organic Search,Tier 1,3.0,3955.5299999999997,1318.51,26.0,0.5357142857142857,11179.97,12758.631706933184,High
CUST02586,Social Media,Tier 3,6.0,6126.34,1021.0566666666667,0.0,1.2,17381.02,12695.412231536631,High
CUST02886,Email,Tier 3,10.0,11564.98,1156.498,56.0,1.7045454545454546,37491.28,12630.21229493264,High
CUST01114,Paid Ads,Tier 3,5.0,4459.05,891.8100000000001,51.0,0.9090909090909092,22603.0,12249.187047285488,High
CUST02508,Paid Ads,Tier 3,5.0,4941.01,988.202,2.0,1.0344827586206897,21882.67,12223.683209970712,High
CUST02747,Social Media,Tier 3,3.0,3907.0699999999997,1302.3566666666666,19.0,0.4945054945054945,18746.16,12195.181604005465,High
CUST01642,Referral,Tier 2,26.0,34292.99,1318.9611538461538,1.0,3.095238095238095,48069.659999999996,12130.182271955644,High
CUST02942,Social Media,Tier 1,3.0,3458.24,1152.7466666666667,10.0,0.49180327868852464,12274.85,12116.670984302218,High
CUST00154,Social Media,Tier 2,5.0,4698.35,939.6700000000001,51.0,0.8522727272727273,14864.53,12073.224235064672,High
CUST02171,Organic Search,Tier 1,3.0,3525.54,1175.18,0.0,0.7692307692307692,18717.55,12052.476288624694,High
CUST00285,Organic Search,Tier 1,7.0,6522.31,931.7585714285715,6.0,1.4000000000000001,21318.04,12021.815962679877,High
CUST01208,Social Media,Tier 3,10.0,9295.97,929.597,7.0,1.935483870967742,13904.16,11987.773994374096,High
CUST00950,Social Media,Tier 1,6.0,6125.49,1020.915,12.0,1.1612903225806452,13778.89,11859.632240040415,High
CUST00764,Email,Tier 2,6.0,6178.34,1029.7233333333334,6.0,1.0169491525423728,25007.98,11838.988998775387,High
CUST02614,Paid Ads,Tier 1,14.0,14778.17,1055.5835714285715,0.0,2.3728813559322037,6538.38,11797.927929990114,High
CUST01746,Social Media,Tier 3,9.0,7912.65,879.1833333333333,17.0,1.646341463414634,15010.68,11765.547715180886,High
CUST01406,Email,Tier 3,9.0,7960.11,884.4566666666666,14.0,1.5168539325842696,28018.65,11747.899794471203,High
CUST00120,Organic Search,Tier 1,6.0,6204.25,1034.0416666666667,7.0,1.1764705882352942,17290.09,11731.269161884502,High
CUST00792,Paid Ads,Tier 1,13.0,12886.39,991.2607692307691,56.0,1.4391143911439115,18908.65,11710.605922757139,High
CUST01954,Social Media,Tier 2,4.0,4402.52,1100.63,37.0,0.7792207792207793,16990.14,11693.705701963097,High
CUST00560,Social Media,Tier 2,5.0,4678.5599999999995,935.7119999999999,18.0,0.9933774834437087,14356.83,11692.87197379277,High
CUST00275,Paid Ads,Tier 3,5.0,4400.77,880.1540000000001,57.0,0.8875739644970414,17903.3,11680.990796352751,High
CUST02319,Paid Ads,Tier 3,11.0,11305.22,1027.7472727272727,4.0,1.885714285714286,17622.27,11638.984712927846,High
CUST00942,Organic Search,Tier 1,16.0,14747.98,921.74875,0.0,1.5434083601286173,17095.56,11608.16624139778,High
CUST01962,Organic Search,Tier 2,16.0,14592.09,912.005625,0.0,1.4814814814814814,17861.39,11607.932523333315,High
CUST02583,Social Media,Tier 2,9.0,8886.42,987.38,30.0,1.5340909090909092,15084.029999999999,11599.379860292021,High
CUST01400,Email,Tier 1,5.0,4712.26,942.452,2.0,0.7142857142857142,8529.99,11584.631838193149,High
CUST02194,Social Media,Tier 3,8.0,6596.73,824.59125,3.0,1.3872832369942196,17153.43,11576.491117169613,High
CUST00725,Paid Ads,Tier 3,7.0,7122.41,1017.4871428571429,12.0,1.1864406779661019,7562.84,11559.733031777625,High
CUST02389,Paid Ads,Tier 3,5.0,4966.93,993.3860000000001,1.0,0.8982035928143712,12478.37,11552.825977449567,High
CUST01140,Paid Ads,Tier 3,12.0,11442.97,953.5808333333333,1.0,1.2244897959183672,16930.15,11534.547308028792,High
CUST02035,Paid Ads,Tier 1,5.0,4513.83,902.766,11.0,0.9554140127388535,11974.54,11530.48861293683,High
CUST00115,Social Media,Tier 1,5.0,4695.54,939.108,7.0,1.0638297872340425,13809.85,11528.07345063876,High
CUST02770,Referral,Tier 1,7.0,6524.78,932.1114285714285,15.0,1.3548387096774193,13465.77,11518.795321693131,High
CUST00322,Referral,Tier 1,5.0,4806.12,961.2239999999999,6.0,0.6578947368421052,14914.95,11506.502623288909,High
CUST02249,Organic Search,Tier 1,8.0,7301.1,912.6375,19.0,1.3714285714285714,17117.71,11500.606452519292,High
CUST01476,Organic Search,Tier 2,13.0,12184.17,937.2438461538461,0.0,1.1142857142857143,9955.11,11489.062743862514,High
CUST02866,Email,Tier 1,5.0,4819.87,963.9739999999999,10.0,0.9316770186335404,7210.18,11488.389868574412,High
CUST02180,Paid Ads,Tier 1,6.0,5046.84,841.14,2.0,1.0909090909090908,17176.25,11478.815010532186,High
CUST00655,Referral,Tier 2,3.0,2690.1,896.6999999999999,3.0,0.44999999999999996,16218.86,11459.076492683895,High
CUST00874,Paid Ads,Tier 1,11.0,11223.11,1020.2827272727274,5.0,1.885714285714286,12348.47,11457.566787774256,High
CUST02399,Organic Search,Tier 2,5.0,4704.27,940.854,12.0,1.1363636363636365,20642.13,11451.024548660347,High
CUST01125,Organic Search,Tier 1,6.0,5477.84,912.9733333333334,20.0,1.0778443113772456,16121.529999999999,11446.8461391981,High
CUST01793,Social Media,Tier 1,7.0,7464.98,1066.4257142857143,26.0,1.2804878048780488,24443.010000000002,11433.022768757803,High
CUST02390,Organic Search,Tier 3,7.0,7183.849999999999,1026.2642857142857,18.0,1.1797752808988764,14946.619999999999,11426.691481932772,High
CUST01059,Organic Search,Tier 1,6.0,5568.17,928.0283333333333,14.0,1.0344827586206897,11334.23,11410.525279730264,High
CUST00873,Organic Search,Tier 2,8.0,6935.969999999999,866.9962499999999,6.0,1.6551724137931034,12862.949999999999,11398.890991212103,High
CUST02124,Social Media,Tier 2,13.0,13734.49,1056.4992307692307,3.0,2.2033898305084745,7648.0199999999995,11398.550264221962,High
CUST01415,Paid Ads,Tier 1,8.0,6799.48,849.935,20.0,1.2435233160621761,19930.329999999998,11397.783973856704,High
CUST02088,Social Media,Tier 2,14.0,13962.43,997.3164285714286,0.0,1.4334470989761092,13735.45,11384.027757036733,High
CUST01987,Email,Tier 1,10.0,10862.71,1086.271,2.0,0.9009009009009009,19635.28,11384.011504915097,High
CUST02411,Organic Search,Tier 2,12.0,12929.960000000001,1077.4966666666667,1.0,1.2328767123287672,16344.42,11382.186870017693,High
CUST01422,Paid Ads,Tier 2,7.0,7333.42,1047.6314285714286,17.0,1.3548387096774193,10916.11,11379.690613907982,High
CUST02578,Organic Search,Tier 3,9.0,9665.44,1073.937777777778,0.0,0.9246575342465753,16098.52,11372.23578643061,High
CUST02691,Referral,Tier 1,11.0,12306.09,1118.7354545454546,1.0,1.2790697674418605,15518.07,11370.398937878585,High
CUST00362,Paid Ads,Tier 2,7.0,6372.06,910.2942857142858,10.0,1.2280701754385963,12160.51,11368.312741818849,High
CUST01989,Paid Ads,Tier 1,5.0,4359.24,871.848,10.0,0.967741935483871,13217.76,11355.210470762771,High
CUST00951,Email,Tier 1,11.0,10140.31,921.8463636363635,1.0,2.185430463576159,11866.6,11355.061201045464,High
CUST02221,Email,Tier 2,9.0,8313.35,923.7055555555556,1.0,1.2735849056603772,13551.94,11350.24170596597,High
CUST01171,Paid Ads,Tier 3,10.0,10515.220000000001,1051.5220000000002,0.0,2.054794520547945,9802.16,11346.148160606363,High
CUST02020,Social Media,Tier 1,16.0,14162.630000000001,885.1643750000001,57.0,1.7647058823529411,10958.86,11342.090675073712,High
CUST00288,Organic Search,Tier 1,15.0,12096.46,806.4306666666666,1.0,1.7110266159695817,16218.5,11341.37261169381,High
CUST02876,Paid Ads,Tier 2,8.0,6745.33,843.16625,0.0,1.4814814814814814,13113.6,11337.694844117419,High
CUST00714,Paid Ads,Tier 2,13.0,12735.47,979.6515384615384,0.0,1.25,20677.41,11336.127787889627,High
CUST02059,Referral,Tier 2,8.0,8468.14,1058.5175,12.0,1.5483870967741935,12985.06,11332.539818647218,High
CUST01916,Email,Tier 3,7.0,7253.9,1036.2714285714285,5.0,1.206896551724138,5286.24,11330.704785724942,High
CUST02968,Social Media,Tier 2,11.0,10732.96,975.7236363636363,6.0,1.9411764705882355,15110.68,11329.447209573278,High
CUST00039,Social Media,Tier 1,7.0,6409.349999999999,915.6214285714285,6.0,1.0714285714285714,13178.87,11326.555970165078,High
CUST01294,Referral,Tier 1,10.0,9162.47,916.247,22.0,1.8292682926829267,11003.99,11325.109322033928,High
CUST02349,Social Media,Tier 2,11.0,10721.47,974.6790909090909,19.0,1.9298245614035086,17308.72,11324.914002555875,High
CUST01996,Paid Ads,Tier 2,16.0,13821.48,863.8425,0.0,2.0168067226890756,16732.9,11322.688843147404,High
CUST00988,Email,Tier 2,8.0,7380.89,922.61125,0.0,0.7100591715976331,11337.44,11321.599114991397,High
CUST01644,Email,Tier 1,9.0,8417.73,935.3033333333333,1.0,1.2217194570135748,18891.51,11321.020537633585,High
CUST01250,Social Media,Tier 1,10.0,9952.0,995.2,56.0,1.639344262295082,9816.52,11318.498365911575,High
CUST01530,Paid Ads,Tier 1,13.0,12696.94,976.6876923076924,2.0,1.25,10458.54,11318.308550392734,High
CUST01429,Paid Ads,Tier 3,7.0,6504.26,929.1800000000001,9.0,0.6645569620253164,17227.94,11306.38892367531,High
CUST00804,Organic Search,Tier 1,13.0,11966.32,920.4861538461538,2.0,1.2662337662337662,10363.92,11304.730796414622,High
CUST01571,Paid Ads,Tier 3,8.0,7396.49,924.56125,4.0,0.8135593220338982,15381.42,11297.728129469826,High
CUST01613,Email,Tier 1,11.0,10687.98,971.6345454545454,42.0,1.8965517241379313,16336.77,11292.734668544646,High
CUST01083,Social Media,Tier 3,14.0,14898.45,1064.175,56.0,1.7721518987341773,13052.97,11291.020736825014,High
CUST01953,Paid Ads,Tier 2,12.0,12460.55,1038.3791666666666,3.0,2.0809248554913293,11059.23,11276.98982833339,High
CUST02410,Organic Search,Tier 2,12.0,10791.6,899.3000000000001,0.0,1.4754098360655736,13890.36,11268.108907975886,High
CUST02557,Referral,Tier 1,13.0,11318.16,870.6276923076923,0.0,1.5599999999999998,10106.47,11263.048140878964,High
CUST02057,Paid Ads,Tier 3,9.0,7621.78,846.8644444444444,48.0,1.120331950207469,23765.94,11252.96371213482,High
CUST02953,Email,Tier 3,10.0,10716.23,1071.623,6.0,1.1904761904761905,17496.32,11250.597940024329,High
CUST02988,Social Media,Tier 1,6.0,6145.59,1024.265,4.0,1.0465116279069768,8045.3,11249.94077176923,High
CUST00597,Social Media,Tier 1,7.0,7300.51,1042.93,1.0,0.8713692946058091,8634.23,11241.758882497996,High
CUST02752,Social Media,Tier 3,10.0,8748.79,874.8790000000001,1.0,1.0,11684.3,11241.467435726105,High
CUST02104,Social Media,Tier 2,10.0,9234.2,923.4200000000001,53.0,1.1952191235059761,18951.760000000002,11232.735708905791,High
CUST01086,Email,Tier 1,11.0,10958.99,996.2718181818182,0.0,2.0245398773006134,12630.99,11229.66375891058,High
CUST01709,Email,Tier 3,10.0,9062.57,906.257,0.0,1.8181818181818183,9504.23,11227.52857057944,High
CUST00049,Organic Search,Tier 1,10.0,9847.09,984.7090000000001,6.0,1.7341040462427746,14381.74,11225.82672429795,High
CUST00403,Referral,Tier 1,13.0,14266.08,1097.3907692307691,0.0,1.7567567567567568,16001.12,11223.702290423154,High
CUST01454,Referral,Tier 2,10.0,9176.1,917.61,0.0,0.8771929824561403,8668.06,11218.450124167837,High
CUST02757,Social Media,Tier 2,10.0,9456.02,945.6020000000001,7.0,1.744186046511628,14192.69,11213.690901050433,High
CUST01164,Paid Ads,Tier 1,13.0,9697.7,745.9769230769232,4.0,1.4444444444444444,16400.48,11212.130209931633,High
CUST00356,Social Media,Tier 1,9.0,8123.72,902.6355555555556,0.0,0.8359133126934984,11046.16,11202.033245519144,High
CUST00414,Social Media,Tier 3,14.0,13933.74,995.2671428571429,59.0,1.6153846153846154,18007.27,11198.208787436464,High
CUST02236,Social Media,Tier 1,12.0,10762.57,896.8808333333333,14.0,2.4657534246575343,7264.84,11197.703676731277,High
CUST01758,Paid Ads,Tier 3,8.0,6788.4,848.55,14.0,1.2371134020618557,10576.15,11197.69067249386,High
CUST01305,Paid Ads,Tier 3,11.0,10138.5,921.6818181818181,20.0,1.746031746031746,16049.19,11193.538937921448,High
CUST00018,Paid Ads,Tier 2,11.0,10264.94,933.1763636363637,1.0,1.3524590163934427,10261.57,11185.223325451165,High
CUST01777,Organic Search,Tier 2,12.0,10828.39,902.3658333333333,2.0,1.3284132841328413,8121.61,11179.979560604663,High
CUST01844,Paid Ads,Tier 3,5.0,5638.96,1127.792,27.0,0.8771929824561403,8021.219999999999,11178.590706666906,High
CUST00360,Organic Search,Tier 1,6.0,5099.11,849.8516666666666,12.0,1.097560975609756,11425.85,11173.546711534373,High
CUST01434,Paid Ads,Tier 3,6.0,6397.48,1066.2466666666667,29.0,0.6101694915254237,15769.84,11170.266889248702,High
CUST01843,Social Media,Tier 1,11.0,10360.19,941.8354545454546,2.0,1.153846153846154,8017.14,11166.4577658335,High
CUST01472,Paid Ads,Tier 3,7.0,6369.8,909.9714285714286,11.0,1.4788732394366195,12236.55,11166.439974357312,High
CUST01443,Social Media,Tier 1,5.0,4671.98,934.396,24.0,0.495049504950495,10803.14,11165.21994035177,High
CUST00385,Paid Ads,Tier 1,8.0,7385.81,923.22625,51.0,1.437125748502994,7349.46,11162.487121919701,High
CUST00739,Referral,Tier 1,10.0,9036.05,903.6049999999999,6.0,1.3888888888888888,11587.02,11159.82872795404,High
CUST00481,Organic Search,Tier 1,6.0,5846.01,974.335,9.0,0.9424083769633508,14470.22,11159.558082336194,High
CUST00929,Email,Tier 2,9.0,8360.51,928.9455555555555,4.0,1.2980769230769231,13336.39,11152.285329832193,High
CUST01689,Email,Tier 3,14.0,15224.35,1087.4535714285714,2.0,1.3548387096774193,17093.95,11150.017645435686,High
CUST02130,Email,Tier 1,8.0,8375.52,1046.94,29.0,1.4117647058823528,3498.31,11145.536134286202,High
CUST01958,Organic Search,Tier 1,9.0,9502.51,1055.8344444444444,2.0,1.2980769230769231,14632.21,11139.58176777223,High
CUST00029,Organic Search,Tier 1,14.0,11906.8,850.4857142857143,3.0,1.443298969072165,17597.760000000002,11136.857289409694,High
CUST02497,Paid Ads,Tier 1,13.0,13078.27,1006.0207692307692,2.0,1.3541666666666667,10921.26,11134.710763011002,High
CUST02235,Referral,Tier 2,6.0,6182.49,1030.415,4.0,0.631578947368421,19372.73,11133.543296911539,High
CUST01947,Social Media,Tier 2,7.0,6515.75,930.8214285714286,14.0,1.0144927536231882,8200.55,11133.523201845923,High
CUST00816,Paid Ads,Tier 1,4.0,3533.03,883.2575,8.0,0.7643312101910829,13325.46,11131.639527657837,High
CUST01444,Paid Ads,Tier 1,9.0,8784.04,976.0044444444445,17.0,1.210762331838565,12454.82,11129.436237955102,High
CUST00654,Email,Tier 2,9.0,8706.71,967.4122222222221,16.0,1.656441717791411,11718.27,11127.533466696748,High
CUST00342,Paid Ads,Tier 3,10.0,10547.51,1054.751,52.0,1.1583011583011582,18173.52,11126.35293992232,High
CUST02265,Social Media,Tier 1,6.0,5346.12,891.02,7.0,0.9836065573770493,12140.269999999999,11122.608703067663,High
CUST00374,Organic Search,Tier 2,5.0,4522.34,904.4680000000001,6.0,0.7246376811594203,6778.3,11115.672421768428,High
CUST00042,Social Media,Tier 1,6.0,6259.18,1043.1966666666667,43.0,1.0650887573964498,10368.32,11115.047907028766,High
CUST01558,Email,Tier 3,12.0,11145.45,928.7875,17.0,1.6901408450704225,17096.510000000002,11112.001032340784,High
CUST00840,Paid Ads,Tier 1,9.0,9013.11,1001.4566666666667,9.0,1.7647058823529411,8192.05,11106.45938744577,High
CUST01619,Paid Ads,Tier 1,15.0,13473.32,898.2213333333333,2.0,1.5734265734265733,6994.46,11106.247938230585,High
CUST00634,Paid Ads,Tier 3,12.0,10939.22,911.6016666666666,60.0,1.0778443113772456,13791.75,11105.497982648501,High
CUST00259,Referral,Tier 1,9.0,9158.07,1017.5633333333333,1.0,1.0465116279069768,9655.17,11102.878753122082,High
CUST02134,Referral,Tier 1,6.0,6652.37,1108.7283333333332,3.0,1.1042944785276074,8517.22,11100.810779642494,High
CUST01153,Paid Ads,Tier 2,7.0,5992.1,856.0142857142857,28.0,1.1864406779661019,11080.54,11099.549606840683,High
CUST00809,Paid Ads,Tier 1,15.0,13736.06,915.7373333333333,21.0,1.4851485148514851,13124.63,11098.992220215549,High
CUST01116,Social Media,Tier 1,16.0,14885.32,930.3325,4.0,1.83206106870229,13591.54,11098.928191724302,High
CUST02812,Organic Search,Tier 1,8.0,7527.49,940.93625,3.0,0.9836065573770493,10882.93,11095.825895959926,High
CUST01405,Paid Ads,Tier 1,14.0,12893.970000000001,920.9978571428572,7.0,1.25,12930.14,11093.958848171194,High
CUST02337,Referral,Tier 2,14.0,12950.43,925.0307142857143,4.0,2.1989528795811517,11022.82,11093.14301993963,High
CUST02064,Referral,Tier 2,8.0,8057.85,1007.23125,1.0,1.1483253588516746,13984.869999999999,11089.405002583155,High
CUST00290,Referral,Tier 1,11.0,10786.46,980.5872727272726,3.0,1.2222222222222223,5918.36,11088.699275509216,High
CUST02541,Referral,Tier 2,12.0,11355.84,946.32,3.0,1.1076923076923078,12032.33,11088.494856117606,High
CUST01192,Referral,Tier 1,12.0,11884.84,990.4033333333333,19.0,1.791044776119403,14668.529999999999,11087.806907241165,High
CUST02952,Organic Search,Tier 1,11.0,11909.8,1082.709090909091,10.0,1.3306451612903227,14171.31,11084.915915342215,High
CUST01517,Organic Search,Tier 3,15.0,11846.04,789.7360000000001,1.0,1.3157894736842104,11283.33,11084.094912274699,High
CUST01317,Social Media,Tier 1,4.0,5113.8,1278.45,3.0,0.8053691275167785,15710.800000000001,11083.686848602181,High
CUST02268,Social Media,Tier 2,14.0,13618.15,972.725,5.0,1.4946619217081851,12987.27,11082.309514385714,High
CUST00491,Referral,Tier 1,8.0,7987.26,998.4075,19.0,1.2,16087.13,11081.801326363178,High
CUST01115,Email,Tier 1,10.0,8514.73,851.473,2.0,1.153846153846154,14676.74,11080.695463837535,High
CUST01495,Paid Ads,Tier 2,10.0,8673.12,867.3120000000001,13.0,1.2295081967213113,19249.89,11080.692894066351,High
CUST01858,Email,Tier 1,10.0,10781.01,1078.101,18.0,1.2,15308.73,11079.296536386953,High
CUST01404,Organic Search,Tier 1,10.0,8794.01,879.4010000000001,0.0,1.4423076923076923,13054.29,11079.028095331605,High
CUST02584,Social Media,Tier 2,9.0,7448.84,827.6488888888889,39.0,1.6363636363636362,21051.16,11077.95729500384,High
CUST02673,Organic Search,Tier 1,9.0,8288.3,920.9222222222221,18.0,1.0305343511450382,20321.86,11077.369500277986,High
CUST00556,Social Media,Tier 1,15.0,15375.939999999999,1025.0626666666665,0.0,1.906779661016949,5130.5199999999995,11074.612263993382,High
CUST01680,Social Media,Tier 1,11.0,10344.38,940.3981818181818,4.0,1.3043478260869565,10658.49,11072.309406440663,High
CUST02585,Referral,Tier 2,12.0,11939.13,994.9274999999999,5.0,1.2080536912751678,12877.67,11071.483997710118,High
CUST00485,Organic Search,Tier 1,10.0,9137.51,913.751,9.0,1.2244897959183672,11827.67,11069.236823986797,High
CUST00307,Social Media,Tier 2,9.0,9550.57,1061.1744444444444,2.0,1.267605633802817,12633.92,11066.282462297271,High
CUST01935,Email,Tier 3,9.0,8684.09,964.8988888888889,19.0,1.003717472118959,13099.64,11065.921241781754,High
CUST01794,Paid Ads,Tier 1,13.0,12273.7,944.1307692307693,10.0,1.4130434782608696,11298.39,11065.53073892391,High
CUST02809,Paid Ads,Tier 1,10.0,8703.54,870.354,9.0,1.5075376884422111,8453.64,11065.36346635496,High
CUST00960,Social Media,Tier 1,14.0,13025.95,930.4250000000001,6.0,1.217391304347826,15834.619999999999,11064.601351734435,Medium
CUST02386,Email,Tier 1,5.0,4876.78,975.356,8.0,0.8771929824561403,10627.619999999999,11062.203590313891,Medium
CUST00321,Organic Search,Tier 1,15.0,12402.5,826.8333333333334,5.0,1.836734693877551,19973.6,11060.267651902695,Medium
CUST02644,Organic Search,Tier 2,7.0,7375.25,1053.607142857143,4.0,0.84,17444.42,11059.040956105246,Medium
CUST01683,Paid Ads,Tier 1,9.0,9127.81,1014.201111111111,18.0,1.7532467532467533,10181.869999999999,11057.607571340763,Medium
CUST02664,Social Media,Tier 1,12.0,11188.81,932.4008333333333,15.0,1.6143497757847534,14749.24,11056.658219948991,Medium
CUST01525,Social Media,Tier 1,13.0,11058.8,850.676923076923,36.0,1.3928571428571428,13251.9,11056.361758451412,Medium
CUST00173,Organic Search,Tier 1,6.0,6138.49,1023.0816666666666,9.0,0.8695652173913043,12692.58,11056.187398061353,Medium
CUST02580,Organic Search,Tier 2,9.0,9407.54,1045.2822222222223,5.0,1.6666666666666665,10479.79,11053.313243422754,Medium
CUST02470,Paid Ads,Tier 3,13.0,10313.76,793.3661538461539,1.0,1.5116279069767442,13961.93,11051.97478117663,Medium
CUST02650,Social Media,Tier 1,13.0,14150.880000000001,1088.529230769231,4.0,1.3,13460.16,11050.455420451697,Medium
CUST01355,Email,Tier 1,9.0,8724.06,969.3399999999999,10.0,1.7532467532467533,11692.75,11049.407545676428,Medium
CUST01939,Social Media,Tier 3,13.0,12470.68,959.2830769230769,3.0,1.703056768558952,13289.17,11047.825127075277,Medium
CUST02267,Referral,Tier 1,9.0,8227.3,914.1444444444444,22.0,0.9926470588235294,12310.58,11045.645880042075,Medium
CUST01066,Organic Search,Tier 1,9.0,9441.949999999999,1049.1055555555554,16.0,1.560693641618497,14089.5,11045.174166313172,Medium
CUST01875,Paid Ads,Tier 1,11.0,10516.22,956.02,15.0,1.6336633663366336,10397.73,11045.024258551988,Medium
CUST02609,Paid Ads,Tier 3,10.0,9676.22,967.622,8.0,1.3043478260869565,14670.36,11044.97451915542,Medium
CUST02932,Email,Tier 3,10.0,10113.92,1011.392,24.0,1.2096774193548387,13304.12,11040.790213761222,Medium
CUST02465,Paid Ads,Tier 1,9.0,8152.1,905.7888888888889,18.0,1.0931174089068825,10014.51,11040.376534817588,Medium
CUST02102,Paid Ads,Tier 3,14.0,12386.99,884.785,23.0,1.7721518987341773,13438.949999999999,11039.963542007694,Medium
CUST00025,Social Media,Tier 1,14.0,13111.99,936.5707142857143,14.0,1.1634349030470914,13775.29,11039.549566820891,Medium
CUST01432,Organic Search,Tier 1,10.0,9439.33,943.933,13.0,1.214574898785425,13305.279999999999,11038.111533535863,Medium
CUST00492,Email,Tier 1,9.0,7920.67,880.0744444444445,33.0,1.5168539325842696,11847.86,11038.041531289213,Medium
CUST00633,Email,Tier 1,7.0,6987.23,998.1757142857142,4.0,1.2962962962962963,6307.88,11037.990780315164,Medium
CUST02565,Social Media,Tier 1,6.0,5852.57,975.4283333333333,3.0,1.153846153846154,13345.79,11037.397230441939,Medium
CUST01256,Email,Tier 2,6.0,5855.21,975.8683333333333,20.0,0.972972972972973,8628.75,11037.069414199897,Medium
CUST00653,Paid Ads,Tier 1,10.0,8434.83,843.483,2.0,1.4285714285714284,11628.84,11036.41367112414,Medium
CUST02257,Social Media,Tier 2,10.0,9203.59,920.359,16.0,1.4634146341463414,11019.54,11035.348966560288,Medium
CUST00799,Organic Search,Tier 1,11.0,10923.06,993.0054545454545,5.0,1.4347826086956523,8066.72,11034.630800379331,Medium
CUST01733,Paid Ads,Tier 2,15.0,14430.44,962.0293333333334,2.0,1.3274336283185841,8627.52,11034.032372801386,Medium
CUST01060,Paid Ads,Tier 2,8.0,8166.67,1020.83375,1.0,0.9716599190283401,5645.08,11033.52447699973,Medium
CUST02042,Organic Search,Tier 1,14.0,12738.68,909.9057142857143,23.0,1.7004048582995952,9018.23,11029.81611686709,Medium
CUST01135,Social Media,Tier 3,15.0,11996.789999999999,799.786,4.0,1.4610389610389611,11519.98,11028.029267696627,Medium
CUST02598,Paid Ads,Tier 2,9.0,8070.63,896.7366666666667,2.0,1.5083798882681565,11462.72,11027.573140983752,Medium
CUST00419,Social Media,Tier 3,12.0,12398.37,1033.1975,43.0,1.5319148936170213,10866.38,11027.497564473102,Medium
CUST01692,Paid Ads,Tier 1,12.0,11236.68,936.39,54.0,1.1842105263157894,9712.83,11027.29195347625,Medium
CUST02278,Referral,Tier 2,7.0,6660.78,951.54,18.0,1.1052631578947367,10885.58,11027.060949683355,Medium
CUST01199,Paid Ads,Tier 1,6.0,5785.28,964.2133333333333,7.0,0.972972972972973,12868.119999999999,11026.795227953922,Medium
CUST02085,Social Media,Tier 3,7.0,7490.53,1070.0757142857142,16.0,1.0344827586206897,8448.390000000001,11026.684523146794,Medium
CUST01462,Organic Search,Tier 3,13.0,11813.47,908.7284615384615,9.0,1.7647058823529411,10118.66,11026.245622790528,Medium
CUST00787,Organic Search,Tier 2,10.0,10699.95,1069.9950000000001,1.0,1.8292682926829267,10921.630000000001,11025.857095523044,Medium
CUST02445,Email,Tier 1,12.0,8638.34,719.8616666666667,20.0,1.3382899628252787,13053.96,11024.094443118714,Medium
CUST00264,Organic Search,Tier 3,14.0,13800.279999999999,985.7342857142856,24.0,1.238938053097345,20328.82,11021.457542121783,Medium
CUST01878,Paid Ads,Tier 2,5.0,4277.87,855.574,6.0,1.0,13978.86,11018.575929802837,Medium
CUST02384,Referral,Tier 3,8.0,7685.429999999999,960.6787499999999,23.0,1.206030150753769,16527.17,11017.597092938233,Medium
CUST02793,Paid Ads,Tier 1,9.0,8571.65,952.4055555555556,17.0,1.5083798882681565,1841.97,11015.52261547605,Medium
CUST00208,Email,Tier 2,13.0,12969.21,997.6315384615384,5.0,1.5,11386.76,11012.75860523568,Medium
CUST00829,Organic Search,Tier 1,11.0,10094.57,917.6881818181818,6.0,1.5,13526.23,11011.518560548482,Medium
CUST01983,Referral,Tier 2,10.0,10178.74,1017.874,4.0,1.7751479289940828,16550.21,11010.042874976305,Medium
CUST02845,Organic Search,Tier 1,7.0,6808.25,972.6071428571429,15.0,0.958904109589041,13876.25,11006.808826825376,Medium
CUST02424,Email,Tier 1,13.0,13350.97,1026.9976923076922,14.0,1.2662337662337662,19431.42,11006.19745510192,Medium
CUST00502,Email,Tier 1,10.0,9797.53,979.753,18.0,1.6216216216216217,13576.31,11005.476333735965,Medium
CUST02970,Paid Ads,Tier 1,9.0,9315.19,1035.0211111111112,6.0,1.1297071129707112,8274.69,11005.350912026326,Medium
CUST02957,Paid Ads,Tier 1,13.0,14090.44,1083.88,13.0,1.407942238267148,15299.42,11004.797226357588,Medium
CUST01501,Referral,Tier 2,13.0,12809.24,985.3261538461538,4.0,1.6317991631799165,3907.2,11004.586644428773,Medium
CUST01570,Social Media,Tier 2,13.0,13165.49,1012.73,1.0,1.541501976284585,15747.65,11004.556574151913,Medium
CUST00266,Paid Ads,Tier 2,13.0,11376.46,875.1123076923076,9.0,1.3356164383561644,17900.7,11004.016247370879,Medium
CUST01732,Organic Search,Tier 3,14.0,14006.57,1000.4692857142857,1.0,1.8584070796460177,10277.5,11003.445921619019,Medium
CUST01730,Referral,Tier 1,11.0,9408.47,855.3154545454545,23.0,1.2790697674418605,13527.59,11002.626593788811,Medium
CUST02197,Referral,Tier 2,15.0,13269.09,884.606,8.0,1.5679442508710801,9405.57,11001.970051629853,Medium
CUST01138,Organic Search,Tier 3,13.0,12260.92,943.1476923076923,31.0,1.2662337662337662,10948.78,11000.355860467751,Medium
CUST02656,Email,Tier 2,6.0,6487.05,1081.175,17.0,0.7258064516129032,11722.17,10997.867099778763,Medium
CUST02147,Paid Ads,Tier 1,11.0,9534.22,866.7472727272726,4.0,1.0030395136778114,14862.279999999999,10996.270122200045,Medium
CUST00905,Paid Ads,Tier 1,7.0,6397.75,913.9642857142857,48.0,1.3125,12542.39,10995.897990962741,Medium
CUST02314,Organic Search,Tier 1,8.0,7422.799999999999,927.8499999999999,12.0,0.9125475285171103,3708.54,10995.856974248018,Medium
CUST02916,Organic Search,Tier 1,8.0,7369.81,921.22625,9.0,1.0126582278481011,11364.83,10995.327534662672,Medium
CUST02764,Social Media,Tier 1,9.0,8667.09,963.01,11.0,0.9278350515463918,16369.41,10995.00827697258,Medium
CUST02897,Organic Search,Tier 2,12.0,11520.49,960.0408333333334,19.0,1.2903225806451615,15499.800000000001,10994.24447006663,Medium
CUST00846,Organic Search,Tier 2,7.0,6808.06,972.58,15.0,1.1731843575418994,5656.6,10994.203200542861,Medium
CUST02692,Social Media,Tier 2,9.0,8345.52,927.2800000000001,9.0,1.2442396313364055,17329.09,10993.586537013227,Medium
CUST02489,Organic Search,Tier 2,7.0,6316.78,902.3971428571429,22.0,1.2650602409638554,11834.76,10992.80717001854,Medium
CUST01966,Organic Search,Tier 1,13.0,13696.16,1053.5507692307692,24.0,1.3732394366197183,14393.41,10992.507637396355,Medium
CUST00088,Paid Ads,Tier 2,7.0,6884.56,983.5085714285715,5.0,0.6176470588235294,866.89,10991.60847105134,Medium
CUST02601,Social Media,Tier 1,8.0,8207.380000000001,1025.9225000000001,2.0,1.0762331838565022,8048.63,10990.927761179422,Medium
CUST02864,Social Media,Tier 3,13.0,11969.65,920.7423076923077,33.0,1.625,11643.95,10990.138392604433,Medium
CUST01502,Email,Tier 2,11.0,9923.45,902.1318181818183,14.0,1.1301369863013697,12819.62,10990.093371184103,Medium
CUST01419,Paid Ads,Tier 1,8.0,7214.049999999999,901.7562499999999,3.0,0.9230769230769231,19234.87,10989.960860813255,Medium
CUST01612,Social Media,Tier 3,13.0,13318.53,1024.5023076923078,31.0,1.7488789237668163,15631.269999999999,10989.259088204488,Medium
CUST01783,Paid Ads,Tier 2,15.0,13581.0,905.4,9.0,1.331360946745562,16433.87,10987.168985308084,Medium
CUST02518,Paid Ads,Tier 1,15.0,14073.6,938.24,12.0,1.5570934256055362,5081.37,10987.107273731823,Medium
CUST00075,Paid Ads,Tier 1,9.0,8285.81,920.6455555555555,41.0,1.7197452229299364,10108.37,10986.700309530563,Medium
CUST02829,Referral,Tier 3,9.0,8572.56,952.5066666666667,23.0,0.8794788273615635,10422.369999999999,10985.781639736268,Medium
CUST01318,Paid Ads,Tier 1,10.0,9388.47,938.847,9.0,1.0600706713780919,16472.48,10985.53000703675,Medium
CUST02732,Social Media,Tier 1,9.0,8402.08,933.5644444444445,17.0,1.40625,13017.06,10983.128124472916,Medium
CUST02548,Social Media,Tier 1,8.0,7666.83,958.35375,9.0,1.0212765957446808,16326.08,10981.332140719227,Medium
CUST02043,Social Media,Tier 1,9.0,8309.52,923.2800000000001,6.0,1.134453781512605,12383.289999999999,10977.64513342082,Medium
CUST01792,Paid Ads,Tier 1,9.0,9773.0,1085.888888888889,12.0,0.8157099697885196,19957.71,10977.178505371832,Medium
CUST00684,Paid Ads,Tier 3,11.0,10292.47,935.6790909090909,23.0,1.0891089108910892,10217.55,10975.9511718047,Medium
CUST00962,Organic Search,Tier 3,11.0,10856.58,986.9618181818182,8.0,1.2547528517110265,8533.06,10975.759747038794,Medium
CUST00743,Referral,Tier 2,9.0,9652.16,1072.4622222222222,11.0,1.0799999999999998,7249.94,10974.027042326245,Medium
CUST01923,Organic Search,Tier 3,13.0,13484.14,1037.2415384615383,3.0,1.9024390243902438,13591.26,10973.994593303632,Medium
CUST02415,Organic Search,Tier 1,14.0,13925.14,994.6528571428571,6.0,1.4334470989761092,11132.08,10973.528018911513,Medium
CUST02253,Paid Ads,Tier 3,12.0,10656.32,888.0266666666666,6.0,1.0843373493975903,9581.3,10973.441710347182,Medium
CUST02083,Social Media,Tier 1,12.0,11397.51,949.7925,12.0,1.0843373493975903,7033.78,10972.896546862792,Medium
CUST02308,Referral,Tier 1,7.0,6601.48,943.0685714285713,8.0,0.8898305084745763,5996.66,10968.922029450214,Medium
CUST00652,Paid Ads,Tier 1,7.0,7656.41,1093.7728571428572,9.0,1.4285714285714284,14588.960000000001,10967.511855102637,Medium
CUST00296,Organic Search,Tier 1,9.0,10044.93,1116.1033333333335,1.0,1.5517241379310345,9528.66,10966.95005977611,Medium
CUST00609,Paid Ads,Tier 2,12.0,11399.61,949.9675000000001,18.0,1.3584905660377358,7975.98,10966.779639744273,Medium
CUST00835,Organic Search,Tier 3,11.0,10819.41,983.5827272727273,13.0,1.0749185667752443,15529.59,10964.755335804788,Medium
CUST01797,Paid Ads,Tier 1,11.0,9374.07,852.1881818181818,6.0,1.1743772241992882,8532.68,10963.714355989669,Medium
CUST01132,Organic Search,Tier 2,10.0,9196.42,919.642,12.0,1.3761467889908259,13858.45,10958.98358643887,Medium
CUST00048,Paid Ads,Tier 1,9.0,9417.13,1046.3477777777778,12.0,1.1946902654867257,5278.46,10957.38263196323,Medium
CUST00943,Paid Ads,Tier 1,8.0,7640.280000000001,955.0350000000001,7.0,1.25,0.0,10956.168040955696,Medium
CUST00236,Paid Ads,Tier 1,13.0,11766.64,905.1261538461538,53.0,1.5294117647058822,9218.98,10953.996539590633,Medium
CUST00478,Social Media,Tier 2,9.0,8116.25,901.8055555555555,8.0,0.9090909090909092,9686.72,10953.975023612287,Medium
CUST01044,Organic Search,Tier 2,13.0,11824.73,909.5946153846154,43.0,1.407942238267148,14660.3,10951.298802523963,Medium
CUST00107,Social Media,Tier 2,10.0,11161.01,1116.101,18.0,1.0135135135135136,16166.4,10951.261918560085,Medium
CUST01580,Paid Ads,Tier 1,8.0,7783.8099999999995,972.9762499999999,3.0,0.9876543209876544,6219.24,10949.970060673575,Medium
CUST00364,Paid Ads,Tier 2,11.0,9371.65,851.9681818181817,4.0,1.5492957746478875,15650.13,10948.998364902498,Medium
CUST02730,Social Media,Tier 3,7.0,7015.52,1002.2171428571429,13.0,0.6907894736842105,8592.0,10945.99482037276,Medium
CUST01363,Organic Search,Tier 2,8.0,7545.24,943.155,11.0,1.6783216783216783,7200.49,10944.49125552256,Medium
CUST01211,Organic Search,Tier 1,10.0,9780.27,978.027,55.0,1.1494252873563218,15546.18,10943.949174968797,Medium
CUST00865,Social Media,Tier 1,14.0,14697.960000000001,1049.8542857142859,6.0,1.4788732394366195,5773.360000000001,10943.540261446093,Medium
CUST01509,Organic Search,Tier 1,11.0,10584.73,962.2481818181818,6.0,1.4537444933920705,12265.88,10941.830516876835,Medium
CUST02877,Referral,Tier 1,8.0,8426.05,1053.25625,24.0,1.0909090909090908,11750.25,10941.331684737386,Medium
CUST00510,Organic Search,Tier 1,11.0,12525.74,1138.7036363636364,10.0,1.2222222222222223,16174.16,10940.320320442705,Medium
CUST00482,Organic Search,Tier 3,10.0,8861.81,886.1809999999999,1.0,0.8695652173913043,7932.6900000000005,10938.109263478698,Medium
CUST00346,Referral,Tier 3,12.0,11789.77,982.4808333333334,33.0,1.6666666666666665,12350.89,10937.653932778252,Medium
CUST00527,Social Media,Tier 1,13.0,13148.56,1011.4276923076923,20.0,1.3978494623655915,11855.23,10937.097036517753,Medium
CUST00637,Organic Search,Tier 2,10.0,9400.65,940.0649999999999,10.0,1.2820512820512822,11005.8,10933.214403624352,Medium
CUST02027,Social Media,Tier 2,13.0,13139.05,1010.6961538461538,11.0,1.2540192926045015,9341.83,10931.308151175312,Medium
CUST01131,Organic Search,Tier 1,13.0,13413.11,1031.7776923076924,9.0,1.6595744680851063,12304.38,10930.748674392797,Medium
CUST02475,Organic Search,Tier 1,11.0,8176.24,743.2945454545454,22.0,1.0891089108910892,11742.79,10929.982656212633,Medium
CUST01365,Paid Ads,Tier 2,11.0,10929.359999999999,993.5781818181817,11.0,0.9565217391304347,10075.84,10929.369599899508,Medium
CUST01282,Organic Search,Tier 1,10.0,11242.88,1124.288,5.0,1.2987012987012987,15733.46,10929.282463254633,Medium
CUST01258,Referral,Tier 3,10.0,10633.75,1063.375,13.0,0.9146341463414633,8357.47,10928.539423497818,Medium
CUST01464,Email,Tier 1,12.0,8981.3,748.4416666666666,0.0,1.44,10855.81,10928.485319848389,Medium
CUST02954,Paid Ads,Tier 2,10.0,10776.37,1077.6370000000002,28.0,1.3333333333333335,11668.67,10928.302363961453,Medium
CUST01226,Email,Tier 2,13.0,12230.89,940.8376923076922,6.0,1.3310580204778157,8787.59,10927.789551980355,Medium
CUST00004,Email,Tier 1,16.0,12399.5,774.96875,36.0,1.3753581661891117,16679.85,10926.418610834504,Medium
CUST01610,Organic Search,Tier 1,9.0,8544.08,949.3422222222222,8.0,1.4210526315789473,11951.9,10925.645412845006,Medium
CUST01497,Paid Ads,Tier 3,12.0,10103.89,841.9908333333333,23.0,1.5319148936170213,8958.6,10924.880803758497,Medium
CUST01450,Organic Search,Tier 1,12.0,11523.03,960.2525,11.0,1.188118811881188,11901.279999999999,10924.696563931142,Medium
CUST02460,Paid Ads,Tier 2,8.0,7666.48,958.31,15.0,0.7476635514018691,11356.1,10924.062924963131,Medium
CUST00842,Organic Search,Tier 2,8.0,7147.63,893.45375,6.0,0.9486166007905138,10774.119999999999,10923.82734077739,Medium
CUST02351,Email,Tier 2,12.0,12390.81,1032.5674999999999,20.0,1.7061611374407581,13993.57,10921.568597229867,Medium
CUST01010,Referral,Tier 3,9.0,10369.01,1152.1122222222223,0.0,0.8206686930091186,11354.93,10920.474069939859,Medium
CUST00147,Social Media,Tier 3,12.0,11776.15,981.3458333333333,8.0,1.3846153846153846,10760.42,10919.821917645851,Medium
CUST01218,Organic Search,Tier 1,8.0,6890.13,861.26625,6.0,1.4634146341463414,7366.63,10917.482330476274,Medium
CUST02320,Paid Ads,Tier 1,13.0,12498.46,961.42,51.0,1.262135922330097,12146.87,10917.175721499534,Medium
CUST00505,Social Media,Tier 3,11.0,11801.7,1072.8818181818183,1.0,1.0476190476190477,11013.71,10916.573507886518,Medium
CUST01778,Social Media,Tier 2,11.0,11095.75,1008.7045454545455,9.0,1.6176470588235294,13982.57,10916.187826183474,Medium
CUST01126,Organic Search,Tier 2,8.0,8194.5,1024.3125,4.0,1.3259668508287292,14527.470000000001,10915.582247077384,Medium
CUST02118,Social Media,Tier 1,7.0,6958.99,994.1414285714285,21.0,0.8786610878661087,16091.56,10915.550445215042,Medium
CUST01508,Organic Search,Tier 1,14.0,12657.61,904.115,38.0,1.4046822742474916,17922.0,10915.408198660421,Medium
CUST01336,Paid Ads,Tier 1,12.0,11859.6,988.3000000000001,34.0,1.1920529801324504,17732.44,10913.621070137766,Medium
CUST01826,Social Media,Tier 2,14.0,13865.0,990.3571428571429,15.0,1.6535433070866141,9604.35,10912.746357416163,Medium
CUST00606,Paid Ads,Tier 2,8.0,7579.66,947.4575,22.0,0.8108108108108109,14290.07,10911.938288417208,Medium
CUST01004,Organic Search,Tier 3,10.0,9319.1,931.9100000000001,42.0,1.293103448275862,14005.59,10911.787243002733,Medium
CUST01535,Referral,Tier 2,11.0,11468.83,1042.620909090909,15.0,1.0248447204968945,7463.24,10911.18902267504,Medium
CUST00866,Organic Search,Tier 3,13.0,11134.69,856.5146153846155,3.0,1.703056768558952,13688.6,10910.889303751892,Medium
CUST01540,Email,Tier 2,2.0,2297.87,1148.935,71.0,0.37735849056603776,17763.98,10909.16023940534,Medium
CUST01823,Social Media,Tier 1,5.0,5889.72,1177.944,8.0,0.9615384615384615,21835.04,10908.082376881099,Medium
CUST00712,Organic Search,Tier 3,8.0,8880.78,1110.0975,2.0,1.5894039735099337,9116.66,10906.631027663057,Medium
CUST00427,Organic Search,Tier 1,14.0,11855.86,846.8471428571429,11.0,1.2574850299401197,8629.98,10906.214870426213,Medium
CUST02193,Paid Ads,Tier 2,10.0,9553.39,955.3389999999999,8.0,1.1764705882352942,12561.82,10904.640686712095,Medium
CUST02594,Paid Ads,Tier 2,8.0,6655.3,831.9125,19.0,1.4906832298136645,3754.46,10904.187757107902,Medium
CUST00258,Referral,Tier 1,10.0,9929.13,992.9129999999999,13.0,1.2396694214876034,12225.75,10902.973364535857,Medium
CUST02671,Organic Search,Tier 1,13.0,11837.42,910.5707692307692,32.0,1.4444444444444444,14494.17,10902.55629630847,Medium
CUST02623,Social Media,Tier 2,9.0,8633.64,959.2933333333333,23.0,0.7917888563049854,10703.34,10900.72617084186,Medium
CUST02457,Organic Search,Tier 1,13.0,12866.97,989.766923076923,11.0,1.8055555555555554,12249.39,10899.202523523065,Medium
CUST02303,Paid Ads,Tier 3,10.0,9312.88,931.2879999999999,26.0,1.1235955056179776,10736.27,10898.498156776646,Medium
CUST01688,Organic Search,Tier 1,5.0,5708.18,1141.636,19.0,0.8064516129032259,15852.27,10898.432811338656,Medium
CUST01299,Social Media,Tier 1,12.0,11288.789999999999,940.7325,20.0,1.2080536912751678,13017.65,10897.445127039879,Medium
CUST00928,Organic Search,Tier 1,12.0,10515.83,876.3191666666667,13.0,1.2162162162162162,8561.05,10897.423415755413,Medium
CUST01032,Paid Ads,Tier 3,11.0,10457.16,950.6509090909091,9.0,1.0714285714285714,1748.5,10896.283221953192,Medium
CUST02922,Social Media,Tier 1,14.0,14309.8,1022.1285714285714,48.0,1.5969581749049429,10660.31,10895.518355746834,Medium
CUST01959,Social Media,Tier 1,10.0,9304.3,930.43,24.0,0.9316770186335404,18696.88,10895.458311413702,Medium
CUST00046,Organic Search,Tier 1,10.0,8855.289999999999,885.5289999999999,2.0,1.1406844106463878,8183.5,10895.237122842445,Medium
CUST01819,Social Media,Tier 1,12.0,11667.77,972.3141666666667,30.0,1.25,10096.470000000001,10894.119850142546,Medium
CUST01346,Organic Search,Tier 3,7.0,6946.96,992.4228571428572,7.0,0.9292035398230089,7627.900000000001,10893.717657141955,Medium
CUST01458,Social Media,Tier 1,12.0,11121.37,926.7808333333334,41.0,1.4516129032258065,1033.95,10893.293485707842,Medium
CUST00304,Email,Tier 1,6.0,4935.23,822.5383333333333,6.0,0.967741935483871,16789.77,10892.58587513337,Medium
CUST02956,Social Media,Tier 1,8.0,7686.45,960.80625,24.0,1.2834224598930482,12514.1,10891.529127053838,Medium
CUST02865,Social Media,Tier 3,14.0,12646.31,903.3078571428571,8.0,1.5217391304347827,9157.77,10890.693054378859,Medium
CUST02894,Social Media,Tier 2,13.0,14729.45,1133.0346153846153,32.0,1.2074303405572755,13388.37,10889.829438067238,Medium
CUST02660,Paid Ads,Tier 2,14.0,14632.810000000001,1045.2007142857144,6.0,2.5149700598802394,14710.34,10889.578745058023,Medium
CUST00566,Organic Search,Tier 1,8.0,8470.68,1058.835,9.0,0.9638554216867469,10775.42,10887.986359117138,Medium
CUST01710,Organic Search,Tier 1,11.0,10370.08,942.7345454545455,15.0,1.021671826625387,12577.02,10887.688951014394,Medium
CUST01087,Paid Ads,Tier 3,9.0,9072.67,1008.0744444444445,18.0,0.940766550522648,12272.57,10887.647929140086,Medium
CUST00475,Paid Ads,Tier 1,13.0,11091.36,853.1815384615385,37.0,1.3310580204778157,11326.73,10886.748789874175,Medium
CUST00256,Organic Search,Tier 2,9.0,9196.42,1021.8244444444445,3.0,1.0150375939849623,7323.4400000000005,10883.73956916206,Medium
CUST01950,Email,Tier 2,9.0,8724.18,969.3533333333334,9.0,1.1297071129707112,9882.61,10883.514295666273,Medium
CUST01548,Organic Search,Tier 1,14.0,14029.75,1002.125,6.0,1.3680781758957654,14444.41,10881.715408311715,Medium
CUST00031,Social Media,Tier 2,7.0,7260.75,1037.25,27.0,1.122994652406417,4223.62,10881.399724077415,Medium
CUST01915,Referral,Tier 2,7.0,7190.0,1027.142857142857,21.0,0.9905660377358491,14950.99,10880.86021739887,Medium
CUST00416,Paid Ads,Tier 1,12.0,10951.57,912.6308333333333,54.0,1.1803278688524592,11222.67,10880.018413857975,Medium
CUST01496,Referral,Tier 1,11.0,10907.28,991.5709090909091,21.0,1.4163090128755367,6192.97,10879.949646744511,Medium
CUST00010,Social Media,Tier 1,17.0,17313.97,1018.4688235294118,59.0,1.9245283018867925,13843.66,10879.780178359055,Medium
CUST00882,Email,Tier 1,14.0,14166.97,1011.9264285714286,20.0,1.3680781758957654,10346.68,10879.530993108294,Medium
CUST02815,Organic Search,Tier 1,10.0,8726.93,872.693,1.0,1.6304347826086956,9145.47,10877.755849113535,Medium
CUST00305,Email,Tier 1,14.0,13684.49,977.4635714285714,46.0,1.3636363636363638,9291.06,10877.455595510808,Medium
CUST02776,Organic Search,Tier 2,6.0,5775.89,962.6483333333334,28.0,0.5389221556886228,17492.26,10876.405271693664,Medium
CUST02931,Paid Ads,Tier 1,16.0,15991.37,999.460625,2.0,1.3186813186813189,13413.55,10876.143806596874,Medium
CUST00177,Social Media,Tier 2,9.0,8324.24,924.9155555555556,27.0,1.2857142857142858,6410.24,10871.956887456314,Medium
CUST01881,Organic Search,Tier 1,8.0,7734.780000000001,966.8475000000001,11.0,0.8695652173913043,8635.81,10871.833093609168,Medium
CUST00825,Paid Ads,Tier 2,13.0,12378.55,952.1961538461538,25.0,1.9597989949748746,16008.74,10871.102075846615,Medium
CUST01452,Paid Ads,Tier 1,9.0,9767.73,1085.3033333333333,24.0,1.2796208530805688,10925.91,10869.708248635987,Medium
CUST00439,Email,Tier 1,13.0,11461.029999999999,881.6176923076922,28.0,1.3265306122448979,13048.54,10869.550152146907,Medium
CUST02856,Email,Tier 1,16.0,12063.99,753.999375,13.0,1.5,10770.07,10868.198998773327,Medium
CUST01931,Referral,Tier 3,12.0,11973.539999999999,997.795,34.0,1.5126050420168067,8714.9,10867.88361969551,Medium
CUST00914,Social Media,Tier 1,7.0,5607.45,801.0642857142857,10.0,1.2426035502958581,9378.07,10867.302808933422,Medium
CUST01886,Email,Tier 1,12.0,10148.039999999999,845.67,17.0,1.3533834586466165,13010.68,10867.028591971419,Medium
CUST01215,Organic Search,Tier 1,5.0,5604.93,1120.986,10.0,1.0273972602739725,11621.14,10866.96386707145,Medium
CUST00971,Email,Tier 2,19.0,17326.0,911.8947368421053,8.0,1.9453924914675766,15491.01,10866.911461185384,Medium
CUST00610,Organic Search,Tier 2,7.0,7329.76,1047.1085714285714,8.0,1.0552763819095476,12264.970000000001,10866.797348439453,Medium
CUST02032,Paid Ads,Tier 2,17.0,17309.6,1018.2117647058823,2.0,1.4739884393063585,12263.14,10866.002329006971,Medium
CUST00126,Organic Search,Tier 2,11.0,9783.49,889.4081818181818,4.0,1.2359550561797752,1826.52,10864.809112840107,Medium
CUST01468,Email,Tier 2,14.0,13503.61,964.5435714285715,34.0,1.5969581749049429,11237.95,10864.158306722662,Medium
CUST00501,Paid Ads,Tier 2,8.0,8090.53,1011.31625,17.0,0.933852140077821,14376.6,10862.333443663067,Medium
CUST00585,Email,Tier 2,14.0,12534.83,895.345,8.0,1.7872340425531916,13240.83,10861.827814836517,Medium
CUST01483,Paid Ads,Tier 1,14.0,13099.93,935.7092857142858,25.0,1.2316715542521994,12686.35,10861.495911179154,Medium
CUST00458,Organic Search,Tier 3,7.0,6867.41,981.0585714285714,13.0,1.09375,10559.39,10861.18483327356,Medium
CUST00647,Social Media,Tier 3,10.0,8931.12,893.1120000000001,10.0,1.4423076923076923,14554.72,10860.739479056945,Medium
CUST02469,Organic Search,Tier 3,10.0,10142.630000000001,1014.2630000000001,20.0,1.0638297872340425,10777.38,10859.706531138927,Medium
CUST02917,Email,Tier 2,10.0,8614.33,861.433,4.0,1.1494252873563218,8590.53,10858.16283652484,Medium
CUST00480,Organic Search,Tier 2,10.0,9082.95,908.2950000000001,10.0,0.9554140127388535,11866.48,10854.504869674942,Medium
CUST01618,Email,Tier 2,17.0,16088.8,946.4,16.0,1.6887417218543048,14088.43,10854.102298071384,Medium
CUST00175,Paid Ads,Tier 3,8.0,7114.13,889.26625,12.0,0.9125475285171103,7552.5599999999995,10854.08852201963,Medium
CUST01707,Organic Search,Tier 3,8.0,7471.38,933.9225,28.0,1.0389610389610389,14294.21,10853.997111848359,Medium
CUST01280,Organic Search,Tier 1,5.0,6214.42,1242.884,1.0,0.7537688442211056,15207.19,10853.377160239039,Medium
CUST01897,Organic Search,Tier 3,14.0,12265.73,876.1235714285714,21.0,1.2962962962962963,12971.04,10852.630593912158,Medium
CUST01596,Paid Ads,Tier 3,8.0,7134.16,891.77,50.0,1.3259668508287292,8824.11,10851.907464878106,Medium
CUST02025,Organic Search,Tier 3,15.0,14656.82,977.1213333333333,11.0,1.3274336283185841,12148.02,10851.648804097153,Medium
CUST01764,Referral,Tier 2,12.0,10638.61,886.5508333333333,9.0,1.6822429906542056,11179.47,10851.594786579344,Medium
CUST02503,Paid Ads,Tier 1,12.0,11127.41,927.2841666666667,31.0,1.5517241379310345,8052.72,10851.572223974645,Medium
CUST02588,Social Media,Tier 1,16.0,13876.869999999999,867.3043749999999,9.0,2.1145374449339207,8976.69,10851.429499041238,Medium
CUST01641,Paid Ads,Tier 3,7.0,7213.599999999999,1030.5142857142857,28.0,1.0606060606060606,5725.82,10849.425311850262,Medium
CUST01342,Paid Ads,Tier 3,10.0,10166.03,1016.6030000000001,50.0,1.098901098901099,11361.57,10848.172396051004,Medium
CUST02400,Paid Ads,Tier 3,12.0,11416.26,951.355,27.0,1.2765957446808511,15440.16,10847.492425714676,Medium
CUST02273,Referral,Tier 3,17.0,16001.34,941.255294117647,27.0,1.6037735849056605,4720.35,10846.77267397311,Medium
CUST00339,Paid Ads,Tier 1,16.0,14916.52,932.2825,7.0,2.2429906542056073,10706.68,10845.063238952509,Medium
CUST01933,Paid Ads,Tier 2,13.0,12982.73,998.6715384615384,49.0,1.358885017421603,10823.01,10843.668989293723,Medium
CUST01742,Paid Ads,Tier 3,8.0,7582.299999999999,947.7874999999999,2.0,1.1009174311926606,691.21,10842.0210806652,Medium
CUST01787,Social Media,Tier 2,10.0,11501.77,1150.1770000000001,9.0,1.0135135135135136,9517.69,10841.452798561546,Medium
CUST01358,Paid Ads,Tier 2,8.0,7220.03,902.50375,60.0,1.5,10016.59,10840.424349066927,Medium
CUST02474,Paid Ads,Tier 1,11.0,10812.14,982.9218181818181,31.0,1.0784313725490196,22880.81,10837.866527350287,Medium
CUST02405,Paid Ads,Tier 1,9.0,9833.8,1092.6444444444444,5.0,1.0227272727272727,10482.78,10836.985576218294,Medium
CUST02544,Social Media,Tier 2,6.0,5209.99,868.3316666666666,16.0,0.8823529411764706,10380.97,10835.983375649894,Medium
CUST01896,Organic Search,Tier 1,4.0,3429.67,857.4175,4.0,0.718562874251497,12918.34,10835.93181547431,Medium
CUST00338,Paid Ads,Tier 1,10.0,9986.44,998.644,8.0,1.153846153846154,4779.01,10834.787442583154,Medium
CUST00625,Social Media,Tier 1,8.0,7235.75,904.46875,2.0,0.8540925266903914,8320.45,10833.998085087609,Medium
CUST01460,Paid Ads,Tier 3,7.0,6534.43,933.49,31.0,1.206896551724138,11080.47,10833.178122216903,Medium
CUST02680,Email,Tier 1,14.0,14373.61,1026.6864285714287,19.0,1.7573221757322175,11249.61,10832.518957838796,Medium
CUST02750,Email,Tier 1,13.0,12697.07,976.6976923076923,45.0,1.6595744680851063,5170.0,10832.238540049957,Medium
CUST00781,Organic Search,Tier 1,5.0,4828.0599999999995,965.6119999999999,16.0,0.78125,14276.02,10831.253950636661,Medium
CUST02010,Referral,Tier 1,8.0,7456.46,932.0575,67.0,1.5384615384615383,13377.98,10830.838057542926,Medium
CUST01124,Paid Ads,Tier 3,7.0,8814.72,1259.2457142857143,14.0,1.381578947368421,47591.98,10830.48515715622,Medium
CUST00303,Organic Search,Tier 1,10.0,8891.57,889.1569999999999,10.0,1.075268817204301,5618.88,10830.394342769232,Medium
CUST01093,Organic Search,Tier 3,12.0,11353.1,946.0916666666667,28.0,1.0434782608695652,16012.32,10827.3933426075,Medium
CUST01409,Paid Ads,Tier 1,15.0,14607.98,973.8653333333333,11.0,1.6853932584269662,10964.58,10827.023013079322,Medium
CUST01988,Paid Ads,Tier 1,12.0,10368.57,864.0475,7.0,1.4693877551020407,9342.35,10826.80425516515,Medium
CUST00583,Organic Search,Tier 2,10.0,9925.98,992.598,22.0,1.3636363636363638,7232.67,10825.872741545443,Medium
CUST00160,Organic Search,Tier 1,13.0,14887.57,1145.1976923076923,5.0,1.5789473684210527,11384.41,10825.383324659058,Medium
CUST01628,Organic Search,Tier 1,9.0,9208.38,1023.1533333333332,16.0,1.2328767123287672,14415.67,10823.978036668488,Medium
CUST02823,Organic Search,Tier 2,10.0,9215.54,921.5540000000001,47.0,1.6666666666666665,15723.7,10823.783969284648,Medium
CUST00097,Paid Ads,Tier 1,6.0,5674.62,945.77,35.0,1.0714285714285714,7389.12,10823.657486509872,Medium
CUST00839,Organic Search,Tier 3,8.0,7888.48,986.06,43.0,1.1214953271028036,11953.44,10822.729388487265,Medium
CUST00131,Organic Search,Tier 1,8.0,7185.650000000001,898.2062500000001,56.0,1.1764705882352942,7687.9800000000005,10822.679349566275,Medium
CUST01880,Email,Tier 2,13.0,14217.7,1093.6692307692308,42.0,1.2149532710280373,10624.1,10821.436774434504,Medium
CUST00424,Paid Ads,Tier 1,7.0,7353.26,1050.4657142857143,9.0,1.0769230769230769,11217.57,10821.227140545352,Medium
CUST01807,Paid Ads,Tier 1,12.0,11844.85,987.0708333333333,46.0,1.5720524017467248,8866.08,10820.410238848017,Medium
CUST02879,Organic Search,Tier 2,11.0,12587.09,1144.280909090909,5.0,1.65,14896.91,10820.21949708437,Medium
CUST01788,Social Media,Tier 3,16.0,13807.51,862.969375,7.0,1.6271186440677965,7763.78,10818.248294834013,Medium
CUST00794,Referral,Tier 1,7.0,5863.860000000001,837.6942857142858,8.0,1.1864406779661019,7223.04,10815.350085832826,Medium
CUST02935,Social Media,Tier 1,11.0,10026.3,911.4818181818181,30.0,1.1619718309859155,12748.13,10813.086971266117,Medium
CUST00710,Paid Ads,Tier 1,12.0,10649.64,887.4699999999999,39.0,1.8652849740932642,13444.5,10813.039722086382,Medium
CUST02078,Paid Ads,Tier 3,9.0,8870.02,985.5577777777778,25.0,0.9310344827586207,11389.64,10812.825671898514,Medium
CUST00102,Social Media,Tier 1,16.0,15479.71,967.481875,3.0,1.7843866171003717,9338.61,10812.531536216282,Medium
CUST01380,Organic Search,Tier 1,11.0,12053.99,1095.8172727272727,21.0,1.506849315068493,4750.78,10812.4564669248,Medium
CUST02022,Paid Ads,Tier 2,9.0,8584.51,953.8344444444444,27.0,1.7307692307692308,12479.220000000001,10811.89143847932,Medium
CUST01451,Social Media,Tier 2,11.0,10477.4,952.4909090909091,33.0,1.2406015037593985,7766.28,10810.88835031335,Medium
CUST00568,Organic Search,Tier 3,14.0,11812.720000000001,843.7657142857144,21.0,1.2209302325581397,9611.23,10810.723189681194,Medium
CUST00698,Organic Search,Tier 3,11.0,11710.31,1064.5736363636363,27.0,1.4666666666666668,5642.0,10810.68261395951,Medium
CUST01784,Organic Search,Tier 1,10.0,8784.27,878.427,5.0,0.9316770186335404,5756.65,10805.592433716716,Medium
CUST01833,Social Media,Tier 3,10.0,9861.31,986.131,54.0,1.1235955056179776,14202.3,10805.01018548948,Medium
CUST02205,Paid Ads,Tier 2,4.0,4004.02,1001.005,19.0,0.7547169811320755,12596.03,10804.897775889485,Medium
CUST02135,Organic Search,Tier 2,7.0,6234.7,890.6714285714286,4.0,0.8606557377049181,10063.49,10804.557398596122,Medium
CUST02696,Social Media,Tier 3,8.0,8529.17,1066.14625,30.0,1.1594202898550725,11295.35,10804.060156005284,Medium
CUST00970,Organic Search,Tier 1,11.0,11111.46,1010.1327272727272,30.0,1.2692307692307694,7835.39,10802.745312473371,Medium
CUST02690,Social Media,Tier 1,9.0,7983.96,887.1066666666667,23.0,1.4361702127659575,15003.1,10799.32631612164,Medium
CUST02631,Paid Ads,Tier 1,8.0,7276.97,909.62125,42.0,1.0,10157.65,10799.216540416252,Medium
CUST01984,Organic Search,Tier 1,10.0,10107.86,1010.7860000000001,22.0,1.0033444816053512,10905.45,10798.552920000708,Medium
CUST02258,Organic Search,Tier 3,10.0,9834.77,983.4770000000001,21.0,0.9375,7820.54,10797.822635432785,Medium
CUST01921,Social Media,Tier 3,14.0,12562.17,897.2978571428572,70.0,1.4334470989761092,28307.54,10797.603513292475,Medium
CUST00484,Social Media,Tier 2,7.0,6860.53,980.0757142857143,77.0,1.1931818181818181,13794.43,10796.660682555304,Medium
CUST00040,Social Media,Tier 2,9.0,10448.07,1160.8966666666665,4.0,1.7197452229299364,9668.33,10796.419349860158,Medium
CUST01889,Organic Search,Tier 3,13.0,11636.44,895.1107692307693,12.0,1.2786885245901638,897.73,10795.76412592607,Medium
CUST01283,Organic Search,Tier 1,11.0,9257.71,841.6099999999999,1.0,2.049689440993789,11880.51,10795.383795222324,Medium
CUST00836,Organic Search,Tier 1,3.0,2709.63,903.21,14.0,0.42452830188679247,13193.63,10794.286545041155,Medium
CUST01990,Social Media,Tier 2,13.0,13040.68,1003.1292307692308,46.0,1.368421052631579,7879.93,10794.060842243134,Medium
CUST00782,Referral,Tier 2,12.0,12496.56,1041.3799999999999,2.0,1.8652849740932642,9484.65,10793.883955164405,Medium
CUST01275,Email,Tier 1,16.0,18402.42,1150.15125,1.0,1.696113074204947,15784.6,10793.591996989155,Medium
CUST02256,Organic Search,Tier 1,17.0,14429.09,848.77,9.0,1.6037735849056605,14251.710000000001,10791.465333052492,Medium
CUST01447,Referral,Tier 2,10.0,9355.869999999999,935.5869999999999,36.0,1.0600706713780919,13721.55,10791.36916271633,Medium
CUST00801,Paid Ads,Tier 1,11.0,11154.46,1014.0418181818181,47.0,1.3043478260869565,14329.57,10787.540712880258,Medium
CUST02333,Organic Search,Tier 2,15.0,14742.98,982.8653333333333,36.0,1.5254237288135595,9319.08,10786.998436416765,Medium
CUST00055,Paid Ads,Tier 1,13.0,13524.01,1040.3084615384616,67.0,1.1572700296735905,16822.75,10785.21575791793,Medium
CUST00631,Organic Search,Tier 1,7.0,7968.42,1138.3457142857144,2.0,1.0606060606060606,9171.71,10782.698204871731,Medium
CUST00925,Organic Search,Tier 2,10.0,8757.630000000001,875.7630000000001,25.0,1.8404907975460123,4961.73,10780.224929441358,Medium
CUST01440,Email,Tier 1,12.0,11727.68,977.3066666666667,43.0,1.0315186246418337,9316.56,10779.015803298547,Medium
CUST00526,Organic Search,Tier 1,11.0,11325.97,1029.6336363636362,2.0,1.1458333333333335,10580.85,10777.752801434903,Medium
CUST00327,Paid Ads,Tier 2,15.0,16140.11,1076.0073333333335,47.0,1.4376996805111821,13747.050000000001,10777.303639509222,Medium
CUST00028,Email,Tier 2,14.0,12091.41,863.6721428571428,17.0,1.7427385892116183,3290.12,10777.030159467626,Medium
CUST00539,Referral,Tier 2,9.0,8718.28,968.6977777777779,37.0,0.9818181818181819,14961.650000000001,10776.222246755247,Medium
CUST00675,Social Media,Tier 1,11.0,11062.87,1005.7154545454546,30.0,1.1458333333333335,15239.619999999999,10775.435357635557,Medium
CUST01018,Paid Ads,Tier 3,7.0,6093.55,870.5071428571429,58.0,0.8823529411764706,11552.92,10774.67580974495,Medium
CUST01550,Organic Search,Tier 3,12.0,13316.35,1109.6958333333334,6.0,1.7999999999999998,3839.82,10772.271814317606,Medium
CUST02775,Organic Search,Tier 2,17.0,14679.51,863.5005882352941,0.0,2.015810276679842,2810.9,10772.009920580054,Medium
CUST01015,Paid Ads,Tier 1,9.0,8298.57,922.0633333333333,30.0,1.0384615384615385,14965.17,10771.775670166488,Medium
CUST01026,Paid Ads,Tier 3,11.0,12136.98,1103.361818181818,33.0,1.2267657992565055,13092.17,10770.048100808983,Medium
CUST00720,Organic Search,Tier 2,8.0,8849.84,1106.23,10.0,1.5894039735099337,10069.95,10769.457917922082,Medium
CUST02185,Organic Search,Tier 2,14.0,12283.38,877.3842857142856,43.0,1.3333333333333335,9590.19,10765.99159411808,Medium
CUST00955,Referral,Tier 1,7.0,6714.76,959.2514285714286,16.0,1.2727272727272727,10423.6,10762.294537437949,Medium
CUST02867,Paid Ads,Tier 2,13.0,11017.11,847.47,29.0,1.2786885245901638,11034.4,10762.24557992843,Medium
CUST00341,Paid Ads,Tier 1,11.0,9278.28,843.48,39.0,1.976047904191617,11673.22,10762.021267156673,Medium
CUST02046,Referral,Tier 3,13.0,11490.1,883.8538461538462,11.0,1.1926605504587156,12699.87,10761.485563066308,Medium
CUST01058,Social Media,Tier 2,9.0,10279.960000000001,1142.2177777777779,3.0,0.940766550522648,15211.45,10758.90434889346,Medium
CUST01737,Email,Tier 2,12.0,10328.54,860.7116666666667,20.0,1.245674740484429,13388.289999999999,10756.717663260228,Medium
CUST02260,Paid Ads,Tier 3,7.0,7294.959999999999,1042.1371428571426,70.0,1.2426035502958581,13844.86,10754.04687240134,Medium
CUST02228,Referral,Tier 1,8.0,7565.950000000001,945.7437500000001,36.0,1.153846153846154,15776.93,10753.956212860288,Medium
CUST02289,Social Media,Tier 3,10.0,10201.65,1020.165,35.0,1.5625,2541.38,10753.829809385099,Medium
CUST02665,Organic Search,Tier 2,13.0,13632.69,1048.6684615384615,36.0,1.4444444444444444,13006.98,10753.661107932194,Medium
CUST01834,Organic Search,Tier 1,13.0,13342.49,1026.3453846153845,19.0,1.1854103343465046,3654.08,10751.575572139029,Medium
CUST01664,Organic Search,Tier 2,11.0,12247.15,1113.3772727272726,23.0,1.2452830188679245,13780.36,10750.729183425401,Medium
CUST00130,Organic Search,Tier 3,9.0,7634.38,848.2644444444445,25.0,1.0629921259842519,13814.08,10750.076943859938,Medium
CUST00512,Social Media,Tier 3,6.0,6222.76,1037.1266666666668,43.0,1.2413793103448276,7609.1,10750.019861910156,Medium
CUST00188,Paid Ads,Tier 3,11.0,9988.52,908.0472727272728,19.0,1.4347826086956523,2276.67,10750.015663442337,Medium
CUST01052,Organic Search,Tier 2,12.0,11752.73,979.3941666666666,52.0,1.2811387900355873,0.0,10750.014759425903,Medium
CUST01353,Organic Search,Tier 1,10.0,9817.5,981.75,27.0,1.0067114093959733,13007.39,10749.097588451394,Medium
CUST00148,Social Media,Tier 1,15.0,15501.470000000001,1033.4313333333334,2.0,2.0737327188940093,8188.66,10747.294020136573,Medium
CUST00973,Social Media,Tier 2,12.0,12656.38,1054.6983333333333,26.0,1.157556270096463,3723.54,10745.820080406984,Medium
CUST02629,Social Media,Tier 2,17.0,15138.52,890.5011764705882,6.0,1.6558441558441557,8106.74,10743.744716766447,Medium
CUST00805,Referral,Tier 2,6.0,5830.79,971.7983333333333,20.0,0.967741935483871,10406.27,10742.380273163757,Medium
CUST01330,Paid Ads,Tier 2,9.0,8385.14,931.6822222222222,24.0,1.3300492610837438,17873.55,10740.46226376606,Medium
CUST00863,Email,Tier 3,12.0,10564.37,880.3641666666667,17.0,1.6289592760180995,11157.92,10739.169526795517,Medium
CUST02851,Paid Ads,Tier 2,9.0,9006.96,1000.7733333333332,9.0,1.088709677419355,3658.7299999999996,10736.0785751305,Medium
CUST01155,Paid Ads,Tier 1,6.0,6830.93,1138.4883333333335,6.0,0.8653846153846154,11517.58,10735.890352839255,Medium
CUST02983,Social Media,Tier 1,9.0,8535.6,948.4000000000001,2.0,1.4361702127659575,6225.08,10734.097479690538,Medium
CUST00008,Organic Search,Tier 2,17.0,22334.42,1313.7894117647058,25.0,2.0481927710843375,46423.99,10732.7460793969,Medium
CUST01354,Referral,Tier 2,9.0,8465.0,940.5555555555555,2.0,0.8766233766233766,9505.19,10732.666699937501,Medium
CUST00164,Paid Ads,Tier 1,10.0,9946.04,994.604,15.0,1.5873015873015872,11840.7,10732.438787649708,Medium
CUST00779,Organic Search,Tier 3,7.0,6949.7699999999995,992.8242857142857,33.0,0.9051724137931035,11493.64,10731.945763193584,Medium
CUST01591,Paid Ads,Tier 1,10.0,10938.37,1093.837,23.0,1.1583011583011582,10534.69,10730.454683365411,Medium
CUST02635,Social Media,Tier 1,10.0,9444.880000000001,944.488,25.0,0.9740259740259739,9129.63,10728.729959449798,Medium
CUST00232,Paid Ads,Tier 2,18.0,16367.4,909.3,10.0,1.7532467532467533,8609.4,10728.289113965107,Medium
CUST02160,Paid Ads,Tier 2,10.0,11072.44,1107.2440000000001,12.0,1.1194029850746268,5950.76,10726.792856805261,Medium
CUST00551,Social Media,Tier 2,16.0,15709.1,981.81875,10.0,1.9753086419753088,15179.86,10726.76665507757,Medium
CUST00363,Paid Ads,Tier 1,11.0,10876.54,988.7763636363637,5.0,1.8032786885245902,7760.9,10725.195683938104,Medium
CUST02388,Referral,Tier 1,15.0,16202.34,1080.156,28.0,2.132701421800948,12838.29,10720.881213414144,Medium
CUST02899,Paid Ads,Tier 2,13.0,13516.42,1039.7246153846154,75.0,1.2786885245901638,16042.16,10720.822474043729,Medium
CUST01038,Organic Search,Tier 2,10.0,9655.220000000001,965.5220000000002,39.0,0.99009900990099,14364.79,10719.885267839847,Medium
CUST02262,Email,Tier 3,6.0,5474.95,912.4916666666667,11.0,0.9782608695652174,6758.58,10719.687246721749,Medium
CUST00753,Paid Ads,Tier 3,9.0,8966.65,996.2944444444444,16.0,1.8881118881118883,10294.45,10719.255437760752,Medium
CUST02688,Referral,Tier 1,10.0,8579.4,857.9399999999999,28.0,1.3215859030837005,15206.12,10718.384908818707,Medium
CUST01374,Email,Tier 3,12.0,9519.02,793.2516666666667,11.0,1.2244897959183672,13364.09,10712.976050538238,Medium
CUST00757,Paid Ads,Tier 2,10.0,10086.51,1008.6510000000001,33.0,1.1152416356877324,14577.82,10712.668892092703,Medium
CUST00351,Social Media,Tier 1,10.0,10108.11,1010.811,27.0,1.3100436681222707,11813.87,10712.300638758961,Medium
CUST01064,Email,Tier 1,17.0,15372.38,904.2576470588235,3.0,2.0078740157480315,9681.59,10711.74918431485,Medium
CUST01785,Email,Tier 1,11.0,11065.460000000001,1005.9509090909091,74.0,1.6176470588235294,15516.31,10710.94430965278,Medium
CUST00316,Referral,Tier 1,6.0,6215.87,1035.9783333333332,5.0,1.0169491525423728,8030.57,10710.476824243198,Medium
CUST00700,Email,Tier 1,7.0,7512.08,1073.1542857142856,49.0,1.153846153846154,12333.83,10709.75253075798,Medium
CUST01377,Paid Ads,Tier 2,9.0,9226.0,1025.111111111111,12.0,1.1440677966101696,4229.280000000001,10709.502485116094,Medium
CUST00082,Social Media,Tier 1,10.0,8753.64,875.3639999999999,17.0,0.9202453987730062,3307.6,10707.08258589247,Medium
CUST02981,Email,Tier 1,16.0,16345.13,1021.570625,76.0,1.4457831325301205,13344.94,10706.003025360136,Medium
CUST02487,Social Media,Tier 3,12.0,11681.06,973.4216666666666,28.0,1.978021978021978,11747.08,10704.2462609943,Medium
CUST00215,Organic Search,Tier 2,12.0,11989.88,999.1566666666666,20.0,1.0526315789473684,8437.24,10704.086063995586,Medium
CUST00852,Social Media,Tier 1,12.0,11837.67,986.4725,40.0,1.0169491525423728,5919.05,10702.564932103369,Medium
CUST01316,Organic Search,Tier 2,11.0,12439.57,1130.87,11.0,1.5137614678899083,6762.33,10699.589168477769,Medium
CUST02098,Email,Tier 1,16.0,14260.81,891.300625,9.0,1.7712177121771218,7904.51,10699.384425529563,Medium
CUST00561,Paid Ads,Tier 2,12.0,12292.28,1024.3566666666668,28.0,1.4516129032258065,18006.14,10699.111442200485,Medium
CUST00571,Referral,Tier 1,12.0,11582.42,965.2016666666667,23.0,1.5859030837004406,7891.45,10698.084035285156,Medium
CUST02226,Organic Search,Tier 2,17.0,16115.61,947.9770588235294,68.0,1.608832807570978,11255.84,10697.935435497695,Medium
CUST01219,Organic Search,Tier 2,9.0,9285.03,1031.67,33.0,0.9782608695652174,18488.190000000002,10696.367611423193,Medium
CUST00143,Organic Search,Tier 1,13.0,13648.55,1049.8884615384616,53.0,1.0985915492957747,11800.14,10696.1671087047,Medium
CUST02153,Social Media,Tier 2,5.0,5219.4400000000005,1043.8880000000001,30.0,0.7246376811594203,14071.78,10691.212637196093,Medium
CUST02495,Organic Search,Tier 1,7.0,7135.16,1019.3085714285714,39.0,1.135135135135135,9943.16,10691.153069547352,Medium
CUST02145,Social Media,Tier 1,9.0,8216.53,912.9477777777779,15.0,1.1065573770491803,10607.43,10690.210603939993,Medium
CUST02199,Referral,Tier 2,10.0,8462.55,846.2549999999999,65.0,1.9736842105263157,15090.93,10687.720014024168,Medium
CUST02985,Referral,Tier 2,13.0,10436.630000000001,802.8176923076924,1.0,1.5853658536585367,11246.33,10687.230270852917,Medium
CUST01864,Paid Ads,Tier 1,10.0,8789.31,878.9309999999999,30.0,1.171875,12432.69,10686.309739711636,Medium
CUST01471,Email,Tier 1,9.0,8818.13,979.7922222222221,10.0,1.588235294117647,8091.41,10683.660857739085,Medium
CUST01734,Email,Tier 1,5.0,4367.68,873.5360000000001,15.0,0.7317073170731707,11756.53,10681.367262457548,Medium
CUST02094,Paid Ads,Tier 2,6.0,6403.24,1067.2066666666667,24.0,1.0344827586206897,9297.71,10680.595171434717,Medium
CUST02571,Email,Tier 1,8.0,7629.35,953.66875,35.0,0.9448818897637795,10509.16,10679.320980759045,Medium
CUST02832,Social Media,Tier 1,16.0,12961.44,810.09,1.0,1.9433198380566803,17295.4,10678.19660417406,Medium
CUST02203,Paid Ads,Tier 1,13.0,10734.91,825.7623076923077,3.0,1.6738197424892705,11288.41,10676.802503224724,Medium
CUST00222,Paid Ads,Tier 3,9.0,9879.06,1097.6733333333332,24.0,1.25,15486.08,10675.254850813146,Medium
CUST00350,Email,Tier 3,10.0,9580.54,958.0540000000001,78.0,1.3513513513513513,13161.21,10674.4419251011,Medium
CUST01151,Email,Tier 2,11.0,11347.95,1031.6318181818183,37.0,0.9565217391304347,7950.49,10673.073410230656,Medium
CUST01255,Referral,Tier 1,14.0,13478.550000000001,962.7535714285715,44.0,1.443298969072165,13938.0,10672.272232109592,Medium
CUST00858,Organic Search,Tier 2,7.0,7273.21,1039.03,38.0,0.8171206225680934,15890.619999999999,10669.730587428649,Medium
CUST02016,Organic Search,Tier 1,11.0,11717.57,1065.2336363636364,16.0,1.4864864864864864,14494.42,10667.82874268486,Medium
CUST02535,Organic Search,Tier 1,5.0,4545.59,909.118,27.0,1.3043478260869565,15467.83,10666.491651683697,Medium
CUST02373,Email,Tier 1,5.0,5646.68,1129.336,37.0,0.7075471698113208,16020.81,10664.079902604364,Medium
CUST01702,Paid Ads,Tier 1,10.0,9051.03,905.1030000000001,41.0,0.9146341463414633,10457.39,10661.768085532702,Medium
CUST00985,Social Media,Tier 2,7.0,6256.49,893.7842857142857,5.0,1.141304347826087,5919.39,10660.79908179616,Medium
CUST00793,Referral,Tier 1,7.0,7229.24,1032.7485714285715,40.0,1.1290322580645162,8977.58,10659.36408314592,Medium
CUST01616,Paid Ads,Tier 2,8.0,8760.0,1095.0,30.0,0.9448818897637795,11795.72,10657.4015242032,Medium
CUST01271,Organic Search,Tier 1,13.0,13152.22,1011.7092307692308,2.0,1.6595744680851063,16487.22,10657.253173771467,Medium
CUST00987,Organic Search,Tier 3,5.0,4870.0,974.0,18.0,1.0204081632653061,3879.57,10652.854415353471,Medium
CUST00392,Organic Search,Tier 2,8.0,7812.73,976.59125,21.0,1.3114754098360655,11391.48,10649.767824431407,Medium
CUST02375,Social Media,Tier 2,13.0,12975.41,998.1084615384615,8.0,1.2037037037037037,12439.01,10649.130569871184,Medium
CUST02813,Organic Search,Tier 2,9.0,9462.4,1051.3777777777777,0.0,2.0610687022900764,11675.94,10647.61671253614,Medium
CUST02590,Organic Search,Tier 1,6.0,5157.360000000001,859.5600000000001,2.0,0.7758620689655172,5208.32,10645.237147500127,Medium
CUST01092,Email,Tier 2,17.0,14776.869999999999,869.2276470588234,46.0,1.4956011730205279,11797.050000000001,10643.859630094723,Medium
CUST02340,Email,Tier 1,12.0,9632.29,802.6908333333334,13.0,1.3953488372093024,11706.57,10642.063583050083,Medium
CUST00544,Organic Search,Tier 2,10.0,10380.86,1038.086,2.0,1.5228426395939085,10649.42,10641.847878892751,Medium
CUST01533,Email,Tier 2,9.0,8539.24,948.8044444444445,37.0,1.3043478260869565,768.94,10641.031841302944,Medium
CUST01143,Social Media,Tier 3,19.0,17621.64,927.4547368421053,6.0,1.9860627177700347,10682.029999999999,10640.543825892511,Medium
CUST02485,Organic Search,Tier 1,12.0,13090.78,1090.8983333333333,3.0,1.3333333333333335,4800.82,10640.219640398653,Medium
CUST02127,Organic Search,Tier 1,7.0,7747.53,1106.79,10.0,1.206896551724138,5829.49,10636.48493817628,Medium
CUST01771,Social Media,Tier 1,10.0,8388.3,838.8299999999999,5.0,1.4851485148514851,18797.53,10631.3135674502,Medium
CUST01176,Organic Search,Tier 1,11.0,10917.92,992.5381818181818,33.0,1.5942028985507246,9778.68,10631.305006084947,Medium
CUST00832,Organic Search,Tier 2,10.0,9020.01,902.001,35.0,0.9404388714733541,11468.85,10630.931971254122,Medium
CUST00674,Organic Search,Tier 2,10.0,8534.36,853.436,15.0,1.1029411764705883,11389.93,10629.061544613105,Medium
CUST01390,Social Media,Tier 1,4.0,3415.26,853.815,8.0,1.0909090909090908,13054.84,10626.221507544096,Medium
CUST02353,Organic Search,Tier 2,9.0,8917.58,990.8422222222222,29.0,1.1842105263157894,11841.19,10625.340152729004,Medium
CUST01490,Email,Tier 3,6.0,5292.61,882.1016666666666,18.0,1.0,0.0,10625.006431335107,Medium
CUST00212,Social Media,Tier 1,13.0,12767.210000000001,982.093076923077,5.0,1.4028776978417266,5299.15,10624.618022131135,Medium
CUST01718,Paid Ads,Tier 2,8.0,8853.599999999999,1106.6999999999998,34.0,1.4285714285714284,13970.84,10623.414562476952,Medium
CUST00803,Social Media,Tier 1,11.0,12081.15,1098.2863636363636,4.0,1.5348837209302326,13279.119999999999,10620.96895165454,Medium
CUST00162,Social Media,Tier 2,17.0,15215.72,895.0423529411764,7.0,1.536144578313253,9112.92,10620.750616806241,Medium
CUST00098,Organic Search,Tier 2,9.0,9768.78,1085.42,28.0,1.0843373493975903,0.0,10618.488959390445,Medium
CUST00952,Paid Ads,Tier 1,17.0,15120.95,889.4676470588236,16.0,2.286995515695067,12887.23,10614.926619710297,Medium
CUST00744,Paid Ads,Tier 3,18.0,17233.420000000002,957.4122222222223,13.0,2.621359223300971,10493.72,10612.050496416128,Medium
CUST01332,Referral,Tier 1,13.0,14090.15,1083.8576923076923,17.0,2.142857142857143,10956.26,10611.21823235067,Medium
CUST00426,Paid Ads,Tier 1,7.0,5117.5,731.0714285714286,2.0,1.0447761194029852,18055.51,10608.190122344186,Medium
CUST01946,Paid Ads,Tier 1,6.0,6503.29,1083.8816666666667,13.0,0.6474820143884893,14413.94,10608.095050518146,Medium
CUST01148,Paid Ads,Tier 3,10.0,12484.81,1248.481,4.0,0.8695652173913043,9684.34,10606.882868664821,Medium
CUST00511,Organic Search,Tier 2,8.0,9250.86,1156.3575,5.0,0.7741935483870968,8752.79,10604.897337142218,Medium
CUST02974,Paid Ads,Tier 2,9.0,6541.5,726.8333333333334,25.0,0.989010989010989,12378.9,10603.624943896499,Medium
CUST01065,Paid Ads,Tier 3,17.0,17045.95,1002.7029411764706,35.0,1.4912280701754386,12120.7,10598.489709937594,Medium
CUST02628,Paid Ads,Tier 2,10.0,10311.47,1031.147,3.0,1.0714285714285714,6610.41,10593.81926937038,Medium
CUST01595,Organic Search,Tier 2,10.0,9978.21,997.8209999999999,18.0,0.9345794392523364,3721.85,10589.87733851176,Medium
CUST01842,Social Media,Tier 3,12.0,12298.58,1024.8816666666667,10.0,1.5859030837004406,14088.32,10589.161670440073,Medium
CUST01626,Paid Ads,Tier 1,13.0,12791.1,983.9307692307692,7.0,1.1926605504587156,0.0,10588.358585177672,Medium
CUST01588,Organic Search,Tier 3,10.0,7903.4,790.3399999999999,2.0,1.2295081967213113,12178.09,10583.780059611034,Medium
CUST00239,Organic Search,Tier 1,12.0,10817.76,901.48,28.0,1.6143497757847534,9270.27,10580.582424589733,Medium
CUST00864,Paid Ads,Tier 2,7.0,6637.18,948.1685714285715,26.0,0.9502262443438914,8371.11,10580.211210580463,Medium
CUST00977,Social Media,Tier 2,13.0,14851.27,1142.4053846153847,14.0,1.2460063897763578,11747.14,10580.028130803885,Medium
CUST02178,Organic Search,Tier 1,8.0,7925.58,990.6975,36.0,0.9411764705882353,0.0,10579.30337742728,Medium
CUST00456,Organic Search,Tier 1,12.0,12477.75,1039.8125,24.0,1.6822429906542056,7326.93,10578.414276308427,Medium
CUST01252,Email,Tier 3,19.0,18928.54,996.2389473684211,11.0,1.9387755102040818,16350.7,10577.349412209609,Medium
CUST00967,Organic Search,Tier 2,3.0,2756.4700000000003,918.8233333333334,75.0,0.5263157894736842,13509.24,10573.268073727244,Medium
CUST02463,Organic Search,Tier 1,8.0,8564.1,1070.5125,34.0,1.0810810810810811,10161.84,10572.30915955848,Medium
CUST01918,Social Media,Tier 2,10.0,9756.8,975.68,41.0,0.8356545961002785,9988.5,10571.718100453874,Medium
CUST00553,Paid Ads,Tier 2,13.0,10806.33,831.2561538461539,3.0,1.2786885245901638,10744.1,10570.428954234661,Medium
CUST00205,Paid Ads,Tier 1,6.0,6326.37,1054.395,41.0,0.8780487804878049,8952.41,10567.300514121558,Medium
CUST01546,Organic Search,Tier 1,13.0,10979.18,844.5523076923077,6.0,2.154696132596685,8749.5,10563.281393456087,Medium
CUST00648,Organic Search,Tier 1,11.0,11101.21,1009.200909090909,37.0,1.4864864864864864,6324.87,10557.651666332662,Medium
CUST00521,Social Media,Tier 2,11.0,10488.16,953.4690909090909,24.0,1.1870503597122302,7034.17,10553.692035236907,Medium
CUST01714,Email,Tier 3,10.0,8045.62,804.562,6.0,1.0600706713780919,10420.62,10553.351383808256,Medium
CUST01507,Social Media,Tier 3,9.0,8497.88,944.2088888888889,44.0,1.4754098360655736,10048.45,10552.203005086485,Medium
CUST02913,Email,Tier 2,15.0,15547.22,1036.4813333333334,37.0,1.6917293233082706,7496.21,10552.001123525635,Medium
CUST00218,Organic Search,Tier 1,16.0,14222.289999999999,888.8931249999999,32.0,1.7391304347826086,11680.98,10550.39420651496,Medium
CUST00957,Paid Ads,Tier 1,12.0,14436.35,1203.0291666666667,19.0,1.45748987854251,9225.76,10544.470275188167,Medium
CUST02274,Email,Tier 1,9.0,8767.1,974.1222222222223,48.0,1.3775510204081634,15002.17,10544.154278338681,Medium
CUST02060,Referral,Tier 1,7.0,6253.25,893.3214285714286,26.0,1.1290322580645162,15313.34,10543.864154705288,Medium
CUST01180,Organic Search,Tier 2,9.0,7966.59,885.1766666666667,16.0,1.0465116279069768,15335.19,10542.580006960872,Medium
CUST01344,Organic Search,Tier 1,9.0,7671.71,852.4122222222222,32.0,0.9152542372881356,6829.08,10541.022128036435,Medium
CUST00613,Paid Ads,Tier 1,4.0,3925.66,981.415,14.0,0.5240174672489083,8696.02,10537.485719700242,Medium
CUST02562,Email,Tier 1,11.0,10477.88,952.5345454545454,24.0,1.6666666666666665,9379.01,10536.800338957883,Medium
CUST00979,Referral,Tier 2,11.0,9306.93,846.0845454545455,33.0,1.4285714285714284,17808.760000000002,10536.267153580351,Medium
CUST00650,Social Media,Tier 2,15.0,16429.0,1095.2666666666667,23.0,1.7786561264822134,10403.81,10534.543230504309,Medium
CUST02694,Paid Ads,Tier 2,12.0,13076.029999999999,1089.6691666666666,12.0,1.3846153846153846,13376.05,10534.065839392966,Medium
CUST01173,Email,Tier 1,8.0,7997.92,999.74,46.0,1.0434782608695652,8118.78,10531.73576806555,Medium
CUST02904,Organic Search,Tier 2,11.0,9464.4,860.4,32.0,1.0714285714285714,7466.4,10528.189929635697,Medium
CUST01850,Email,Tier 1,11.0,13363.31,1214.8463636363635,12.0,1.6417910447761195,14740.91,10522.674961050556,Medium
CUST01154,Social Media,Tier 1,15.0,14000.81,933.3873333333333,25.0,1.4705882352941175,0.0,10521.92577123023,Medium
CUST02993,Social Media,Tier 3,5.0,4949.8099999999995,989.9619999999999,39.0,0.6976744186046512,12480.76,10520.917621198178,Medium
CUST02302,Organic Search,Tier 1,8.0,8967.59,1120.94875,43.0,0.7547169811320755,18190.45,10520.576542359873,Medium
CUST02546,Social Media,Tier 2,18.0,17885.09,993.6161111111111,4.0,2.5961538461538463,9583.23,10519.752729010946,Medium
CUST02439,Social Media,Tier 1,14.0,15237.11,1088.365,26.0,1.2209302325581397,7535.19,10519.26115070525,Medium
CUST02514,Organic Search,Tier 1,17.0,16133.779999999999,949.0458823529411,45.0,1.9615384615384617,12403.3,10517.230227243954,Medium
CUST01660,Paid Ads,Tier 2,11.0,10696.28,972.389090909091,32.0,1.25,12360.73,10515.157601747842,Medium
CUST00213,Email,Tier 2,20.0,15849.67,792.4835,19.0,1.8404907975460123,15209.63,10512.07953497878,Medium
CUST02649,Paid Ads,Tier 2,17.0,16147.96,949.88,45.0,1.4912280701754386,18204.31,10512.054475079232,Medium
CUST01811,Organic Search,Tier 2,9.0,9381.39,1042.3766666666666,7.0,1.2272727272727273,10196.68,10503.661000480593,Medium
CUST01727,Paid Ads,Tier 3,16.0,16403.61,1025.225625,11.0,1.458966565349544,7028.15,10497.936060206539,Medium
CUST00660,Social Media,Tier 1,6.0,4680.76,780.1266666666667,5.0,0.9574468085106382,18695.31,10495.239367192635,Medium
CUST02364,Organic Search,Tier 1,14.0,11511.31,822.2364285714285,1.0,1.5441176470588234,12000.35,10494.355097973727,Medium
CUST00663,Referral,Tier 3,6.0,4810.07,801.6783333333333,51.0,0.9944751381215469,15979.5,10494.179436943718,Medium
CUST02989,Organic Search,Tier 3,13.0,10136.18,779.7061538461538,23.0,1.5599999999999998,8711.73,10493.683696660895,Medium
CUST00497,Social Media,Tier 3,10.0,8634.02,863.402,49.0,1.0600706713780919,15103.42,10491.309516908135,Medium
CUST01300,Paid Ads,Tier 1,13.0,13968.72,1074.516923076923,23.0,1.2580645161290323,22588.4,10490.001646956933,Medium
CUST01000,Paid Ads,Tier 2,9.0,8656.75,961.8611111111111,35.0,1.4210526315789473,6722.95,10488.179745399835,Medium
CUST01345,Organic Search,Tier 3,6.0,6693.98,1115.6633333333332,10.0,1.139240506329114,8186.74,10486.279333288798,Medium
CUST02322,Organic Search,Tier 2,12.0,13272.59,1106.0491666666667,28.0,1.935483870967742,16299.35,10484.408206293154,Medium
CUST00592,Organic Search,Tier 2,7.0,6239.89,891.4128571428572,36.0,1.05,5120.4400000000005,10483.199366759638,Medium
CUST02947,Organic Search,Tier 3,9.0,7446.530000000001,827.3922222222222,27.0,1.0505836575875487,15299.7,10478.269220529197,Medium
CUST02355,Referral,Tier 2,12.0,12215.33,1017.9441666666667,5.0,1.7142857142857142,8426.74,10478.134659450167,Medium
CUST02346,Organic Search,Tier 1,15.0,15742.32,1049.488,2.0,1.859504132231405,3111.4300000000003,10477.942018865991,Medium
CUST00940,Organic Search,Tier 1,13.0,10806.08,831.2369230769231,3.0,1.1890243902439024,10796.41,10476.237368320251,Medium
CUST01205,Organic Search,Tier 1,17.0,18052.89,1061.934705882353,1.0,2.0238095238095237,9534.09,10475.295790508848,Medium
CUST02938,Organic Search,Tier 1,7.0,5876.94,839.5628571428571,10.0,0.8076923076923077,16631.16,10472.685987647976,Medium
CUST01041,Organic Search,Tier 1,7.0,6301.55,900.2214285714286,35.0,0.9012875536480687,10828.470000000001,10470.485328291305,Medium
CUST00453,Organic Search,Tier 2,12.0,11756.89,979.7408333333333,12.0,1.978021978021978,12516.32,10469.966809232605,Medium
CUST01474,Email,Tier 3,8.0,9085.35,1135.66875,48.0,1.00418410041841,11376.29,10467.994467444409,Medium
CUST01364,Social Media,Tier 2,7.0,6182.22,883.1742857142857,26.0,0.7046979865771812,5030.05,10463.486795405568,Medium
CUST00415,Organic Search,Tier 2,6.0,6597.18,1099.53,3.0,1.6981132075471699,7616.29,10462.243697698113,Medium
CUST02795,Social Media,Tier 1,20.0,15822.27,791.1135,6.0,1.7804154302670623,9971.22,10458.83145198426,Medium
CUST02379,Organic Search,Tier 1,9.0,7950.42,883.38,44.0,1.3106796116504855,11206.12,10457.171965091853,Medium
CUST02052,Social Media,Tier 1,5.0,6293.0199999999995,1258.6039999999998,50.0,0.8771929824561403,6212.01,10456.022376966574,Medium
CUST01825,Paid Ads,Tier 2,8.0,7809.69,976.21125,38.0,0.9523809523809523,9252.7,10454.817447835914,Medium
CUST00980,Social Media,Tier 1,7.0,6530.09,932.87,63.0,1.2352941176470589,11327.15,10453.75528722473,Medium
CUST02007,Referral,Tier 3,11.0,10522.84,956.6218181818182,80.0,0.990990990990991,10746.67,10452.590017897437,Medium
CUST00994,Social Media,Tier 1,13.0,14696.2,1130.4769230769232,7.0,1.1926605504587156,9540.460000000001,10451.814159239224,Medium
CUST01021,Referral,Tier 1,7.0,7136.92,1019.5600000000001,45.0,1.0994764397905759,7554.709999999999,10451.717019145657,Medium
CUST00534,Paid Ads,Tier 2,10.0,11382.91,1138.291,9.0,1.4563106796116505,12058.16,10450.290706570679,Medium
CUST01002,Referral,Tier 1,20.0,19343.93,967.1965,3.0,1.7241379310344827,8277.5,10449.863330142187,Medium
CUST00157,Organic Search,Tier 2,5.0,5745.57,1149.114,5.0,0.8823529411764706,7797.39,10448.151121417832,Medium
CUST02365,Paid Ads,Tier 1,8.0,8326.95,1040.86875,53.0,1.0434782608695652,10521.69,10445.028471507063,Medium
CUST02636,Social Media,Tier 1,7.0,6014.21,859.1728571428572,50.0,0.6441717791411044,11261.58,10434.703973844782,Medium
CUST02371,Organic Search,Tier 1,16.0,16147.32,1009.2075,3.0,1.3675213675213675,10038.73,10434.073407657248,Medium
CUST00817,Email,Tier 1,15.0,14932.42,995.4946666666667,25.0,1.5789473684210527,2265.0,10433.84459073702,Medium
CUST00780,Paid Ads,Tier 2,8.0,7513.32,939.165,14.0,1.83206106870229,10834.119999999999,10431.745355933095,Medium
CUST02769,Paid Ads,Tier 1,11.0,11261.42,1023.7654545454545,68.0,1.166077738515901,13973.43,10431.550299501312,Medium
CUST00734,Paid Ads,Tier 3,13.0,12676.86,975.1430769230769,7.0,1.6049382716049383,1896.27,10426.207472407752,Medium
CUST00233,Social Media,Tier 2,8.0,8864.26,1108.0325,11.0,1.0526315789473684,3462.5299999999997,10424.293045709952,Medium
CUST01538,Social Media,Tier 2,10.0,10361.43,1036.143,26.0,1.3953488372093024,9962.58,10423.462597780357,Medium
CUST02117,Organic Search,Tier 1,7.0,6949.12,992.7314285714285,9.0,1.024390243902439,20117.96,10418.129340053869,Medium
CUST00186,Paid Ads,Tier 2,7.0,6178.39,882.6271428571429,24.0,1.0552763819095476,6250.76,10412.108156387012,Medium
CUST00636,Email,Tier 2,8.0,7405.86,925.7325,63.0,1.1483253588516746,14946.06,10411.438178728065,Medium
CUST02294,Organic Search,Tier 1,12.0,12176.86,1014.7383333333333,20.0,1.142857142857143,8910.81,10410.72271091547,Medium
CUST02313,Organic Search,Tier 2,9.0,8340.72,926.7466666666666,31.0,1.3775510204081634,0.0,10406.479365173827,Medium
CUST02393,Social Media,Tier 2,8.0,7040.59,880.07375,48.0,0.712166172106825,11274.23,10405.686082394239,Medium
CUST01480,Email,Tier 1,10.0,8373.59,837.359,51.0,0.9615384615384615,17213.69,10403.375131326306,Medium
CUST01790,Organic Search,Tier 2,15.0,16118.92,1074.5946666666666,38.0,1.25,6720.79,10402.367374407491,Medium
CUST01046,Social Media,Tier 2,12.0,8550.93,712.5775,14.0,1.2328767123287672,16438.81,10402.155925627952,Medium
CUST00189,Paid Ads,Tier 1,13.0,10784.47,829.5746153846153,33.0,1.8224299065420562,9038.89,10400.415708410557,Medium
CUST01235,Organic Search,Tier 2,9.0,10291.24,1143.471111111111,31.0,1.134453781512605,8490.9,10400.136575270797,Medium
CUST02015,Paid Ads,Tier 2,8.0,7089.7,886.2125,42.0,1.4285714285714284,7018.64,10399.76904479347,Medium
CUST00659,Paid Ads,Tier 2,4.0,4104.15,1026.0375,12.0,0.9302325581395349,7853.1,10398.636319068493,Medium
CUST02062,Paid Ads,Tier 2,12.0,9927.11,827.2591666666667,9.0,1.2949640287769786,5209.65,10392.031062075012,Medium
CUST02905,Paid Ads,Tier 2,4.0,3779.29,944.8225,48.0,0.8,7213.42,10389.395598390893,Medium
CUST01187,Organic Search,Tier 1,15.0,15134.66,1008.9773333333334,10.0,1.8072289156626506,2629.32,10389.107987318614,Medium
CUST01901,Paid Ads,Tier 1,8.0,8395.79,1049.47375,18.0,1.1764705882352942,8161.25,10388.935057926235,Medium
CUST01802,Social Media,Tier 1,17.0,18089.96,1064.115294117647,27.0,1.457142857142857,0.0,10383.521034530802,Medium
CUST02368,Organic Search,Tier 1,9.0,8717.28,968.5866666666667,54.0,1.40625,0.0,10383.179288072004,Medium
CUST00741,Organic Search,Tier 1,6.0,6972.95,1162.1583333333333,13.0,0.9782608695652174,11724.05,10382.959471256992,Medium
CUST01934,Organic Search,Tier 3,11.0,9861.27,896.4790909090909,48.0,1.1262798634812288,2005.96,10375.351984090003,Medium
CUST02531,Social Media,Tier 2,7.0,5852.21,836.03,9.0,0.875,12920.64,10372.958984268318,Medium
CUST01700,Organic Search,Tier 2,5.0,5161.360000000001,1032.2720000000002,6.0,1.4018691588785046,10501.1,10366.373129939539,Medium
CUST01397,Organic Search,Tier 3,9.0,9077.07,1008.5633333333333,1.0,1.115702479338843,0.0,10365.685467602743,Medium
CUST02745,Paid Ads,Tier 2,11.0,9266.38,842.3981818181818,26.0,1.4224137931034482,2008.17,10363.12979988819,Medium
CUST00692,Referral,Tier 1,8.0,6454.599999999999,806.8249999999999,14.0,1.00418410041841,7297.46,10361.301656450281,Medium
CUST00758,Paid Ads,Tier 1,9.0,8093.02,899.2244444444445,33.0,0.7848837209302326,3896.68,10360.957108346725,Medium
CUST02712,Organic Search,Tier 2,8.0,8064.87,1008.10875,14.0,1.2121212121212122,15511.33,10360.832731411196,Medium
CUST02798,Organic Search,Tier 2,6.0,4923.77,820.6283333333334,1.0,1.4754098360655736,7269.87,10358.35574422051,Medium
CUST01488,Email,Tier 2,8.0,9965.18,1245.6475,1.0,1.5584415584415585,7259.28,10358.053000848668,Medium
CUST00104,Paid Ads,Tier 3,9.0,6671.61,741.29,44.0,0.888157894736842,11946.19,10357.027250602137,Medium
CUST02133,Referral,Tier 1,7.0,6932.22,990.3171428571429,30.0,0.7553956834532374,6740.15,10353.283193722478,Medium
CUST00076,Organic Search,Tier 2,7.0,7283.07,1040.4385714285713,40.0,1.1731843575418994,13973.630000000001,10353.05637319495,Medium
CUST01751,Paid Ads,Tier 1,8.0,6848.68,856.085,18.0,1.2244897959183672,10856.44,10348.1189752946,Medium
CUST02496,Email,Tier 2,8.0,6898.75,862.34375,48.0,1.2,8095.370000000001,10345.071213725234,Medium
CUST01552,Email,Tier 1,5.0,5501.04,1100.208,48.0,0.576923076923077,8292.17,10342.990153210241,Medium
CUST01007,Paid Ads,Tier 2,9.0,7464.719999999999,829.4133333333333,3.0,1.7532467532467533,4648.2699999999995,10342.00764447563,Medium
CUST01557,Referral,Tier 2,14.0,11542.23,824.4449999999999,13.0,1.2138728323699421,7673.41,10340.643704372675,Medium
CUST00171,Email,Tier 2,17.0,15185.46,893.2623529411765,44.0,1.4613180515759312,12288.27,10333.493845684005,Medium
CUST01286,Organic Search,Tier 2,7.0,5883.88,840.5542857142857,4.0,0.8786610878661087,6899.49,10329.003808377453,Medium
CUST02167,Paid Ads,Tier 1,9.0,7152.22,794.6911111111111,26.0,1.1688311688311688,0.0,10328.521538705065,Medium
CUST02944,Social Media,Tier 3,20.0,19040.82,952.0409999999999,18.0,2.3529411764705883,10222.49,10325.43954002798,Medium
CUST02669,Email,Tier 1,8.0,8255.02,1031.8775,7.0,0.9917355371900827,5700.43,10323.24269208936,Medium
CUST02243,Email,Tier 1,8.0,6725.400000000001,840.6750000000001,19.0,0.8791208791208791,0.0,10323.081661099071,Medium
CUST02370,Organic Search,Tier 1,8.0,8805.99,1100.74875,41.0,1.256544502617801,9295.95,10322.272179796233,Medium
CUST00788,Social Media,Tier 3,6.0,5877.4400000000005,979.5733333333334,31.0,1.0526315789473684,11522.8,10321.69691431488,Medium
CUST01307,Email,Tier 2,4.0,4397.24,1099.31,48.0,0.6936416184971098,8507.35,10321.107795639951,Medium
CUST00687,Organic Search,Tier 2,18.0,16889.84,938.3244444444445,24.0,1.6023738872403561,9581.51,10317.672549397372,Medium
CUST01767,Organic Search,Tier 1,9.0,8995.400000000001,999.488888888889,79.0,1.2217194570135748,17272.42,10316.582274438057,Medium
CUST00549,Organic Search,Tier 1,10.0,9613.72,961.372,74.0,1.1320754716981132,12690.47,10311.398440866456,Medium
CUST01399,Organic Search,Tier 1,16.0,16027.61,1001.725625,6.0,1.7647058823529411,1933.33,10307.266454932285,Medium
CUST02767,Social Media,Tier 2,11.0,12798.54,1163.5036363636364,12.0,1.0679611650485437,19341.48,10302.208890293497,Medium
CUST01567,Social Media,Tier 2,10.0,10428.75,1042.875,1.0,2.290076335877863,9724.1,10296.317730049359,Medium
CUST02264,Organic Search,Tier 1,10.0,8339.27,833.927,6.0,1.3953488372093024,4101.53,10290.994759966396,Medium
CUST02697,Paid Ads,Tier 1,5.0,4136.99,827.3979999999999,47.0,0.9740259740259739,10112.22,10286.427169729022,Medium
CUST00915,Social Media,Tier 1,10.0,8037.450000000001,803.7450000000001,18.0,1.1363636363636365,10777.73,10274.778751951319,Medium
CUST02347,Paid Ads,Tier 1,7.0,5087.76,726.8228571428572,1.0,0.726643598615917,13015.78,10270.304284971517,Medium
CUST00628,Organic Search,Tier 3,9.0,9859.15,1095.461111111111,53.0,0.9747292418772562,0.0,10269.067113611489,Medium
CUST01957,Paid Ads,Tier 2,6.0,5348.08,891.3466666666667,4.0,0.728744939271255,3191.8100000000004,10265.639248161724,Medium
CUST02515,Organic Search,Tier 1,10.0,7980.16,798.016,8.0,1.1494252873563218,11805.45,10258.09659944729,Medium
CUST01175,Organic Search,Tier 1,8.0,7168.81,896.10125,58.0,0.8080808080808081,13663.890000000001,10256.58555030549,Medium
CUST01657,Social Media,Tier 1,11.0,13135.55,1194.140909090909,36.0,1.2222222222222223,10693.16,10253.171918172746,Medium
CUST01190,Social Media,Tier 2,12.0,10074.619999999999,839.5516666666666,7.0,1.1501597444089455,6070.6900000000005,10248.747437934428,Medium
CUST01621,Email,Tier 3,10.0,10179.47,1017.9469999999999,11.0,1.2096774193548387,13518.2,10248.467858560914,Medium
CUST01246,Referral,Tier 1,6.0,5434.639999999999,905.7733333333332,43.0,0.8,7292.0599999999995,10247.467409930789,Medium
CUST00353,Paid Ads,Tier 3,3.0,2867.0299999999997,955.6766666666666,56.0,0.7627118644067797,9093.79,10243.68434468185,Medium
CUST02831,Paid Ads,Tier 2,16.0,15272.53,954.533125,27.0,1.5789473684210527,4891.59,10241.60172311366,Medium
CUST01895,Organic Search,Tier 2,17.0,17043.4,1002.5529411764707,8.0,1.457142857142857,9581.14,10239.38788776001,Medium
CUST00701,Organic Search,Tier 1,13.0,13002.15,1000.1653846153846,63.0,1.1142857142857143,11122.039999999999,10238.192699126179,Medium
CUST02056,Paid Ads,Tier 3,6.0,5171.22,861.87,18.0,0.7826086956521738,10628.74,10233.334307656796,Medium
CUST02406,Paid Ads,Tier 2,19.0,16948.19,892.0099999999999,3.0,2.4782608695652173,9444.43,10232.597520909685,Medium
CUST00137,Organic Search,Tier 2,11.0,8378.36,761.669090909091,17.0,1.114864864864865,9854.82,10231.926661849277,Medium
CUST02162,Paid Ads,Tier 2,12.0,10013.72,834.4766666666666,13.0,1.6216216216216217,11860.42,10230.255860392,Medium
CUST02196,Organic Search,Tier 3,7.0,5582.9400000000005,797.5628571428572,27.0,0.8433734939759036,21035.54,10228.345810517849,Medium
CUST00724,Email,Tier 1,10.0,8073.4,807.3399999999999,9.0,1.0869565217391304,10030.73,10223.143189062741,Medium
CUST00328,Social Media,Tier 2,11.0,11034.76,1003.16,52.0,1.021671826625387,7117.21,10213.151965942985,Medium
CUST02668,Referral,Tier 2,12.0,9973.35,831.1125000000001,29.0,1.4754098360655736,15225.550000000001,10213.135903504839,Medium
CUST01704,Social Media,Tier 1,10.0,10324.65,1032.465,80.0,1.0909090909090908,12316.86,10202.878322066683,Medium
CUST00778,Email,Tier 1,13.0,10735.17,825.7823076923077,62.0,1.5354330708661417,13808.25,10195.028300965305,Medium
CUST02892,Organic Search,Tier 2,13.0,10133.8,779.5230769230768,19.0,1.8840579710144927,7767.22,10193.213735979018,Medium
CUST01144,Email,Tier 3,10.0,10069.75,1006.975,73.0,0.949367088607595,10305.56,10192.690032154176,Medium
CUST00219,Paid Ads,Tier 1,17.0,13824.54,813.2082352941177,13.0,1.7832167832167831,10173.86,10190.29408684963,Medium
CUST00194,Organic Search,Tier 1,8.0,6641.599999999999,830.1999999999999,43.0,0.9411764705882353,12009.060000000001,10184.41749420605,Medium
CUST01928,Social Media,Tier 1,2.0,2209.64,1104.82,54.0,0.3045685279187817,13410.18,10181.968389854115,Medium
CUST02169,Organic Search,Tier 1,16.0,15943.86,996.49125,13.0,1.5286624203821657,5256.15,10170.324160480299,Medium
CUST01745,Organic Search,Tier 1,11.0,8281.93,752.9027272727272,15.0,1.746031746031746,8618.96,10150.623695647906,Medium
CUST02149,Paid Ads,Tier 1,18.0,15407.88,855.9933333333333,35.0,1.5835777126099708,0.0,10146.843781141424,Medium
CUST02108,Organic Search,Tier 2,13.0,16593.48,1276.4215384615384,14.0,2.3214285714285716,12971.4,10140.849884905403,Medium
CUST00311,Email,Tier 1,10.0,10277.32,1027.732,73.0,1.0830324909747293,7113.03,10140.07554179512,Medium
CUST00211,Paid Ads,Tier 3,6.0,6397.56,1066.26,57.0,0.7894736842105263,7783.820000000001,10137.82060756806,Medium
CUST02291,Social Media,Tier 2,8.0,8818.05,1102.25625,41.0,1.0909090909090908,8375.3,10132.077111545414,Medium
CUST01678,Email,Tier 1,20.0,17610.1,880.5049999999999,27.0,1.8575851393188854,7857.46,10121.28805526088,Medium
CUST01569,Paid Ads,Tier 3,9.0,8937.14,993.0155555555555,39.0,1.3043478260869565,0.0,10119.021819440637,Medium
CUST00859,Paid Ads,Tier 1,4.0,3902.8,975.7,57.0,0.9302325581395349,10925.78,10118.74568860367,Medium
CUST01584,Paid Ads,Tier 3,12.0,9888.75,824.0625,2.0,1.1180124223602486,6157.87,10118.06244943323,Medium
CUST02455,Social Media,Tier 3,8.0,7985.139999999999,998.1424999999999,59.0,0.8333333333333333,6645.88,10105.116118835509,Medium
CUST00267,Referral,Tier 3,10.0,8605.29,860.5290000000001,61.0,1.4705882352941175,7661.54,10103.567085596687,Medium
CUST00789,Email,Tier 1,5.0,4581.6,916.32,77.0,0.8241758241758241,18801.28,10095.459309756436,Medium
CUST01877,Organic Search,Tier 2,7.0,8681.82,1240.26,42.0,0.7241379310344828,15933.08,10089.563158123447,Medium
CUST02549,Paid Ads,Tier 2,7.0,8438.97,1205.5671428571427,31.0,1.0659898477157361,11554.28,10087.6516308326,Medium
CUST01892,Organic Search,Tier 2,11.0,12819.71,1165.4281818181817,3.0,2.049689440993789,9667.26,10085.580868478484,Medium
CUST02827,Social Media,Tier 3,7.0,7955.610000000001,1136.5157142857145,17.0,1.0194174757281553,9066.25,10083.092139508359,Medium
CUST02126,Organic Search,Tier 3,6.0,7016.98,1169.4966666666667,27.0,1.0169491525423728,14228.01,10079.913289104385,Medium
CUST02033,Organic Search,Tier 1,13.0,15517.5,1193.6538461538462,36.0,1.449814126394052,13475.28,10078.26056824973,Medium
CUST02266,Organic Search,Tier 3,23.0,20382.41,886.1917391304348,1.0,2.1904761904761907,8874.12,10074.318054733758,Medium
CUST01078,Paid Ads,Tier 2,4.0,3660.0,915.0,61.0,0.75,12067.56,10073.119362627,Medium
CUST01870,Organic Search,Tier 3,5.0,4020.16,804.0319999999999,12.0,1.1363636363636365,10879.130000000001,10071.725061465972,Medium
CUST01589,Social Media,Tier 3,13.0,10497.58,807.5061538461539,23.0,1.0773480662983426,8178.65,10057.87219624327,Medium
CUST02122,Paid Ads,Tier 3,8.0,9310.43,1163.80375,5.0,1.4035087719298245,4552.92,10056.18885119388,Medium
CUST00433,Paid Ads,Tier 2,24.0,21877.02,911.5425,8.0,2.2291021671826625,16073.55,10054.385742918392,Medium
CUST01315,Email,Tier 2,13.0,10202.77,784.8284615384616,39.0,1.1016949152542372,12906.41,10054.050053357589,Medium
CUST02717,Organic Search,Tier 1,12.0,9855.74,821.3116666666666,15.0,1.5319148936170213,10968.88,10049.775949153645,Medium
CUST02779,Email,Tier 1,18.0,14547.99,808.2216666666667,26.0,1.6363636363636362,10106.06,10049.547304317219,Medium
CUST00019,Email,Tier 2,8.0,6324.91,790.61375,10.0,1.1483253588516746,8177.76,10039.752019565829,Medium
CUST01360,Organic Search,Tier 2,13.0,15544.24,1195.7107692307693,40.0,1.517509727626459,4725.89,10036.321546264451,Medium
CUST02453,Email,Tier 2,10.0,8070.54,807.054,6.0,1.4492753623188406,9047.78,10029.061216888644,Medium
CUST02632,Paid Ads,Tier 3,10.0,7695.13,769.513,28.0,1.0380622837370244,15174.08,10016.145248784878,Medium
CUST02115,Organic Search,Tier 1,13.0,10612.41,816.3392307692308,1.0,1.4942528735632183,11243.3,9998.127241477343,Medium
CUST01139,Organic Search,Tier 1,15.0,15187.2,1012.48,7.0,1.3595166163141994,5068.3099999999995,9986.611162305157,Medium
CUST00462,Organic Search,Tier 2,11.0,9213.6,837.6,35.0,1.952662721893491,3524.6800000000003,9960.97555595891,Medium
CUST01590,Organic Search,Tier 2,6.0,7074.02,1179.0033333333333,7.0,1.005586592178771,1659.53,9960.37670541535,Medium
CUST00904,Paid Ads,Tier 2,8.0,10422.89,1302.86125,29.0,0.995850622406639,15691.84,9949.833927604046,Medium
CUST02179,Paid Ads,Tier 2,10.0,8227.36,822.7360000000001,9.0,1.1627906976744187,10116.93,9947.441022982255,Medium
CUST00230,Referral,Tier 1,12.0,9886.39,823.8658333333333,41.0,1.4814814814814814,8714.46,9945.280996158586,Medium
CUST00877,Referral,Tier 1,10.0,8348.03,834.8030000000001,37.0,1.4851485148514851,0.0,9940.111102565312,Medium
CUST01944,Paid Ads,Tier 2,11.0,8580.54,780.049090909091,52.0,1.3924050632911393,9812.22,9935.642351083876,Medium
CUST02030,Organic Search,Tier 3,21.0,21173.05,1008.2404761904761,2.0,1.8529411764705883,8334.55,9934.064910380363,Medium
CUST02441,Paid Ads,Tier 2,10.0,8237.97,823.7969999999999,6.0,1.0714285714285714,9034.68,9921.022003757429,Medium
CUST02979,Organic Search,Tier 1,4.0,3551.56,887.89,0.0,1.6901408450704225,16088.34,9915.79339391632,Medium
CUST02359,Social Media,Tier 1,13.0,10692.66,822.5123076923077,22.0,1.147058823529412,8190.91,9898.351353957703,Medium
CUST02520,Email,Tier 1,25.0,21694.05,867.762,20.0,2.2388059701492535,9450.14,9897.194716496606,Medium
CUST00096,Email,Tier 2,7.0,7792.17,1113.1671428571428,14.0,1.3461538461538463,0.0,9895.14726897153,Medium
CUST02874,Email,Tier 1,10.0,8230.84,823.0840000000001,4.0,0.8356545961002785,13144.34,9893.455207656269,Medium
CUST00916,Organic Search,Tier 1,4.0,5020.79,1255.1975,11.0,0.8450704225352113,7561.13,9890.445577978639,Medium
CUST02072,Organic Search,Tier 1,8.0,7640.07,955.00875,75.0,0.9266409266409267,10745.49,9879.11600250826,Medium
CUST00992,Organic Search,Tier 1,12.0,9706.94,808.9116666666667,0.0,1.5720524017467248,6173.37,9876.574513714244,Medium
CUST00279,Organic Search,Tier 1,11.0,9563.8,869.4363636363636,77.0,1.182795698924731,8411.71,9874.041231156085,Medium
CUST00627,Organic Search,Tier 2,13.0,15164.62,1166.5092307692307,76.0,1.153846153846154,12156.91,9873.690589221413,Medium
CUST01573,Social Media,Tier 3,7.0,5693.58,813.3685714285714,31.0,1.160220994475138,11972.07,9863.69544076188,Medium
CUST02165,Organic Search,Tier 2,6.0,6324.11,1054.0183333333332,62.0,1.0714285714285714,11689.25,9861.320408581743,Medium
CUST01760,Paid Ads,Tier 2,8.0,8148.74,1018.5925,57.0,1.153846153846154,1080.53,9851.88905781738,Medium
CUST01932,Paid Ads,Tier 3,7.0,8272.02,1181.717142857143,26.0,1.160220994475138,6999.9800000000005,9843.926144747174,Medium
CUST00358,Organic Search,Tier 2,10.0,7689.280000000001,768.9280000000001,22.0,1.4705882352941175,12911.44,9841.710417095863,Medium
CUST00750,Email,Tier 3,6.0,4415.82,735.9699999999999,11.0,0.8108108108108109,15111.12,9808.317071512954,Medium
CUST01293,Organic Search,Tier 2,19.0,15828.26,833.0663157894737,14.0,1.6863905325443789,10234.22,9791.685552722956,Medium
CUST01623,Social Media,Tier 1,5.0,5235.06,1047.0120000000002,106.0,0.6550218340611353,17332.68,9744.129308940837,Medium
CUST01860,Organic Search,Tier 2,22.0,21678.93,985.4059090909091,7.0,2.357142857142857,767.58,9716.234229807696,Medium
CUST02142,Organic Search,Tier 2,6.0,6147.9,1024.6499999999999,29.0,0.7346938775510203,5586.15,9710.133268039508,Medium
CUST02934,Referral,Tier 2,7.0,6392.01,913.1442857142857,126.0,0.6542056074766355,18949.489999999998,9686.81123014321,Medium
CUST01978,Organic Search,Tier 2,7.0,5826.29,832.3271428571428,27.0,0.9767441860465116,8832.3,9669.732984340662,Medium
CUST02051,Paid Ads,Tier 1,4.0,4053.7000000000003,1013.4250000000001,29.0,0.6976744186046512,6793.29,9661.20810207877,Medium
CUST01128,Referral,Tier 3,8.0,6296.33,787.04125,40.0,1.3043478260869565,8942.04,9652.637791837755,Medium
CUST02464,Social Media,Tier 1,3.0,3056.21,1018.7366666666667,50.0,1.0344827586206897,14092.42,9635.402382884302,Medium
CUST01541,Organic Search,Tier 2,6.0,7025.99,1170.9983333333332,10.0,0.9944751381215469,5272.780000000001,9617.968962517634,Medium
CUST02097,Organic Search,Tier 1,6.0,4982.51,830.4183333333334,15.0,1.4285714285714284,18358.23,9616.75937111869,Medium
CUST02661,Organic Search,Tier 1,12.0,13983.78,1165.315,26.0,1.978021978021978,2160.0299999999997,9611.721105407963,Medium
CUST01643,Email,Tier 1,7.0,6855.22,979.3171428571429,65.0,0.6818181818181819,10522.0,9604.453459517243,Medium
CUST02519,Organic Search,Tier 1,5.0,4802.95,960.5899999999999,35.0,1.1450381679389314,4645.29,9589.274740672407,Medium
CUST01212,Referral,Tier 3,6.0,5023.85,837.3083333333334,74.0,1.0650887573964498,9729.0,9584.060869823994,Medium
CUST01832,Email,Tier 1,19.0,15456.58,813.5042105263158,21.0,1.7431192660550459,7154.69,9582.03903392449,Medium
CUST00323,Social Media,Tier 1,6.0,5538.12,923.02,63.0,0.8823529411764706,10724.89,9568.929679930348,Medium
CUST02648,Email,Tier 1,4.0,5005.91,1251.4775,29.0,0.42402826855123676,7455.59,9561.938353251946,Medium
CUST00398,Email,Tier 2,5.0,4776.889999999999,955.3779999999999,98.0,0.5882352941176471,14935.06,9550.73885685474,Medium
CUST00452,Social Media,Tier 3,8.0,5866.53,733.31625,11.0,1.263157894736842,7591.17,9545.293959461338,Medium
CUST00887,Organic Search,Tier 2,10.0,9041.94,904.1940000000001,66.0,1.0563380281690142,9123.7,9531.165333542023,Medium
CUST00806,Organic Search,Tier 1,14.0,16379.89,1169.9921428571429,7.0,1.308411214953271,5814.63,9529.105420661472,Medium
CUST01329,Organic Search,Tier 3,9.0,10381.36,1153.4844444444445,6.0,1.3636363636363638,0.0,9523.214607527965,Medium
CUST01929,Paid Ads,Tier 3,9.0,10277.16,1141.9066666666668,23.0,2.142857142857143,4723.82,9498.981113535609,Medium
CUST00302,Paid Ads,Tier 2,7.0,6137.16,876.7371428571429,80.0,0.8235294117647058,17046.21,9484.7674660301,Medium
CUST00986,Referral,Tier 3,6.0,5265.95,877.6583333333333,73.0,0.9625668449197862,5298.37,9483.89906389561,Medium
CUST02796,Organic Search,Tier 1,4.0,4398.05,1099.5125,83.0,0.5357142857142857,18124.12,9481.172214643146,Medium
CUST00463,Email,Tier 2,9.0,7379.22,819.9133333333334,32.0,1.4917127071823204,9233.62,9480.203986512,Medium
CUST00382,Organic Search,Tier 2,9.0,6744.6900000000005,749.4100000000001,17.0,1.2272727272727273,8381.41,9470.893968494549,Medium
CUST01385,Paid Ads,Tier 1,5.0,4990.95,998.1899999999999,25.0,0.8108108108108109,0.0,9453.594471452285,Medium
CUST02458,Organic Search,Tier 1,21.0,21546.87,1026.0414285714285,11.0,1.810344827586207,759.17,9443.03506110834,Medium
CUST01965,Paid Ads,Tier 1,9.0,9685.66,1076.1844444444444,70.0,0.7670454545454546,12562.66,9429.443963591775,Medium
CUST01457,Organic Search,Tier 2,14.0,11438.689999999999,817.0492857142856,3.0,1.7142857142857142,516.52,9422.6798908227,Medium
CUST00596,Paid Ads,Tier 2,5.0,5164.13,1032.826,59.0,0.5882352941176471,11434.050000000001,9422.27485337493,Medium
CUST02593,Email,Tier 1,11.0,10161.31,923.7554545454545,81.0,0.9705882352941178,14225.22,9411.506880741039,Medium
CUST02270,Social Media,Tier 1,9.0,6845.48,760.6088888888888,6.0,1.2385321100917432,8083.51,9411.140794648329,Medium
CUST02086,Paid Ads,Tier 3,3.0,3024.27,1008.09,81.0,0.5,7714.0,9410.677407709478,Medium
CUST01036,Email,Tier 1,7.0,5090.610000000001,727.2300000000001,65.0,1.0659898477157361,10073.4,9390.620115821905,Medium
CUST01304,Paid Ads,Tier 3,10.0,7821.84,782.184,14.0,1.0909090909090908,2988.08,9385.936887143036,Medium
CUST01268,Paid Ads,Tier 2,8.0,7735.16,966.895,62.0,0.9090909090909092,3518.87,9384.756256712823,Medium
CUST01264,Organic Search,Tier 3,8.0,6569.99,821.24875,37.0,1.8181818181818183,12658.279999999999,9341.021445814473,Medium
CUST00579,Social Media,Tier 2,6.0,4655.1900000000005,775.8650000000001,13.0,0.7964601769911505,12647.52,9323.762469322644,Medium
CUST02143,Email,Tier 2,10.0,8233.06,823.3059999999999,25.0,1.2765957446808511,0.0,9306.896071159425,Medium
CUST00234,Email,Tier 2,7.0,5466.8099999999995,780.972857142857,18.0,1.2962962962962963,11052.99,9277.21819816801,Medium
CUST00003,Email,Tier 1,8.0,6204.39,775.54875,17.0,0.9090909090909092,7463.25,9248.591587567167,Medium
CUST01238,Paid Ads,Tier 2,5.0,4093.9,818.78,13.0,0.9868421052631579,11532.529999999999,9230.795706439603,Medium
CUST00518,Organic Search,Tier 1,13.0,16661.56,1281.6584615384616,26.0,2.142857142857143,0.0,9201.302563045281,Medium
CUST01281,Paid Ads,Tier 2,9.0,10325.57,1147.2855555555554,69.0,1.1894273127753305,7608.96,9181.751342310998,Medium
CUST00554,Organic Search,Tier 2,14.0,11431.17,816.5121428571429,7.0,1.3043478260869565,871.4200000000001,9159.113348452413,Medium
CUST02521,Organic Search,Tier 2,8.0,6221.74,777.7175,7.0,1.6,8804.49,9155.23999652213,Medium
CUST01578,Email,Tier 1,3.0,3885.0600000000004,1295.0200000000002,80.0,0.40909090909090906,7145.2,9139.443566498614,Medium
CUST01313,Organic Search,Tier 2,8.0,7541.83,942.72875,135.0,0.6997084548104956,21335.5,9138.422009664873,Medium
CUST00268,Social Media,Tier 1,7.0,7022.37,1003.1957142857143,66.0,0.6796116504854369,4208.26,9098.255301231333,Medium
CUST00136,Organic Search,Tier 3,8.0,5972.16,746.52,19.0,1.153846153846154,2571.7000000000003,9088.265663871214,Medium
CUST00696,Email,Tier 1,3.0,3145.49,1048.4966666666667,37.0,0.6338028169014085,5567.91,9068.947517873741,Medium
CUST00850,Organic Search,Tier 1,6.0,5642.889999999999,940.4816666666666,64.0,0.9424083769633508,0.0,9059.230932343215,Medium
CUST02161,Email,Tier 1,8.0,8053.06,1006.6325,29.0,1.875,1064.78,9006.664356623436,Medium
CUST02334,Email,Tier 3,3.0,2553.9900000000002,851.33,36.0,0.8035714285714285,14958.95,9005.397208295026,Medium
CUST02966,Organic Search,Tier 2,7.0,5048.5599999999995,721.222857142857,11.0,0.711864406779661,16231.13,8988.484760915278,Medium
CUST01579,Paid Ads,Tier 2,6.0,4728.139999999999,788.0233333333332,58.0,0.72,0.0,8973.37408247636,Medium
CUST00247,Paid Ads,Tier 1,6.0,4666.400000000001,777.7333333333335,28.0,0.7258064516129032,13071.73,8957.735936586347,Medium
CUST00299,Referral,Tier 2,8.0,6116.61,764.57625,10.0,0.8695652173913043,10069.64,8949.16775697956,Medium
CUST01427,Organic Search,Tier 1,4.0,3500.05,875.0125,12.0,1.7647058823529411,4575.1,8946.183390981347,Medium
CUST00138,Social Media,Tier 1,9.0,7349.08,816.5644444444445,19.0,0.8359133126934984,1627.19,8934.651493171701,Medium
CUST00021,Organic Search,Tier 2,9.0,7275.48,808.3866666666667,37.0,1.2328767123287672,0.0,8923.064788012465,Medium
CUST01352,Paid Ads,Tier 1,8.0,6008.9400000000005,751.1175000000001,6.0,1.0212765957446808,12839.11,8920.6547132853,Medium
CUST00261,Organic Search,Tier 3,4.0,3823.19,955.7975,99.0,0.5633802816901409,16071.5,8919.327821317822,Medium
CUST01725,Paid Ads,Tier 1,8.0,7206.79,900.84875,76.0,0.718562874251497,0.0,8911.761127276786,Medium
CUST00830,Paid Ads,Tier 2,10.0,8169.19,816.919,8.0,0.9287925696594427,3594.0,8903.05083562186,Medium
CUST01543,Referral,Tier 2,10.0,8033.2,803.3199999999999,77.0,1.25,7618.71,8900.861688981118,Medium
CUST01761,Social Media,Tier 2,14.0,14170.48,1012.1771428571428,86.0,1.2280701754385963,11872.57,8889.078506030708,Medium
CUST02560,Organic Search,Tier 3,7.0,7905.31,1129.3300000000002,74.0,0.9051724137931035,10032.59,8880.868358112208,Medium
CUST02058,Paid Ads,Tier 1,14.0,12838.6,917.0428571428572,85.0,1.627906976744186,9709.59,8820.412670813528,Medium
CUST01394,Email,Tier 3,7.0,5645.05,806.4357142857143,76.0,0.9170305676855894,11246.26,8820.376050147708,Medium
CUST01225,Organic Search,Tier 2,9.0,9095.380000000001,1010.5977777777779,59.0,1.875,0.0,8810.825996117852,Medium
CUST01532,Email,Tier 1,3.0,2416.34,805.4466666666667,19.0,0.5294117647058824,14307.15,8810.578305637857,Medium
CUST02606,Email,Tier 1,4.0,3713.43,928.3575,28.0,0.8571428571428571,0.0,8795.878879770124,Medium
CUST00969,Paid Ads,Tier 2,11.0,9757.36,887.0327272727274,87.0,1.1458333333333335,10469.45,8792.855351954217,Medium
CUST00329,Organic Search,Tier 2,6.0,4534.37,755.7283333333334,40.0,1.0169491525423728,11604.64,8772.796974631548,Medium
CUST00545,Organic Search,Tier 2,6.0,5032.5,838.75,61.0,1.3043478260869565,0.0,8732.888758441033,Medium
CUST00862,Organic Search,Tier 2,8.0,8139.06,1017.3825,71.0,0.9230769230769231,0.0,8728.830223100425,Medium
CUST02279,Organic Search,Tier 1,8.0,5900.81,737.60125,12.0,1.4201183431952662,2420.21,8715.588420847234,Medium
CUST00766,Email,Tier 1,5.0,5980.139999999999,1196.0279999999998,74.0,0.5319148936170213,7581.28,8712.027579540707,Medium
CUST01207,Email,Tier 1,5.0,5505.4400000000005,1101.0880000000002,28.0,1.4285714285714284,2871.83,8687.548846342255,Medium
CUST01883,Social Media,Tier 2,8.0,8314.53,1039.31625,80.0,0.7384615384615385,9071.25,8685.871501043126,Medium
CUST02537,Referral,Tier 2,7.0,6611.26,944.4657142857143,98.0,0.6976744186046512,15267.25,8684.49483690491,Medium
CUST02731,Social Media,Tier 1,5.0,5514.549999999999,1102.9099999999999,72.0,0.8064516129032259,14261.22,8664.373252771275,Medium
CUST00713,Referral,Tier 1,8.0,7447.1900000000005,930.8987500000001,102.0,1.137440758293839,15167.44,8651.3925158361,Medium
CUST01566,Referral,Tier 2,7.0,6268.74,895.5342857142857,100.0,1.1666666666666667,12567.95,8631.412577547724,Medium
CUST01583,Organic Search,Tier 3,6.0,5673.21,945.535,81.0,0.9230769230769231,0.0,8614.80725363889,Medium
CUST01836,Paid Ads,Tier 1,6.0,4507.05,751.1750000000001,8.0,1.3043478260869565,11602.29,8614.797443734762,Medium
CUST01587,Organic Search,Tier 2,7.0,6826.33,975.1899999999999,83.0,0.7094594594594595,14993.67,8579.489539036635,Medium
CUST00464,Organic Search,Tier 3,11.0,8816.02,801.4563636363637,66.0,1.064516129032258,5861.8,8576.236783394976,Medium
CUST02948,Email,Tier 2,12.0,8215.96,684.6633333333333,12.0,1.8461538461538463,9254.75,8550.172468885961,Medium
CUST01974,Organic Search,Tier 2,7.0,8051.8099999999995,1150.2585714285713,71.0,1.122994652406417,5858.42,8529.088053113865,Medium
CUST00581,Referral,Tier 1,14.0,11419.92,815.7085714285714,65.0,2.0388349514563107,4524.79,8509.745971402153,Medium
CUST00344,Social Media,Tier 1,9.0,6753.48,750.3866666666667,117.0,1.3705583756345177,15515.460000000001,8455.361506728555,Medium
CUST00798,Referral,Tier 2,6.0,5989.97,998.3283333333334,81.0,0.5555555555555556,0.0,8425.305472751055,Medium
CUST02500,Paid Ads,Tier 1,5.0,4534.32,906.8639999999999,140.0,0.6550218340611353,13769.36,8363.545183787215,Medium
CUST00878,Referral,Tier 1,3.0,2669.17,889.7233333333334,19.0,0.9183673469387755,3386.88,8358.236886934938,Medium
CUST01812,Organic Search,Tier 2,27.0,43796.57,1622.095185185185,65.0,2.5,18721.329999999998,8331.108077366925,Medium
CUST02323,Social Media,Tier 2,4.0,4440.17,1110.0425,74.0,0.48192771084337344,0.0,8319.784949572631,Medium
CUST01768,Email,Tier 3,3.0,3002.47,1000.8233333333333,15.0,0.8653846153846154,1350.65,8290.821788786297,Medium
CUST02887,Paid Ads,Tier 1,8.0,9290.09,1161.26125,60.0,0.7792207792207793,0.0,8258.435030116438,Medium
CUST02919,Paid Ads,Tier 3,6.0,4825.05,804.1750000000001,59.0,1.005586592178771,2273.04,8233.839445501138,Medium
CUST02362,Social Media,Tier 2,7.0,6667.68,952.5257142857143,99.0,1.0144927536231882,10653.98,8138.652958710875,Medium
CUST01168,Organic Search,Tier 1,4.0,3742.07,935.5175,76.0,0.6349206349206349,4687.8099999999995,8104.451629330369,Medium
CUST00087,Social Media,Tier 1,8.0,9315.2,1164.4,62.0,1.1940298507462686,0.0,8058.495294849983,Medium
CUST02967,Email,Tier 1,6.0,4575.07,762.5116666666667,0.0,1.2162162162162162,1299.54,8041.206087043613,Medium
CUST01338,Organic Search,Tier 1,5.0,4175.5599999999995,835.1119999999999,76.0,0.7352941176470588,5594.54,8035.09541234343,Medium
CUST02574,Organic Search,Tier 2,7.0,4895.92,699.4171428571428,11.0,1.1797752808988764,15352.41,8001.354224286712,Medium
CUST01662,Organic Search,Tier 1,12.0,8106.46,675.5383333333333,33.0,1.2720848056537104,10973.87,7975.059796705616,Medium
CUST00383,Paid Ads,Tier 2,7.0,5339.7,762.8142857142857,7.0,1.206896551724138,0.0,7962.4779099006955,Medium
CUST01705,Social Media,Tier 1,7.0,5303.54,757.6485714285715,58.0,0.8536585365853658,8380.98,7956.58602281405,Medium
CUST01438,Organic Search,Tier 2,7.0,5436.58,776.6542857142857,65.0,1.0714285714285714,18526.97,7922.9621229562845,Medium
CUST01194,Paid Ads,Tier 2,5.0,4573.18,914.6360000000001,115.0,0.6437768240343348,0.0,7878.429806782912,Medium
CUST01269,Organic Search,Tier 1,13.0,11639.22,895.3246153846153,91.0,1.1572700296735905,12675.34,7860.561223607574,Medium
CUST00849,Organic Search,Tier 1,14.0,11323.16,808.7971428571428,65.0,1.3636363636363638,0.0,7854.047591841042,Medium
CUST01876,Email,Tier 2,9.0,7747.389999999999,860.821111111111,129.0,1.1297071129707112,11425.51,7763.96589669364,Medium
CUST01661,Email,Tier 2,7.0,4899.01,699.8585714285715,55.0,1.1864406779661019,10185.29,7679.317387182145,Medium
CUST01534,Paid Ads,Tier 3,3.0,2475.63,825.21,31.0,0.6382978723404256,546.75,7640.496394003596,Medium
CUST01927,Organic Search,Tier 1,3.0,3047.58,1015.86,102.0,0.46875,13207.15,7619.734730288942,Medium
CUST00686,Referral,Tier 1,6.0,5511.35,918.5583333333334,121.0,0.8490566037735849,2712.6,7598.205697530584,Medium
CUST00624,Organic Search,Tier 2,7.0,5793.41,827.63,86.0,0.8606557377049181,9502.5,7597.669107541477,Medium
CUST00436,Social Media,Tier 1,4.0,3234.65,808.6625,25.0,0.43636363636363634,10702.71,7583.1528818989345,Medium
CUST02513,Social Media,Tier 2,6.0,5776.01,962.6683333333334,121.0,0.8035714285714285,9415.68,7554.634337019326,Medium
CUST01431,Paid Ads,Tier 1,8.0,6218.3,777.2875,87.0,1.142857142857143,8923.84,7552.382454396022,Medium
CUST02283,Paid Ads,Tier 2,7.0,5610.5199999999995,801.5028571428571,66.0,0.8076923076923077,3595.41,7487.719398915491,Medium
CUST02689,Organic Search,Tier 1,5.0,3999.65,799.9300000000001,35.0,0.6276150627615062,3219.1,7465.2787360927805,Medium
CUST00620,Organic Search,Tier 2,8.0,6800.18,850.0225,116.0,1.0084033613445378,14008.52,7421.722360647313,Medium
CUST02276,Paid Ads,Tier 2,7.0,5385.21,769.3157142857143,78.0,0.8677685950413223,14462.25,7412.92508181411,Medium
CUST02459,Email,Tier 1,5.0,3956.4500000000003,791.2900000000001,41.0,0.6072874493927125,0.0,7412.023384599617,Medium
CUST00693,Email,Tier 1,5.0,6166.969999999999,1233.3939999999998,75.0,1.1029411764705883,0.0,7404.0077983920555,Medium
CUST02374,Paid Ads,Tier 2,1.0,972.39,972.39,83.0,0.3614457831325301,16308.49,7381.438052101831,Medium
CUST02403,Organic Search,Tier 1,4.0,4371.75,1092.9375,138.0,0.6030150753768845,7316.59,7329.51003657069,Medium
CUST00094,Organic Search,Tier 1,16.0,16161.93,1010.120625,93.0,1.3994169096209912,11455.32,7298.974204079,Medium
CUST01630,Paid Ads,Tier 1,12.0,10509.3,875.775,84.0,1.3284132841328413,1310.8899999999999,7296.363866503561,Medium
CUST02413,Referral,Tier 3,7.0,5307.69,758.2414285714285,42.0,0.8015267175572519,0.0,7288.812661907873,Medium
CUST01223,Email,Tier 2,4.0,3233.83,808.4575,29.0,0.5172413793103449,1211.96,7217.875663720667,Medium
CUST02231,Social Media,Tier 1,15.0,14244.24,949.616,93.0,1.419558359621451,12792.31,7204.866014818032,Medium
CUST02159,Organic Search,Tier 1,9.0,8795.04,977.2266666666668,135.0,1.173913043478261,7059.8099999999995,7072.408261844679,Medium
CUST02805,Paid Ads,Tier 1,6.0,6033.18,1005.5300000000001,131.0,0.6101694915254237,7940.610000000001,7020.875307310093,Medium
CUST00542,Organic Search,Tier 1,4.0,3177.59,794.3975,80.0,0.7100591715976331,5503.26,7010.100063081916,Medium
CUST00009,Organic Search,Tier 2,10.0,9151.86,915.186,94.0,0.9708737864077669,4606.98,6977.560632883807,Medium
CUST00163,Social Media,Tier 3,13.0,12387.52,952.8861538461539,102.0,1.2828947368421053,10296.800000000001,6974.555037786812,Medium
CUST00934,Social Media,Tier 1,5.0,3818.92,763.784,65.0,0.9090909090909092,9418.82,6864.1504326124395,Medium
CUST02111,Social Media,Tier 3,2.0,1724.3799999999999,862.1899999999999,0.0,0.5128205128205129,2333.91,6798.372172303245,Medium
CUST00201,Paid Ads,Tier 3,4.0,2957.34,739.335,39.0,0.875912408759124,11944.15,6788.640051973027,Medium
CUST01331,Paid Ads,Tier 1,8.0,7909.98,988.7475,106.0,1.0572687224669604,0.0,6710.552074737648,Medium
CUST00922,Paid Ads,Tier 2,4.0,4326.68,1081.67,94.0,0.6936416184971098,0.0,6615.839797560947,Medium
CUST00221,Organic Search,Tier 1,3.0,2900.33,966.7766666666666,138.0,0.5202312138728323,8208.35,6476.2235407251255,Medium
CUST01498,Paid Ads,Tier 3,11.0,9709.99,882.7263636363637,101.0,1.375,7769.29,6445.756088297559,Medium
CUST01442,Social Media,Tier 2,4.0,3157.04,789.26,25.0,0.43956043956043955,3973.7200000000003,6413.49959112179,Medium
CUST00276,Paid Ads,Tier 3,10.0,10815.48,1081.548,127.0,1.3574660633484164,1817.3600000000001,6245.037193794962,Medium
CUST02640,Paid Ads,Tier 1,7.0,4956.47,708.0671428571429,11.0,1.4482758620689655,0.0,6166.294606260966,Medium
CUST02638,Social Media,Tier 1,15.0,24393.52,1626.2346666666667,67.0,1.7045454545454546,0.0,6120.245812132778,Medium
CUST02172,Social Media,Tier 1,5.0,3901.85,780.37,3.0,0.5494505494505495,2418.74,6050.644626959026,Medium
CUST02215,Organic Search,Tier 2,5.0,3876.5099999999998,775.3019999999999,22.0,1.0344827586206897,1848.66,6003.9956351989285,Medium
CUST02738,Referral,Tier 3,8.0,7499.96,937.495,118.0,0.8823529411764706,16394.7,6002.636309458228,Medium
CUST01230,Organic Search,Tier 1,12.0,12040.35,1003.3625000000001,112.0,1.4007782101167314,0.0,5964.29779005757,Medium
CUST01183,Organic Search,Tier 2,7.0,4144.97,592.1385714285715,20.0,1.320754716981132,15799.05,5963.551731091461,Medium
CUST00483,Paid Ads,Tier 1,3.0,2183.43,727.81,90.0,0.6338028169014085,17146.96,5928.421813502672,Medium
CUST00287,Email,Tier 2,11.0,10713.71,973.9736363636363,108.0,1.0963455149501662,10342.130000000001,5840.460988424622,Medium
CUST02311,Social Media,Tier 1,6.0,3494.45,582.4083333333333,35.0,1.6981132075471699,15963.85,5804.629397180916,Medium
CUST00913,Email,Tier 1,9.0,7709.23,856.5811111111111,117.0,0.9310344827586207,16054.08,5787.578025778953,Medium
CUST00548,Social Media,Tier 1,11.0,10952.62,995.6927272727273,93.0,1.064516129032258,4058.5699999999997,5686.06159458564,Medium
CUST02791,Email,Tier 2,8.0,7298.89,912.36125,115.0,0.9375,0.0,5675.318706209819,Medium
CUST01791,Organic Search,Tier 1,4.0,3231.06,807.765,62.0,0.5529953917050692,639.17,5618.079101196057,Medium
CUST00326,Organic Search,Tier 2,5.0,4821.5599999999995,964.3119999999999,90.0,0.7246376811594203,0.0,5584.113227794363,Medium
CUST01862,Paid Ads,Tier 2,10.0,6643.89,664.389,20.0,0.8571428571428571,19823.21,5566.405993393304,Medium
CUST00090,Referral,Tier 1,4.0,3043.1,760.775,57.0,0.6629834254143646,9872.76,5552.6594466137885,Medium
CUST00347,Organic Search,Tier 1,4.0,2920.12,730.03,3.0,0.5825242718446602,11370.18,5477.9813007419025,Medium
CUST01993,Organic Search,Tier 3,5.0,3852.0,770.4,16.0,1.1450381679389314,17287.19,5383.289861861273,Medium
CUST01805,Organic Search,Tier 3,1.0,884.11,884.11,86.0,0.3488372093023256,2021.78,5363.621479105074,Medium
CUST02763,Organic Search,Tier 3,7.0,5964.469999999999,852.0671428571428,98.0,0.7984790874524714,0.0,5342.012469269267,Medium
CUST02175,Social Media,Tier 1,4.0,3120.37,780.0925,23.0,0.48,442.0,5341.51985862147,Medium
CUST02277,Paid Ads,Tier 2,2.0,1643.83,821.915,122.0,0.48,9810.62,5227.2332470809,Medium
CUST01512,Paid Ads,Tier 1,8.0,6487.88,810.985,82.0,0.8053691275167785,0.0,5213.646253689117,Medium
CUST01633,Social Media,Tier 2,5.0,4654.200000000001,930.8400000000001,103.0,0.746268656716418,0.0,5184.315995944937,Medium
CUST01620,Referral,Tier 3,3.0,2122.54,707.5133333333333,11.0,1.836734693877551,14679.869999999999,5148.298843191701,Medium
CUST02222,Organic Search,Tier 2,4.0,2848.5699999999997,712.1424999999999,88.0,0.6185567010309279,11364.36,5135.864158578648,Medium
CUST00139,Organic Search,Tier 2,7.0,4337.61,619.6585714285713,20.0,1.4893617021276597,4253.91,5122.170996658648,Medium
CUST02377,Email,Tier 1,1.0,830.28,830.28,52.0,0.576923076923077,1983.4299999999998,5060.391299224442,Medium
CUST02724,Organic Search,Tier 1,7.0,7509.43,1072.7757142857142,97.0,1.1052631578947367,0.0,4997.585985439117,Medium
CUST00623,Social Media,Tier 1,1.0,900.32,900.32,46.0,0.6521739130434783,3100.2999999999997,4971.771811357028,Medium
CUST00748,Email,Tier 1,11.0,9551.41,868.31,108.0,0.9565217391304347,0.0,4960.600049777752,Medium
CUST02481,Email,Tier 2,6.0,4284.54,714.09,59.0,0.891089108910891,741.28,4942.414400496354,Medium
CUST00156,Organic Search,Tier 1,9.0,6232.07,692.4522222222222,1.0,0.9375,3258.04,4912.968765643358,Medium
CUST01659,Email,Tier 1,3.0,2459.46,819.82,76.0,0.3061224489795918,725.97,4906.646099483235,Medium
CUST01817,Email,Tier 2,3.0,2321.94,773.98,53.0,0.5882352941176471,2018.5900000000001,4883.5084965796,Medium
CUST00027,Paid Ads,Tier 3,1.0,842.8,842.8,46.0,0.6521739130434783,4214.46,4859.867701994444,Medium
CUST02603,Email,Tier 2,5.0,3493.39,698.678,47.0,0.8064516129032259,11379.66,4848.091372266228,Medium
CUST01920,Social Media,Tier 3,9.0,9478.14,1053.1266666666666,97.0,1.120331950207469,0.0,4833.494270103798,Medium
CUST02726,Organic Search,Tier 2,5.0,3648.48,729.696,26.0,0.646551724137931,934.92,4717.368518386098,Medium
CUST02448,Email,Tier 1,1.0,844.82,844.82,28.0,1.0714285714285714,979.8,4700.519061612757,Medium
CUST01905,Social Media,Tier 1,5.0,4737.200000000001,947.4400000000002,163.0,0.6550218340611353,15453.26,4672.36829719769,Medium
CUST01572,Email,Tier 2,1.0,870.49,870.49,118.0,0.2542372881355932,3950.3199999999997,4668.226321756412,Medium
CUST00574,Organic Search,Tier 2,8.0,6577.74,822.2175,121.0,1.0212765957446808,0.0,4609.418775160916,Medium
CUST01669,Paid Ads,Tier 1,3.0,2141.44,713.8133333333334,2.0,1.875,584.39,4569.542764958774,Medium
CUST01320,Social Media,Tier 2,5.0,3718.26,743.652,12.0,0.7211538461538461,1439.63,4564.302578165964,Medium
CUST01650,Organic Search,Tier 1,7.0,6993.42,999.0600000000001,97.0,0.9210526315789473,0.0,4511.866763752547,Medium
CUST00495,Organic Search,Tier 1,4.0,3818.1,954.525,126.0,0.45627376425855515,0.0,4456.799546307247,Medium
CUST02817,Organic Search,Tier 3,8.0,8242.82,1030.3525,104.0,1.206030150753769,0.0,4452.3794309111945,Medium
CUST00317,Organic Search,Tier 3,4.0,3108.3,777.075,116.0,0.5405405405405406,6039.67,4439.251267425138,Medium
CUST02888,Organic Search,Tier 1,3.0,2261.1400000000003,753.7133333333335,65.0,1.0465116279069768,15952.35,4388.936146801282,Medium
CUST00961,Social Media,Tier 1,11.0,6984.76,634.9781818181818,11.0,1.021671826625387,575.72,4358.614005536606,Medium
CUST01048,Referral,Tier 1,4.0,3075.91,768.9775,39.0,0.3973509933774834,2703.1499999999996,4344.15598964299,Medium
CUST02224,Organic Search,Tier 2,1.0,920.13,920.13,43.0,0.6976744186046512,0.0,4325.25850461751,Medium
CUST02852,Email,Tier 1,3.0,2396.24,798.7466666666666,119.0,0.3846153846153846,3058.5499999999997,4289.502904086274,Medium
CUST02331,Social Media,Tier 1,8.0,4236.6900000000005,529.5862500000001,2.0,1.3559322033898304,2554.01,4275.8179420037795,Medium
CUST00599,Organic Search,Tier 1,4.0,2844.41,711.1025,42.0,0.7741935483870968,0.0,4265.679195603633,Medium
CUST01421,Paid Ads,Tier 1,4.0,2862.49,715.6225,13.0,1.2765957446808511,4840.98,4235.351498392964,Medium
CUST01094,Social Media,Tier 1,4.0,2974.52,743.63,75.0,0.6857142857142857,2772.06,4180.394096774368,Medium
CUST02715,Referral,Tier 3,6.0,3997.62,666.27,42.0,0.9523809523809523,4326.99,4096.369312224521,Medium
CUST02190,Paid Ads,Tier 2,3.0,3301.69,1100.5633333333333,162.0,0.3879310344827586,8824.85,4079.5883730922073,Medium
CUST00477,Organic Search,Tier 1,4.0,2977.87,744.4675,61.0,0.625,3024.65,4075.848288704853,Medium
CUST02566,Email,Tier 3,5.0,3740.39,748.078,32.0,0.5660377358490566,2051.54,4016.403259474482,Medium
CUST01378,Social Media,Tier 3,7.0,4742.43,677.49,54.0,0.9952606635071091,21770.88,3960.815941720932,Medium
CUST00435,Paid Ads,Tier 1,1.0,998.39,998.39,106.0,0.2830188679245283,0.0,3931.961671613267,Medium
CUST01366,Social Media,Tier 1,5.0,3004.96,600.992,10.0,2.027027027027027,6392.639999999999,3907.534558330007,Medium
CUST01724,Organic Search,Tier 1,7.0,3465.75,495.10714285714283,72.0,1.3125,4029.97,3876.9270455808637,Medium
CUST00733,Referral,Tier 2,7.0,4666.52,666.6457142857143,6.0,0.9502262443438914,5580.110000000001,3864.1758527000356,Medium
CUST01120,Referral,Tier 1,4.0,2854.44,713.61,8.0,0.6666666666666667,1078.46,3846.4943025627817,Medium
CUST02329,Social Media,Tier 2,1.0,150.0,150.0,197.0,0.15228426395939085,15550.52,3799.8155219744176,Medium
CUST00964,Organic Search,Tier 2,2.0,1640.97,820.485,35.0,0.8,2660.67,3781.566446056247,Medium
CUST02720,Social Media,Tier 1,5.0,3549.95,709.99,16.0,1.2295081967213113,2042.46,3772.399272717239,Medium
CUST00564,Organic Search,Tier 1,2.0,1559.37,779.685,5.0,1.875,1589.56,3771.6961010505397,Medium
CUST00630,Referral,Tier 2,5.0,3293.8,658.76,15.0,1.923076923076923,1210.21,3752.7233279752786,Medium
CUST01721,Social Media,Tier 3,1.0,726.31,726.31,11.0,2.7272727272727275,2964.62,3748.1557820634057,Medium
CUST02281,Paid Ads,Tier 2,10.0,4789.48,478.948,6.0,1.8518518518518516,2073.2799999999997,3731.9516941507572,Medium
CUST01524,Paid Ads,Tier 1,3.0,2283.08,761.0266666666666,58.0,0.49180327868852464,1667.61,3722.259819652068,Medium
CUST02431,Organic Search,Tier 1,4.0,2644.12,661.03,60.0,0.5825242718446602,17041.03,3716.490797870416,Medium
CUST02744,Organic Search,Tier 3,7.0,4812.22,687.46,8.0,0.8433734939759036,831.88,3697.6533859143824,Medium
CUST02701,Referral,Tier 2,6.0,4051.08,675.18,46.0,1.005586592178771,7903.79,3684.851611617543,Medium
CUST00543,Paid Ads,Tier 1,7.0,4930.9800000000005,704.4257142857143,111.0,0.7342657342657343,366.21,3669.814341446251,Medium
CUST00911,Organic Search,Tier 1,6.0,3611.1400000000003,601.8566666666667,46.0,0.8955223880597015,9979.52,3655.8078581474597,Low
CUST02049,Referral,Tier 1,2.0,1924.71,962.355,124.0,0.43165467625899284,0.0,3652.345751424687,Low
CUST01606,Paid Ads,Tier 2,8.0,9014.96,1126.87,115.0,0.8362369337979094,1335.36,3643.1035580174453,Low
CUST01395,Social Media,Tier 1,1.0,762.03,762.03,10.0,3.0,4325.38,3599.258650782183,Low
CUST01632,Referral,Tier 2,1.0,789.02,789.02,189.0,0.15873015873015872,5132.66,3541.236027335558,Low
CUST01142,Paid Ads,Tier 2,3.0,2302.25,767.4166666666666,6.0,0.7142857142857142,1716.69,3531.006387712857,Low
CUST01161,Referral,Tier 2,22.0,31036.63,1410.7559090909092,77.0,1.952662721893491,6848.55,3456.0588028579728,Low
CUST01227,Email,Tier 3,3.0,2166.72,722.2399999999999,88.0,0.6382978723404256,2514.92,3451.003972379513,Low
CUST02307,Referral,Tier 2,1.0,796.38,796.38,177.0,0.1694915254237288,3991.52,3449.8859221423113,Low
CUST01163,Email,Tier 2,8.0,4581.110000000001,572.6387500000001,18.0,1.1940298507462686,1982.77,3410.653182549091,Low
CUST01515,Social Media,Tier 1,5.0,2608.18,521.636,2.0,2.142857142857143,3931.56,3409.671160925228,Low
CUST01216,Social Media,Tier 1,11.0,6485.39,589.5809090909091,12.0,1.4102564102564101,1360.58,3407.6639911153907,Low
CUST01217,Paid Ads,Tier 1,9.0,5423.24,602.5822222222222,2.0,1.3043478260869565,1783.06,3402.4492497824453,Low
CUST02857,Organic Search,Tier 2,4.0,2953.61,738.4025,96.0,0.5,2202.69,3377.7196092604627,Low
CUST00856,Organic Search,Tier 3,8.0,4000.12,500.015,12.0,1.5,6484.72,3370.753641666064,Low
CUST00015,Social Media,Tier 2,3.0,1299.01,433.00333333333333,30.0,1.6981132075471699,3048.17,3345.2697349582995,Low
CUST00423,Paid Ads,Tier 3,4.0,3000.43,750.1075,39.0,0.3438395415472779,3052.2799999999997,3341.2232011442948,Low
CUST00312,Paid Ads,Tier 2,3.0,2331.55,777.1833333333334,90.0,0.40909090909090906,2234.6800000000003,3335.647409261057,Low
CUST01412,Paid Ads,Tier 1,8.0,4477.93,559.74125,5.0,1.4634146341463414,2964.2,3331.253575479855,Low
CUST00591,Organic Search,Tier 1,2.0,1562.25,781.125,20.0,0.6976744186046512,2627.96,3327.3966422868184,Low
CUST00072,Email,Tier 3,1.0,866.86,866.86,136.0,0.22058823529411764,2151.38,3326.6698922795254,Low
CUST00203,Social Media,Tier 1,7.0,4752.3,678.9,61.0,0.84,2695.2,3324.908412393354,Low
CUST02838,Email,Tier 2,3.0,2217.63,739.21,49.0,0.49180327868852464,2804.73,3298.4312188216536,Low
CUST01964,Paid Ads,Tier 3,2.0,1375.78,687.89,19.0,2.5,3059.96,3274.605315243758,Low
CUST02360,Paid Ads,Tier 1,4.0,2889.94,722.485,23.0,0.46332046332046334,1426.34,3263.552694293259,Low
CUST01873,Organic Search,Tier 3,4.0,3814.8,953.7,143.0,0.47619047619047616,2216.67,3256.5895072651288,Low
CUST00707,Paid Ads,Tier 1,6.0,3674.15,612.3583333333333,11.0,1.2328767123287672,1520.94,3256.4435425493107,Low
CUST02618,Social Media,Tier 2,7.0,3608.59,515.5128571428571,15.0,1.3291139240506329,0.0,3235.4229578407876,Low
CUST02810,Organic Search,Tier 1,3.0,2885.46,961.82,147.0,0.5521472392638037,0.0,3212.6622650945337,Low
CUST01130,Email,Tier 2,8.0,4709.23,588.65375,3.0,1.1214953271028036,3597.44,3202.0558407364238,Low
CUST00216,Organic Search,Tier 2,1.0,605.7,605.7,200.0,0.15,4004.49,3196.625817957666,Low
CUST00765,Social Media,Tier 2,3.0,2162.99,720.9966666666666,30.0,1.5,3532.76,3176.3356396664713,Low
CUST00745,Organic Search,Tier 1,4.0,2806.66,701.665,44.0,1.4634146341463414,3752.86,3166.1275209581345,Low
CUST02138,Email,Tier 1,15.0,14414.44,960.9626666666667,186.0,1.293103448275862,0.0,3164.916094998331,Low
CUST00159,Paid Ads,Tier 1,6.0,3127.9799999999996,521.3299999999999,10.0,1.607142857142857,3046.8,3164.462656477442,Low
CUST02524,Social Media,Tier 2,5.0,3699.79,739.958,114.0,0.43478260869565216,2521.6,3156.152108733475,Low
CUST00891,Organic Search,Tier 1,2.0,1118.0700000000002,559.0350000000001,89.0,0.3614457831325301,15594.470000000001,3155.866135571062,Low
CUST00666,Paid Ads,Tier 1,5.0,2998.59,599.7180000000001,9.0,1.293103448275862,3793.61,3145.722553612023,Low
CUST01499,Social Media,Tier 2,3.0,1835.12,611.7066666666666,89.0,0.4411764705882353,4776.9,3129.9888963775998,Low
CUST02659,Email,Tier 1,2.0,1225.2,612.6,66.0,0.29850746268656714,5493.25,3104.786537823032,Low
CUST02491,Email,Tier 2,3.0,2127.21,709.07,89.0,0.5084745762711864,2790.79,3087.6600355436512,Low
CUST02038,Email,Tier 1,1.0,926.49,926.49,104.0,0.2884615384615385,1405.0700000000002,3086.111542764746,Low
CUST01528,Social Media,Tier 2,2.0,1566.52,783.26,13.0,0.7692307692307692,2017.49,3083.24956415512,Low
CUST02324,Paid Ads,Tier 2,1.0,617.02,617.02,16.0,1.875,1169.53,3073.1790335194687,Low
CUST01740,Email,Tier 1,2.0,1455.88,727.94,57.0,0.3592814371257485,9295.25,3072.6934671602694,Low
CUST01391,Referral,Tier 1,3.0,1956.98,652.3266666666667,4.0,1.7647058823529411,916.71,3056.4603196515804,Low
CUST02242,Email,Tier 2,5.0,3376.2,675.24,53.0,1.6304347826086956,3849.66,3052.213656870341,Low
CUST00622,Organic Search,Tier 2,1.0,659.91,659.91,3.0,10.0,5009.84,3051.500918445898,Low
CUST02387,Paid Ads,Tier 1,7.0,4161.51,594.5014285714286,19.0,1.0096153846153846,2641.68,3044.9631043117392,Low
CUST01909,Organic Search,Tier 3,1.0,323.57,323.57,194.0,0.15463917525773196,4039.88,3042.75336540096,Low
CUST01074,Email,Tier 2,6.0,4146.22,691.0366666666667,84.0,0.9045226130653266,3020.63,3024.5976185596915,Low
CUST00084,Referral,Tier 2,6.0,4176.26,696.0433333333334,35.0,1.0465116279069768,994.5999999999999,3010.8889701084036,Low
CUST00282,Paid Ads,Tier 2,5.0,3506.25,701.25,54.0,0.6198347107438017,1880.5600000000002,2985.863234144762,Low
CUST00150,Social Media,Tier 1,1.0,486.85,486.85,10.0,3.0,4313.71,2975.9631645304453,Low
CUST00045,Paid Ads,Tier 1,8.0,5147.78,643.4725,25.0,1.0762331838565022,4980.8099999999995,2968.0746645214117,Low
CUST02579,Social Media,Tier 2,1.0,827.2,827.2,192.0,0.15625,2031.8,2966.103545138813,Low
CUST02605,Social Media,Tier 1,1.0,714.69,714.69,200.0,0.15,1628.1100000000001,2962.6909515407397,Low
CUST01475,Referral,Tier 2,4.0,2877.35,719.3375,21.0,0.4210526315789474,2753.86,2954.6426467378237,Low
CUST02009,Organic Search,Tier 1,2.0,1331.73,665.865,30.0,1.935483870967742,2926.08,2952.2236513644125,Low
CUST01658,Email,Tier 1,4.0,2348.75,587.1875,71.0,0.6030150753768845,2932.7200000000003,2947.5146308417497,Low
CUST02762,Email,Tier 1,4.0,2813.66,703.415,4.0,0.9302325581395349,1869.79,2933.1881264282033,Low
CUST02646,Email,Tier 2,4.0,1783.36,445.84,78.0,0.6030150753768845,3109.42,2905.8081172728494,Low
CUST00754,Social Media,Tier 1,4.0,1994.69,498.6725,91.0,0.594059405940594,3019.79,2904.9047476712767,Low
CUST01117,Organic Search,Tier 1,3.0,2107.51,702.5033333333334,135.0,0.6293706293706294,1403.04,2893.9064765208755,Low
CUST02024,Paid Ads,Tier 1,2.0,1055.8,527.9,10.0,0.297029702970297,1896.94,2890.453980980733,Low
CUST00740,Paid Ads,Tier 2,2.0,1373.82,686.91,11.0,2.2222222222222223,3598.46,2884.024010081643,Low
CUST01667,Social Media,Tier 3,9.0,4688.14,520.9044444444445,26.0,1.2616822429906542,931.82,2883.656057493437,Low
CUST01992,Paid Ads,Tier 2,5.0,3190.82,638.164,57.0,0.9036144578313253,2323.58,2882.7079122640175,Low
CUST00496,Email,Tier 3,2.0,1647.94,823.97,145.0,0.2542372881355932,1430.36,2881.3110999997134,Low
CUST02112,Organic Search,Tier 3,1.0,786.59,786.59,141.0,0.2127659574468085,521.23,2875.922238968658,Low
CUST02285,Organic Search,Tier 2,4.0,1975.66,493.915,8.0,0.6030150753768845,3886.13,2874.317054781622,Low
CUST01076,Referral,Tier 3,3.0,1678.95,559.65,69.0,0.5325443786982249,10542.44,2861.7737124512637,Low
CUST00278,Email,Tier 1,7.0,5528.860000000001,789.8371428571429,266.0,0.6666666666666667,0.0,2853.5369644603566,Low
CUST00488,Social Media,Tier 2,2.0,1473.3200000000002,736.6600000000001,93.0,0.5825242718446602,0.0,2846.4690986994124,Low
CUST02001,Social Media,Tier 1,5.0,3149.83,629.966,68.0,0.8152173913043478,2701.24,2831.255860088294,Low
CUST01350,Paid Ads,Tier 1,6.0,3986.0800000000004,664.3466666666667,2.0,0.9278350515463918,4240.12,2831.188292836253,Low
CUST01035,Social Media,Tier 1,4.0,2464.33,616.0825,91.0,0.6153846153846154,935.93,2825.5320874593817,Low
CUST01260,Social Media,Tier 1,6.0,3754.02,625.67,2.0,0.7468879668049792,9489.78,2823.6418570856404,Low
CUST00195,Organic Search,Tier 1,4.0,2823.04,705.76,8.0,0.875912408759124,0.0,2819.8891244379984,Low
CUST01914,Paid Ads,Tier 3,7.0,4377.3,625.3285714285714,14.0,0.6885245901639344,6083.18,2809.1075419587073,Low
CUST00434,Organic Search,Tier 1,7.0,4531.22,647.3171428571429,5.0,0.7317073170731707,3464.3100000000004,2802.9271052658664,Low
CUST00401,Email,Tier 2,1.0,947.38,947.38,187.0,0.16042780748663102,3085.88,2796.031289086312,Low
CUST00047,Social Media,Tier 3,7.0,3099.39,442.77,7.0,1.153846153846154,1498.84,2784.2050468103726,Low
CUST01270,Paid Ads,Tier 1,1.0,864.82,864.82,196.0,0.1530612244897959,1414.4,2777.3476275161183,Low
CUST01097,Social Media,Tier 1,5.0,2205.2200000000003,441.04400000000004,8.0,1.4705882352941175,2533.36,2770.700624945698,Low
CUST00890,Organic Search,Tier 2,4.0,2790.98,697.745,49.0,0.670391061452514,1325.95,2769.812044947425,Low
CUST00818,Paid Ads,Tier 2,6.0,3780.68,630.1133333333333,3.0,0.75,1246.99,2768.8566404333924,Low
CUST00727,Email,Tier 2,7.0,4343.41,620.4871428571429,10.0,1.088082901554404,2254.9700000000003,2764.7456147470243,Low
CUST00665,Organic Search,Tier 1,4.0,2570.44,642.61,41.0,0.6091370558375634,2943.95,2759.8891009197546,Low
CUST00577,Organic Search,Tier 2,1.0,782.21,782.21,137.0,0.218978102189781,1648.34,2748.6440008857157,Low
CUST02420,Paid Ads,Tier 1,1.0,477.02,477.02,2.0,15.0,2529.09,2745.547995934525,Low
CUST02924,Organic Search,Tier 3,4.0,2331.05,582.7625,39.0,0.5714285714285715,884.76,2742.1320078309386,Low
CUST02209,Organic Search,Tier 2,2.0,897.0,448.5,1.0,3.1578947368421053,3018.2799999999997,2737.5070757394897,Low
CUST00103,Organic Search,Tier 1,6.0,3312.43,552.0716666666666,38.0,1.0465116279069768,2197.85,2737.41143217328,Low
CUST02417,Social Media,Tier 1,7.0,4412.2300000000005,630.3185714285715,5.0,0.6325301204819277,5167.79,2733.6996384707254,Low
CUST01887,Paid Ads,Tier 3,3.0,1432.42,477.47333333333336,90.0,0.46153846153846156,2749.21,2727.844271860291,Low
CUST02344,Paid Ads,Tier 2,1.0,753.54,753.54,25.0,1.2,1605.6,2727.000139538474,Low
CUST00066,Email,Tier 2,5.0,5035.26,1007.052,188.0,0.436046511627907,0.0,2725.580095986059,Low
CUST02295,Paid Ads,Tier 2,5.0,2857.01,571.402,13.0,0.7653061224489797,1995.1100000000001,2721.996404412728,Low
CUST00407,Social Media,Tier 2,7.0,4205.09,600.7271428571429,72.0,0.9012875536480687,4944.37,2719.846236738391,Low
CUST02704,Social Media,Tier 3,2.0,1380.98,690.49,4.0,7.5,0.0,2719.4743579406054,Low
CUST00642,Email,Tier 2,5.0,3180.61,636.1220000000001,41.0,0.9375,398.72,2717.9954021511676,Low
CUST02729,Paid Ads,Tier 3,5.0,3046.52,609.304,30.0,0.78125,2758.6,2717.395889898145,Low
CUST02760,Organic Search,Tier 1,7.0,3716.9,530.9857142857143,2.0,0.7835820895522387,3976.2799999999997,2704.6761513259053,Low
CUST00443,Social Media,Tier 2,6.0,3085.23,514.205,40.0,1.0714285714285714,5544.55,2702.5777029275437,Low
CUST02523,Paid Ads,Tier 1,7.0,4063.65,580.5214285714286,4.0,0.9813084112149532,2547.72,2689.035287827154,Low
CUST00682,Social Media,Tier 1,0.0,0.0,0.0,360.0,0.0,4546.52,2677.6671123775404,Low
CUST00429,Organic Search,Tier 3,4.0,2150.35,537.5875,119.0,0.5797101449275363,1325.57,2671.5730018700856,Low
CUST00580,Referral,Tier 1,2.0,1462.79,731.395,147.0,0.4,2572.0099999999998,2670.6056914998912,Low
CUST00528,Paid Ads,Tier 2,6.0,4005.03,667.505,26.0,1.0909090909090908,3286.91,2669.798200637336,Low
CUST02343,Organic Search,Tier 3,7.0,4371.17,624.4528571428572,55.0,0.7954545454545455,0.0,2668.974675598039,Low
CUST00132,Social Media,Tier 1,6.0,3722.86,620.4766666666667,60.0,0.8450704225352113,3261.21,2668.9637031182397,Low
CUST02391,Email,Tier 3,5.0,3028.52,605.704,74.0,0.7177033492822966,4161.06,2657.221075686195,Low
CUST02259,Social Media,Tier 1,6.0,2903.8,483.9666666666667,22.0,0.9326424870466321,2394.62,2656.8804783541173,Low
CUST01605,Organic Search,Tier 2,6.0,4077.79,679.6316666666667,43.0,0.8823529411764706,1526.0100000000002,2654.9803246780625,Low
CUST01204,Organic Search,Tier 3,5.0,3302.2,660.4399999999999,68.0,0.7978723404255319,1162.9,2650.7019878363717,Low
CUST00473,Paid Ads,Tier 1,8.0,4173.7,521.7125,43.0,1.00418410041841,1925.65,2647.052196830193,Low
CUST00966,Paid Ads,Tier 1,7.0,4137.78,591.1114285714285,18.0,1.0396039603960396,1149.71,2646.0795705471296,Low
CUST00091,Paid Ads,Tier 2,2.0,1523.3400000000001,761.6700000000001,46.0,0.437956204379562,464.97,2645.244784635162,Low
CUST02093,Paid Ads,Tier 2,6.0,3232.1,538.6833333333333,32.0,0.9230769230769231,0.0,2642.477950633953,Low
CUST01040,Paid Ads,Tier 1,1.0,638.15,638.15,183.0,0.16393442622950818,5746.1900000000005,2624.9426078480706,Low
CUST01486,Social Media,Tier 1,7.0,4022.51,574.6442857142857,18.0,0.967741935483871,4030.5699999999997,2620.593157083507,Low
CUST02454,Organic Search,Tier 1,2.0,1536.75,768.375,19.0,0.2702702702702703,2639.0,2619.1301399390977,Low
CUST00930,Social Media,Tier 1,0.0,0.0,0.0,360.0,0.0,0.0,2615.0234589342504,Low
CUST02774,Paid Ads,Tier 2,3.0,2617.16,872.3866666666667,145.0,0.40358744394618834,0.0,2610.0551202457455,Low
CUST00170,Paid Ads,Tier 2,4.0,2234.76,558.69,68.0,0.6153846153846154,15866.97,2609.7326267556996,Low
CUST00670,Email,Tier 3,5.0,2743.01,548.6020000000001,54.0,0.9433962264150944,2735.34,2606.01771847038,Low
CUST02151,Organic Search,Tier 1,6.0,3048.98,508.16333333333336,2.0,0.8294930875576038,4135.7,2601.5559316899867,Low
CUST01625,Organic Search,Tier 2,1.0,519.7,519.7,21.0,1.4285714285714284,788.0,2589.826372661214,Low
CUST01838,Social Media,Tier 1,7.0,3584.95,512.1357142857142,8.0,1.0552763819095476,1650.17,2583.796496510872,Low
CUST02087,Social Media,Tier 1,3.0,1126.84,375.6133333333333,12.0,1.607142857142857,1674.51,2580.038121532947,Low
CUST02316,Organic Search,Tier 1,1.0,562.69,562.69,23.0,1.3043478260869565,465.73,2577.792609977109,Low
CUST00469,Organic Search,Tier 2,5.0,2451.07,490.21400000000006,46.0,1.5,2592.3199999999997,2569.2201488680353,Low
CUST00953,Organic Search,Tier 1,4.0,2183.46,545.865,62.0,0.5882352941176471,947.1800000000001,2569.015945329094,Low
CUST00073,Email,Tier 2,8.0,4325.38,540.6725,13.0,0.8823529411764706,1054.04,2562.0304316805873,Low
CUST00101,Organic Search,Tier 1,6.0,3718.35,619.725,13.0,0.8411214953271028,2319.4,2560.5623512523807,Low
CUST00300,Organic Search,Tier 3,2.0,847.27,423.635,8.0,0.3296703296703297,4532.26,2555.214919611145,Low
CUST00080,Paid Ads,Tier 3,4.0,1604.3899999999999,401.09749999999997,7.0,1.1214953271028036,3607.7200000000003,2551.5851367391338,Low
CUST00769,Organic Search,Tier 1,3.0,1022.1500000000001,340.7166666666667,51.0,0.5521472392638037,4506.68,2546.4662209728763,Low
CUST02759,Social Media,Tier 2,9.0,8433.9,937.0999999999999,165.0,0.8059701492537313,19745.94,2540.8408583339947,Low
CUST02906,Social Media,Tier 2,4.0,2602.64,650.66,88.0,0.6857142857142857,1752.15,2540.134137321929,Low
CUST00656,Social Media,Tier 3,8.0,4301.66,537.7075,5.0,1.0344827586206897,2406.57,2538.062647096872,Low
CUST00945,Organic Search,Tier 3,4.0,1788.6,447.15,75.0,0.6741573033707865,1575.1999999999998,2536.2128837024884,Low
CUST02223,Social Media,Tier 3,1.0,516.24,516.24,254.0,0.11811023622047244,5193.25,2532.8979645472773,Low
CUST02903,Referral,Tier 1,2.0,912.45,456.225,0.0,0.29850746268656714,4514.81,2527.922358157069,Low
CUST02077,Email,Tier 3,8.0,4184.54,523.0675,13.0,0.851063829787234,2653.24,2527.3841407315826,Low
CUST00237,Social Media,Tier 1,3.0,1413.29,471.09666666666664,40.0,1.607142857142857,1438.81,2522.5614157975497,Low
CUST02654,Paid Ads,Tier 3,1.0,307.91,307.91,0.0,30.0,1944.1999999999998,2521.2977712000597,Low
CUST01754,Organic Search,Tier 3,6.0,3884.11,647.3516666666667,1.0,0.8653846153846154,1017.9,2516.1040400090797,Low
CUST02825,Social Media,Tier 1,2.0,321.26,160.63,13.0,0.4225352112676056,3456.13,2515.9916801222994,Low
CUST02683,Paid Ads,Tier 2,4.0,1887.76,471.94,85.0,0.6349206349206349,2008.68,2514.752956175412,Low
CUST02367,Social Media,Tier 2,1.0,337.06,337.06,8.0,3.75,2453.37,2513.8778898420614,Low
CUST00466,Social Media,Tier 1,1.0,713.09,713.09,19.0,1.5789473684210527,1108.86,2512.8085817767487,Low
CUST00742,Referral,Tier 3,3.0,1382.6100000000001,460.87000000000006,1.0,6.923076923076923,2309.92,2511.578149716257,Low
CUST00690,Paid Ads,Tier 3,4.0,1621.71,405.4275,50.0,0.6091370558375634,1057.21,2510.930902940533,Low
CUST01969,Social Media,Tier 1,0.0,0.0,0.0,360.0,0.0,5209.11,2508.9181885753273,Low
CUST00899,Organic Search,Tier 2,3.0,1273.85,424.6166666666666,1.0,0.5294117647058824,3584.69,2507.7248914197635,Low
CUST00134,Social Media,Tier 2,5.0,2866.2799999999997,573.256,22.0,0.75,4381.02,2504.907261216408,Low
CUST02158,Organic Search,Tier 2,3.0,1129.6,376.5333333333333,26.0,0.2719033232628399,6316.91,2500.275916300592,Low
CUST01178,Email,Tier 3,4.0,2746.2200000000003,686.5550000000001,90.0,0.5084745762711864,3764.3199999999997,2499.8600794669233,Low
CUST02296,Organic Search,Tier 1,1.0,707.13,707.13,89.0,0.33707865168539325,2058.84,2497.5824638146773,Low
CUST00831,Organic Search,Tier 3,5.0,2662.59,532.518,6.0,0.78125,2199.1099999999997,2495.8418342382383,Low
CUST02517,Email,Tier 2,4.0,2435.26,608.815,1.0,0.6818181818181819,2199.39,2495.1759243672077,Low
CUST02251,Social Media,Tier 2,5.0,2909.71,581.942,2.0,1.0273972602739725,1450.5700000000002,2493.9672681764127,Low
CUST01073,Organic Search,Tier 2,2.0,880.5899999999999,440.29499999999996,5.0,8.571428571428571,2739.3599999999997,2493.72482481846,Low
CUST01107,Organic Search,Tier 1,3.0,1357.37,452.45666666666665,11.0,0.2735562310030395,6034.92,2488.6312392950713,Low
CUST00540,Email,Tier 2,7.0,4445.82,635.1171428571428,4.0,0.7692307692307692,2689.08,2488.4024239809028,Low
CUST00214,Organic Search,Tier 3,6.0,3326.99,554.4983333333333,22.0,1.1180124223602486,2778.41,2486.962683962804,Low
CUST01977,Organic Search,Tier 1,1.0,918.4,918.4,150.0,0.2,1850.26,2486.061319965858,Low
CUST00755,Email,Tier 3,2.0,1406.6399999999999,703.3199999999999,22.0,0.9375,2268.9500000000003,2485.900540350553,Low
CUST01698,Email,Tier 2,4.0,2743.09,685.7725,5.0,0.6486486486486487,590.82,2481.9557219078615,Low
CUST00455,Organic Search,Tier 3,7.0,3765.16,537.88,21.0,0.9952606635071091,1513.61,2481.1538685614123,Low
CUST00191,Social Media,Tier 1,4.0,2017.1100000000001,504.27750000000003,71.0,0.6936416184971098,1093.07,2480.886102647199,Low
CUST01388,Social Media,Tier 3,3.0,1570.0100000000002,523.3366666666667,53.0,0.4864864864864865,1477.0700000000002,2479.283896947839,Low
CUST02131,Paid Ads,Tier 2,4.0,2695.24,673.81,13.0,0.7100591715976331,1242.13,2478.3365721919495,Low
CUST00174,Organic Search,Tier 1,2.0,462.99,231.495,37.0,0.3076923076923077,2758.8,2478.2869811392643,Low
CUST01715,Paid Ads,Tier 2,3.0,1252.8999999999999,417.63333333333327,18.0,2.0454545454545454,1067.28,2477.939450047647,Low
CUST01994,Organic Search,Tier 1,5.0,3105.34,621.068,13.0,0.9090909090909092,4055.51,2476.3466654184776,Low
CUST01527,Organic Search,Tier 2,3.0,1553.24,517.7466666666667,0.0,0.5056179775280899,4211.82,2476.0365331529565,Low
CUST02808,Paid Ads,Tier 3,3.0,1177.95,392.65000000000003,8.0,0.8737864077669903,5403.59,2474.760716861827,Low
CUST00354,Organic Search,Tier 3,3.0,1195.19,398.3966666666667,4.0,1.6666666666666665,673.24,2470.9839759702822,Low
CUST00968,Paid Ads,Tier 3,8.0,5119.72,639.965,5.0,0.8275862068965517,1339.08,2470.527837340711,Low
CUST01297,Email,Tier 1,3.0,1434.78,478.26,14.0,0.28662420382165604,2202.67,2467.463043655726,Low
CUST01367,Referral,Tier 1,9.0,8465.04,940.5600000000001,187.0,0.8970099667774087,0.0,2467.3292963023796,Low
CUST01851,Organic Search,Tier 1,3.0,1379.34,459.78,4.0,2.0,1671.6999999999998,2466.837063010605,Low
CUST01301,Organic Search,Tier 1,4.0,1757.15,439.2875,28.0,0.6,5110.280000000001,2464.7520271961225,Low
CUST02029,Paid Ads,Tier 1,2.0,762.06,381.03,29.0,0.29411764705882354,4585.6,2460.440031760759,Low
CUST02385,Referral,Tier 2,0.0,0.0,0.0,360.0,0.0,1292.68,2454.672732865117,Low
CUST02855,Email,Tier 3,2.0,1367.1100000000001,683.5550000000001,52.0,0.335195530726257,4246.02,2454.5803847430598,Low
CUST01068,Organic Search,Tier 3,4.0,1764.8899999999999,441.22249999999997,6.0,0.8,4852.92,2453.1826829987513,Low
CUST00069,Referral,Tier 1,3.0,1653.8,551.2666666666667,74.0,0.5389221556886228,2164.31,2453.1025581047866,Low
CUST02044,Organic Search,Tier 2,5.0,2690.9399999999996,538.1879999999999,6.0,0.4807692307692307,5769.96,2451.6822818919004,Low
CUST02753,Organic Search,Tier 1,5.0,2287.32,457.46400000000006,14.0,1.0563380281690142,4882.04,2450.5068068319456,Low
CUST00883,Referral,Tier 1,0.0,0.0,0.0,360.0,0.0,3632.23,2449.059367750388,Low
CUST01257,Paid Ads,Tier 2,0.0,0.0,0.0,360.0,0.0,3427.71,2448.379953370383,Low
CUST00995,Paid Ads,Tier 1,5.0,2788.31,557.662,66.0,0.9803921568627452,2623.8199999999997,2446.258091783125,Low
CUST01133,Paid Ads,Tier 1,1.0,702.92,702.92,126.0,0.23809523809523808,4177.29,2445.947358703488,Low
CUST01906,Email,Tier 1,1.0,305.78,305.78,177.0,0.1694915254237288,869.52,2445.610911767247,Low
CUST02552,Organic Search,Tier 3,1.0,284.92,284.92,108.0,0.2777777777777778,5034.12,2444.5860828576474,Low
CUST01726,Social Media,Tier 2,3.0,1283.23,427.74333333333334,23.0,0.2786377708978328,0.0,2443.6010710490145,Low
CUST00565,Social Media,Tier 3,2.0,1130.51,565.255,71.0,0.3045685279187817,1381.83,2441.3974091736945,Low
CUST02339,Organic Search,Tier 1,6.0,3165.26,527.5433333333334,30.0,0.8490566037735849,4361.4,2440.666949734776,Low
CUST02350,Referral,Tier 3,3.0,2220.7,740.2333333333332,50.0,0.410958904109589,150.0,2440.6108448729187,Low
CUST00984,Organic Search,Tier 1,3.0,1175.1100000000001,391.7033333333334,2.0,0.41666666666666663,2377.36,2440.6071933594408,Low
CUST01752,Email,Tier 1,2.0,616.1600000000001,308.08000000000004,18.0,0.30150753768844224,3608.23,2440.526247606202,Low
CUST00644,Email,Tier 1,5.0,1997.01,399.402,12.0,1.0,4553.05,2439.867723873168,Low
CUST01904,Referral,Tier 1,3.0,1736.27,578.7566666666667,16.0,0.661764705882353,4137.84,2438.4908146679095,Low
CUST01735,Organic Search,Tier 2,1.0,243.45,243.45,29.0,1.0344827586206897,3985.0,2438.4647347686177,Low
CUST02292,Social Media,Tier 2,0.0,0.0,0.0,360.0,0.0,2138.15,2437.93927972232,Low
CUST00704,Social Media,Tier 2,5.0,2524.4900000000002,504.898,13.0,0.7537688442211056,3078.57,2437.1668369180247,Low
CUST02645,Referral,Tier 1,0.0,0.0,0.0,360.0,0.0,0.0,2437.0557093938064,Low
CUST00823,Social Media,Tier 1,0.0,0.0,0.0,360.0,0.0,3898.27,2436.5858709569134,Low
CUST01369,Email,Tier 2,2.0,589.67,294.835,113.0,0.36363636363636365,3008.71,2436.492980513689,Low
CUST02780,Email,Tier 3,3.0,1978.39,659.4633333333334,26.0,0.4712041884816754,2323.49,2435.388297673303,Low
CUST01693,Referral,Tier 2,4.0,2171.34,542.835,18.0,1.3186813186813189,2288.24,2435.0972368993025,Low
CUST00245,Social Media,Tier 1,2.0,1201.08,600.54,161.0,0.3389830508474576,2482.73,2434.928537340854,Low
CUST01362,Referral,Tier 1,6.0,3872.42,645.4033333333333,26.0,0.8955223880597015,2658.13,2434.5799246465062,Low
CUST01261,Social Media,Tier 1,4.0,2545.62,636.405,12.0,0.5084745762711864,4774.06,2434.129350036784,Low
CUST02901,Paid Ads,Tier 2,5.0,2836.34,567.268,20.0,0.6122448979591836,3535.47,2433.5782902420788,Low
CUST02858,Organic Search,Tier 3,2.0,797.56,398.78,8.0,1.25,3469.86,2433.5709596064253,Low
CUST02182,Organic Search,Tier 3,4.0,2278.1,569.525,3.0,0.8695652173913043,2414.29,2433.5344980355685,Low
CUST00333,Referral,Tier 2,1.0,380.28,380.28,76.0,0.39473684210526316,3234.8,2433.3582657630777,Low
CUST00603,Organic Search,Tier 2,1.0,467.83,467.83,6.0,5.0,1723.52,2432.285053035995,Low
CUST00038,Social Media,Tier 1,0.0,0.0,0.0,360.0,0.0,1730.9099999999999,2431.028870398569,Low
CUST02005,Social Media,Tier 2,2.0,1060.04,530.02,33.0,0.35502958579881655,1122.29,2430.915329822798,Low
CUST01157,Email,Tier 1,4.0,2468.15,617.0375,55.0,0.6382978723404256,1252.33,2430.6239685722503,Low
CUST02830,Paid Ads,Tier 1,2.0,751.02,375.51,51.0,0.39473684210526316,5022.09,2429.562699351406,Low
CUST02184,Paid Ads,Tier 1,0.0,0.0,0.0,360.0,0.0,2961.62,2429.123674449202,Low
CUST00169,Organic Search,Tier 3,2.0,927.76,463.88,113.0,0.35502958579881655,684.91,2426.9955049352075,Low
CUST01285,Organic Search,Tier 2,0.0,0.0,0.0,360.0,0.0,2300.75,2425.3709414380455,Low
CUST00319,Paid Ads,Tier 2,8.0,4474.08,559.26,47.0,0.7843137254901961,1383.08,2423.9604053997996,Low
CUST01537,Social Media,Tier 1,0.0,0.0,0.0,360.0,0.0,1412.8,2423.8039599682056,Low
CUST02250,Organic Search,Tier 3,4.0,2363.0699999999997,590.7674999999999,8.0,0.5607476635514018,1417.0,2422.5780264456384,Low
CUST00165,Social Media,Tier 1,2.0,565.4200000000001,282.71000000000004,160.0,0.36363636363636365,3136.38,2420.3916982559244,Low
CUST02366,Paid Ads,Tier 1,4.0,2043.56,510.89,18.0,0.6282722513089005,2524.85,2420.0200132540895,Low
CUST02269,Paid Ads,Tier 1,4.0,1387.32,346.83,47.0,0.7272727272727273,1995.29,2418.82963093793,Low
CUST01494,Social Media,Tier 3,5.0,2582.72,516.544,46.0,0.8620689655172413,0.0,2418.5552916460038,Low
CUST02401,Email,Tier 1,3.0,1417.44,472.48,2.0,0.8035714285714285,4530.12,2415.1486518315724,Low
CUST01165,Email,Tier 1,5.0,2547.63,509.526,3.0,0.7936507936507936,518.76,2414.6044610138943,Low
CUST02998,Paid Ads,Tier 1,3.0,1575.95,525.3166666666667,0.0,0.4455445544554455,3504.1800000000003,2413.9442305737543,Low
CUST01136,Paid Ads,Tier 3,5.0,2635.66,527.132,50.0,0.7177033492822966,3189.29,2413.9150955860787,Low
CUST02414,Email,Tier 1,9.0,4721.54,524.6155555555556,21.0,0.8517350157728707,3859.0699999999997,2413.9147624017246,Low
CUST00099,Email,Tier 1,5.0,2182.92,436.584,1.0,0.8108108108108109,1822.44,2413.580273438325,Low
CUST00677,Email,Tier 1,8.0,4365.8,545.725,44.0,0.9561752988047809,3528.6,2412.55444705085,Low
CUST02358,Paid Ads,Tier 2,1.0,707.3,707.3,126.0,0.23809523809523808,995.21,2412.128601719916,Low
CUST01277,Social Media,Tier 1,0.0,0.0,0.0,360.0,0.0,1259.06,2411.7919372558435,Low
CUST00645,Organic Search,Tier 1,3.0,1928.88,642.96,26.0,0.4812834224598931,962.77,2410.831655654963,Low
CUST01319,Paid Ads,Tier 2,6.0,3336.59,556.0983333333334,45.0,0.8071748878923767,4298.65,2408.04593944795,Low
CUST01009,Referral,Tier 1,0.0,0.0,0.0,360.0,0.0,422.83,2407.5926553503286,Low
CUST01820,Social Media,Tier 3,5.0,2929.08,585.816,1.0,1.2,1775.6200000000001,2407.018592580093,Low
CUST02818,Paid Ads,Tier 3,7.0,3434.7000000000003,490.67142857142863,32.0,0.8786610878661087,2199.36,2406.5166239571067,Low
CUST01951,Email,Tier 1,8.0,5121.28,640.16,90.0,0.6837606837606838,2098.37,2405.902205419333,Low
CUST02040,Organic Search,Tier 3,3.0,1532.3899999999999,510.7966666666666,74.0,0.5027932960893855,2748.07,2405.7254807927497,Low
CUST02356,Referral,Tier 2,2.0,1206.9299999999998,603.4649999999999,2.0,0.2912621359223301,3107.93,2404.35673264048,Low
CUST01556,Email,Tier 1,6.0,3439.34,573.2233333333334,96.0,0.8695652173913043,1588.84,2403.9989527341227,Low
CUST02031,Organic Search,Tier 2,3.0,1642.83,547.61,43.0,0.5232558139534884,1373.1000000000001,2403.934640711604,Low
CUST02456,Social Media,Tier 2,4.0,1886.55,471.6375,70.0,0.7407407407407407,1887.44,2403.54964054065,Low
CUST01504,Organic Search,Tier 3,4.0,2154.65,538.6625,3.0,0.8053691275167785,338.7,2402.336353308557,Low
CUST02394,Email,Tier 1,0.0,0.0,0.0,360.0,0.0,1994.17,2402.2053822843322,Low
CUST01898,Email,Tier 1,3.0,1868.38,622.7933333333334,4.0,0.5027932960893855,847.3,2401.3717058182224,Low
CUST00667,Paid Ads,Tier 1,2.0,929.96,464.98,52.0,0.3529411764705882,2429.02,2400.31006642008,Low
CUST02748,Organic Search,Tier 1,8.0,4162.93,520.36625,143.0,0.7476635514018691,5146.34,2399.9941499322463,Low
CUST01392,Email,Tier 1,2.0,1448.08,724.04,122.0,0.39473684210526316,1046.33,2399.046431916809,Low
CUST01614,Social Media,Tier 1,2.0,998.21,499.105,166.0,0.3314917127071823,4253.93,2399.025908161869,Low
CUST02202,Paid Ads,Tier 1,2.0,1257.8899999999999,628.9449999999999,94.0,0.3314917127071823,1694.29,2398.6861292662284,Low
CUST02898,Social Media,Tier 1,8.0,4814.36,601.795,7.0,1.0666666666666667,2706.87,2398.5784533201045,Low
CUST02427,Email,Tier 3,3.0,1869.4,623.1333333333333,45.0,0.5389221556886228,3131.76,2397.630088411088,Low
CUST00880,Organic Search,Tier 2,4.0,2611.87,652.9675,15.0,0.96,2627.27,2397.110358685202,Low
CUST01731,Referral,Tier 3,4.0,2396.78,599.195,56.0,0.5853658536585366,4632.96,2395.3180666095286,Low
CUST00691,Referral,Tier 3,3.0,1741.32,580.4399999999999,89.0,0.4,2682.85,2395.058240973299,Low
CUST00357,Social Media,Tier 1,6.0,3440.48,573.4133333333333,44.0,0.9944751381215469,2924.3,2394.8739240998766,Low
CUST02777,Referral,Tier 3,4.0,1977.56,494.39,6.0,0.8633093525179857,2198.82,2394.0125345012293,Low
CUST01555,Organic Search,Tier 1,3.0,1003.04,334.34666666666664,4.0,0.5294117647058824,3839.38,2393.7690712808403,Low
CUST01129,Referral,Tier 1,4.0,1933.45,483.3625,10.0,0.6857142857142857,1403.79,2393.7167443448952,Low
CUST01112,Social Media,Tier 3,4.0,1752.46,438.115,14.0,0.916030534351145,2402.02,2393.178139157407,Low
CUST02862,Referral,Tier 3,3.0,1643.79,547.93,49.0,0.548780487804878,4195.59,2391.8317868010895,Low
CUST02128,Social Media,Tier 2,3.0,1530.58,510.1933333333333,30.0,0.4205607476635514,2026.65,2391.5239190481443,Low
CUST01484,Referral,Tier 3,3.0,1131.6,377.2,14.0,0.6206896551724138,3007.07,2389.16142715098,Low
CUST01942,Paid Ads,Tier 3,2.0,592.83,296.415,6.0,0.47244094488188976,4180.01,2388.950854630159,Low
CUST01814,Social Media,Tier 2,4.0,2099.97,524.9925,6.0,0.6382978723404256,1541.31,2388.457009869819,Low
CUST00449,Social Media,Tier 3,0.0,0.0,0.0,360.0,0.0,1318.73,2388.110720779226,Low
CUST02527,Social Media,Tier 1,4.0,2346.65,586.6625,9.0,0.6557377049180327,2895.44,2387.407222289414,Low
CUST02651,Paid Ads,Tier 3,3.0,1656.6100000000001,552.2033333333334,31.0,0.5732484076433121,3036.77,2385.7406391583663,Low
CUST00909,Organic Search,Tier 2,2.0,504.84999999999997,252.42499999999998,19.0,0.2955665024630542,1229.38,2385.405792084103,Low
CUST00791,Social Media,Tier 1,2.0,1176.08,588.04,38.0,0.2912621359223301,513.67,2385.3999471960915,Low
CUST02404,Social Media,Tier 2,5.0,3039.48,607.896,89.0,0.4587155963302752,4673.59,2385.3269726148933,Low
CUST00946,Email,Tier 1,5.0,2453.69,490.738,40.0,1.0067114093959733,6026.33,2383.7809174484632,Low
CUST01837,Organic Search,Tier 1,4.0,2434.84,608.71,32.0,0.7594936708860759,0.0,2383.5687287704113,Low
CUST00638,Referral,Tier 2,3.0,1721.35,573.7833333333333,0.0,0.891089108910891,1588.46,2383.214700611864,Low
CUST02794,Social Media,Tier 2,4.0,2687.83,671.9575,24.0,0.5128205128205129,1519.4299999999998,2383.1590889337676,Low
CUST00598,Paid Ads,Tier 2,6.0,3798.31,633.0516666666666,29.0,0.8256880733944955,2831.62,2382.6359693297304,Low
CUST01609,Social Media,Tier 1,1.0,405.63,405.63,191.0,0.15706806282722513,2361.8599999999997,2382.588425125333,Low
CUST00381,Paid Ads,Tier 2,3.0,1182.35,394.1166666666666,13.0,0.7826086956521738,4133.77,2381.8325483353947,Low
CUST00252,Organic Search,Tier 2,4.0,1917.0900000000001,479.27250000000004,34.0,1.2371134020618557,2832.55,2381.7837047500284,Low
CUST01079,Referral,Tier 3,3.0,1333.6399999999999,444.5466666666666,19.0,0.5357142857142857,1201.67,2381.2895957963287,Low
CUST00260,Paid Ads,Tier 3,0.0,0.0,0.0,360.0,0.0,4203.45,2379.5007029126014,Low
CUST02447,Email,Tier 2,6.0,2635.1400000000003,439.19000000000005,29.0,0.5128205128205129,2519.43,2378.7810829193427,Low
CUST01022,Organic Search,Tier 2,3.0,2143.5,714.5,66.0,0.36,2019.0500000000002,2378.169667457875,Low
CUST01403,Paid Ads,Tier 3,0.0,0.0,0.0,360.0,0.0,3746.5,2378.1185033650163,Low
CUST00586,Paid Ads,Tier 2,3.0,1799.27,599.7566666666667,19.0,0.4812834224598931,732.8299999999999,2377.7258617518696,Low
CUST01463,Social Media,Tier 2,4.0,2243.71,560.9275,17.0,0.5825242718446602,3201.05,2376.852109957855,Low
CUST00838,Paid Ads,Tier 1,6.0,3396.5,566.0833333333334,37.0,0.8999999999999999,2727.51,2376.711414890883,Low
CUST00976,Organic Search,Tier 2,3.0,1652.5900000000001,550.8633333333333,14.0,0.6521739130434783,1136.8600000000001,2376.4023229697323,Low
CUST00705,Referral,Tier 1,4.0,1613.49,403.3725,16.0,1.2121212121212122,3148.44,2376.195257428355,Low
CUST02848,Paid Ads,Tier 1,4.0,1974.94,493.735,3.0,0.7947019867549668,5562.4,2373.956254438647,Low
CUST01561,Paid Ads,Tier 1,0.0,0.0,0.0,360.0,0.0,4683.32,2372.693167749405,Low
CUST01101,Email,Tier 1,5.0,2323.17,464.634,12.0,0.8108108108108109,3603.84,2372.6383732533895,Low
CUST00244,Organic Search,Tier 1,6.0,3065.73,510.955,6.0,0.8490566037735849,3863.56,2372.370833755928,Low
CUST01999,Social Media,Tier 2,1.0,904.13,904.13,143.0,0.2097902097902098,1263.7,2371.8034631548235,Low
CUST01506,Organic Search,Tier 2,2.0,741.49,370.745,7.0,0.8108108108108109,2551.08,2371.5497415173127,Low
CUST00153,Social Media,Tier 1,6.0,2525.14,420.8566666666666,2.0,0.7377049180327868,2036.66,2370.960831430771,Low
CUST01222,Social Media,Tier 1,4.0,2385.0,596.25,10.0,0.8633093525179857,4183.49,2370.911672157253,Low
CUST01539,Organic Search,Tier 3,1.0,746.03,746.03,99.0,0.30303030303030304,2207.86,2370.9112389409365,Low
CUST02982,Paid Ads,Tier 2,1.0,150.0,150.0,25.0,1.2,3036.11,2370.7100154450663,Low
CUST01393,Organic Search,Tier 2,5.0,2727.29,545.458,32.0,0.5976095617529881,2642.62,2369.7207965348225,Low
CUST00860,Referral,Tier 3,2.0,791.3,395.65,137.0,0.37735849056603776,183.48,2369.6422292188113,Low
CUST00947,Social Media,Tier 1,5.0,2611.4300000000003,522.2860000000001,40.0,0.9740259740259739,1366.6000000000001,2369.2310542392916,Low
CUST00168,Email,Tier 2,2.0,1091.6200000000001,545.8100000000001,161.0,0.33333333333333337,2953.06,2367.8059329150474,Low
CUST02797,Social Media,Tier 1,1.0,274.26,274.26,39.0,0.7692307692307692,3083.14,2367.684318195738,Low
CUST00349,Social Media,Tier 2,3.0,1428.35,476.1166666666666,44.0,0.2922077922077922,5541.51,2367.329424024651,Low
CUST01651,Organic Search,Tier 1,3.0,1178.19,392.73,20.0,0.5389221556886228,0.0,2366.5167967216767,Low
CUST02991,Social Media,Tier 3,4.0,2687.79,671.9475,152.0,0.4669260700389105,3207.7799999999997,2365.3752775271546,Low
CUST00614,Social Media,Tier 3,2.0,1271.85,635.925,51.0,0.2702702702702703,5123.07,2364.2735550187667,Low
CUST02157,Paid Ads,Tier 3,5.0,3088.45,617.6899999999999,14.0,0.6696428571428572,0.0,2364.0092856802084,Low
CUST00601,Organic Search,Tier 1,6.0,2600.36,433.3933333333334,7.0,0.9836065573770493,1784.36,2363.187088120859,Low
CUST01759,Social Media,Tier 1,4.0,2450.99,612.7475,63.0,0.8823529411764706,3997.7599999999998,2360.13777937914,Low
CUST01789,Paid Ads,Tier 2,4.0,2140.85,535.2125,43.0,0.5970149253731343,4013.45,2359.661301460579,Low
CUST00896,Organic Search,Tier 2,1.0,455.12,455.12,1.0,30.0,1064.1599999999999,2356.608062934072,Low
CUST00334,Organic Search,Tier 1,6.0,3947.7,657.9499999999999,78.0,0.8144796380090498,2886.33,2356.471710890143,Low
CUST01796,Paid Ads,Tier 1,5.0,2294.03,458.80600000000004,81.0,0.9090909090909092,1728.1399999999999,2355.199640588677,Low
CUST01601,Organic Search,Tier 2,4.0,2190.75,547.6875,90.0,0.3883495145631068,3597.9,2354.9914000045246,Low
CUST01769,Social Media,Tier 1,1.0,424.32,424.32,166.0,0.18072289156626506,3254.05,2354.3675176750903,Low
CUST00450,Referral,Tier 1,2.0,1031.8700000000001,515.9350000000001,54.0,0.3076923076923077,2519.4300000000003,2353.7817492895624,Low
CUST00584,Organic Search,Tier 3,5.0,2984.5,596.9,18.0,0.6072874493927125,2123.43,2353.247087642441,Low
CUST02272,Organic Search,Tier 2,1.0,180.86,180.86,74.0,0.40540540540540543,1468.52,2351.460348981517,Low
CUST02733,Referral,Tier 3,7.0,4471.8,638.8285714285714,4.0,0.9859154929577465,1781.6499999999999,2350.93890621318,Low
CUST00190,Paid Ads,Tier 1,3.0,1845.58,615.1933333333333,53.0,0.4072398190045249,3463.37,2350.80710505031,Low
CUST02300,Organic Search,Tier 2,3.0,1387.48,462.49333333333334,56.0,0.5056179775280899,2720.95,2350.419594272197,Low
CUST02304,Paid Ads,Tier 1,3.0,1948.31,649.4366666666666,13.0,0.5027932960893855,3973.24,2350.376011890948,Low
CUST01926,Referral,Tier 1,5.0,2315.7599999999998,463.15199999999993,8.0,0.5747126436781609,2981.5699999999997,2349.5834149913394,Low
CUST02026,Social Media,Tier 1,5.0,2316.8999999999996,463.37999999999994,31.0,0.5639097744360901,2282.65,2349.5685064700397,Low
CUST00602,Referral,Tier 1,8.0,4741.18,592.6475,33.0,0.6916426512968299,3449.0,2348.3388024699175,Low
CUST02183,Email,Tier 1,3.0,860.7,286.90000000000003,17.0,0.6923076923076923,2296.54,2347.613108311739,Low
CUST01717,Paid Ads,Tier 1,3.0,1256.95,418.98333333333335,17.0,0.5454545454545454,1431.1,2347.6063871162733,Low
CUST02529,Organic Search,Tier 2,3.0,1687.5700000000002,562.5233333333334,58.0,0.743801652892562,2779.35,2347.0186881783734,Low
CUST02828,Organic Search,Tier 3,4.0,2375.23,593.8075,10.0,0.967741935483871,3621.01,2346.8705985231136,Low
CUST01095,Organic Search,Tier 1,3.0,1101.6399999999999,367.2133333333333,101.0,0.5732484076433121,0.0,2346.2624782858493,Low
CUST02451,Referral,Tier 2,2.0,1086.03,543.015,20.0,0.38961038961038963,2512.05,2344.794099831806,Low
CUST02707,Email,Tier 3,3.0,1575.57,525.1899999999999,26.0,0.47619047619047616,3965.35,2342.859472416021,Low
CUST02613,Paid Ads,Tier 2,3.0,1536.23,512.0766666666667,5.0,0.5921052631578947,4238.1,2342.652389767092,Low
CUST01289,Organic Search,Tier 2,4.0,1837.42,459.355,5.0,0.7947019867549668,2632.44,2342.204235839243,Low
CUST00722,Paid Ads,Tier 1,3.0,1508.01,502.67,12.0,0.7258064516129032,891.76,2342.1397784389646,Low
CUST00431,Paid Ads,Tier 1,3.0,1754.26,584.7533333333333,5.0,0.576923076923077,2635.99,2341.87314270257,Low
CUST01228,Organic Search,Tier 2,7.0,3710.7200000000003,530.1028571428571,8.0,0.967741935483871,2356.77,2341.1425729685197,Low
CUST02581,Social Media,Tier 3,5.0,2483.2599999999998,496.65199999999993,3.0,0.646551724137931,1153.06,2340.483992611065,Low
CUST02050,Organic Search,Tier 2,8.0,4591.47,573.93375,28.0,0.6997084548104956,892.4,2340.2591841236276,Low
CUST02741,Organic Search,Tier 3,5.0,3166.94,633.388,29.0,0.6756756756756757,5651.1,2339.8972629383525,Low
CUST02751,Social Media,Tier 2,3.0,1357.48,452.49333333333334,79.0,0.548780487804878,1931.9,2339.895722882769,Low
CUST00903,Organic Search,Tier 1,4.0,2239.72,559.93,10.0,0.36036036036036034,3933.57,2339.856099045259,Low
CUST01795,Email,Tier 2,4.0,1384.33,346.0825,50.0,0.6382978723404256,2473.33,2339.7224984336344,Low
CUST00941,Email,Tier 1,2.0,1541.51,770.755,87.0,0.27906976744186046,2711.5099999999998,2338.6177720535848,Low
CUST02000,Email,Tier 1,0.0,0.0,0.0,360.0,0.0,2004.09,2337.2309153392894,Low
CUST00959,Organic Search,Tier 2,1.0,269.81,269.81,26.0,1.153846153846154,4599.9,2336.9347273824055,Low
CUST00024,Organic Search,Tier 2,6.0,2530.15,421.69166666666666,66.0,0.7894736842105263,2834.21,2336.1746437209563,Low
CUST00226,Organic Search,Tier 1,2.0,837.29,418.645,73.0,0.22556390977443608,4232.78,2335.1988775294794,Low
CUST00022,Paid Ads,Tier 1,2.0,732.85,366.425,71.0,0.31746031746031744,2457.92,2334.891528991848,Low
CUST02714,Organic Search,Tier 1,4.0,2350.51,587.6275,50.0,1.0256410256410258,2571.25,2334.5907287899477,Low
CUST00608,Organic Search,Tier 3,2.0,1069.4099999999999,534.7049999999999,168.0,0.30927835051546393,4747.68,2334.2808103748052,Low
CUST01413,Organic Search,Tier 2,3.0,1018.57,339.52333333333337,101.0,0.5555555555555556,2207.57,2333.671531632901,Low
CUST01034,Social Media,Tier 1,4.0,1892.35,473.0875,36.0,0.7547169811320755,5891.08,2332.7188486006808,Low
CUST00884,Organic Search,Tier 2,6.0,3175.29,529.215,11.0,0.743801652892562,3767.93,2331.8863033632792,Low
CUST00355,Organic Search,Tier 2,4.0,2000.2,500.05,15.0,0.4979253112033195,4214.61,2331.782761154772,Low
CUST01822,Email,Tier 1,0.0,0.0,0.0,360.0,0.0,689.74,2330.7286171283486,Low
CUST01162,Referral,Tier 2,3.0,842.6400000000001,280.88000000000005,0.0,1.5517241379310345,3687.3,2330.231415284044,Low
CUST02238,Email,Tier 2,1.0,595.47,595.47,23.0,1.3043478260869565,2550.41,2330.1514941094038,Low
CUST00373,Organic Search,Tier 2,5.0,2616.19,523.238,48.0,0.684931506849315,3476.14,2330.0522696408893,Low
CUST00146,Organic Search,Tier 2,1.0,541.69,541.69,172.0,0.1744186046511628,2280.73,2329.9700555732256,Low
CUST01604,Email,Tier 2,4.0,2510.51,627.6275,7.0,1.0526315789473684,1139.17,2329.7169033401688,Low
CUST00123,Organic Search,Tier 1,1.0,585.92,585.92,171.0,0.17543859649122806,2451.49,2329.075367801353,Low
CUST01776,Organic Search,Tier 2,6.0,4073.0,678.8333333333334,28.0,0.7086614173228346,4145.17,2328.856908753714,Low
CUST00176,Paid Ads,Tier 3,3.0,1201.88,400.6266666666667,42.0,0.5232558139534884,1051.05,2328.8240992979,Low
CUST01856,Paid Ads,Tier 1,4.0,1855.97,463.9925,13.0,0.9375,4580.9,2327.78910489976,Low
CUST01738,Organic Search,Tier 2,6.0,3288.09,548.015,19.0,0.7792207792207793,4980.3,2327.012681146384,Low
CUST00161,Social Media,Tier 1,3.0,1688.77,562.9233333333333,47.0,0.40358744394618834,3550.73,2326.22722484706,Low
CUST00517,Social Media,Tier 2,4.0,2468.11,617.0275,65.0,0.6629834254143646,1820.0700000000002,2325.875461845372,Low
CUST01193,Email,Tier 2,5.0,1832.83,366.566,4.0,0.7075471698113208,2472.9,2324.6443575826984,Low
CUST01803,Social Media,Tier 2,6.0,3531.75,588.625,52.0,0.6844106463878328,4057.89,2324.230984275318,Low
CUST00001,Paid Ads,Tier 3,2.0,815.1500000000001,407.57500000000005,74.0,0.34285714285714286,1824.54,2324.1249066093224,Low
CUST00145,Organic Search,Tier 3,2.0,850.0600000000001,425.03000000000003,17.0,0.3296703296703297,4278.19,2320.6037052111797,Low
CUST02095,Social Media,Tier 2,3.0,1287.6100000000001,429.2033333333334,95.0,0.49723756906077343,2228.28,2320.5682427136467,Low
CUST02065,Social Media,Tier 1,5.0,2311.27,462.254,62.0,0.625,3139.79,2320.4365079500303,Low
CUST00124,Paid Ads,Tier 2,5.0,2834.3199999999997,566.8639999999999,10.0,0.43103448275862066,2310.01,2320.239494734146,Low
CUST02911,Paid Ads,Tier 1,5.0,2990.66,598.132,12.0,0.704225352112676,1524.55,2319.3195571860338,Low
CUST02218,Social Media,Tier 1,4.0,2233.8100000000004,558.4525000000001,29.0,0.4938271604938272,3092.93,2318.9559084441426,Low
CUST01203,Paid Ads,Tier 2,5.0,2956.67,591.3340000000001,0.0,0.4322766570605187,3070.9,2317.679230628811,Low
CUST01949,Paid Ads,Tier 3,1.0,291.3,291.3,192.0,0.15625,2468.14,2317.5307923086775,Low
CUST01575,Paid Ads,Tier 1,2.0,1156.16,578.08,1.0,0.5042016806722689,2862.92,2317.4730641417236,Low
CUST01375,Email,Tier 1,5.0,2576.01,515.202,66.0,0.6912442396313364,2642.86,2316.3041242264594,Low
CUST01636,Social Media,Tier 2,5.0,3385.45,677.0899999999999,19.0,0.8771929824561403,2221.88,2316.111579908472,Low
CUST00461,Organic Search,Tier 1,0.0,0.0,0.0,360.0,0.0,2985.16,2314.773708116439,Low
CUST00294,Paid Ads,Tier 2,3.0,1827.1999999999998,609.0666666666666,15.0,0.5389221556886228,3541.55,2314.741646125307,Low
CUST00920,Email,Tier 1,3.0,1726.05,575.35,23.0,0.2821316614420063,4652.88,2314.2641865364862,Low
CUST02422,Social Media,Tier 2,3.0,731.02,243.67333333333332,82.0,0.4545454545454546,1297.7199999999998,2313.9754887783647,Low
CUST00372,Organic Search,Tier 3,3.0,1400.8700000000001,466.9566666666667,79.0,0.30716723549488056,4277.59,2313.960093937574,Low
CUST00263,Social Media,Tier 2,4.0,2149.38,537.345,71.0,0.7947019867549668,296.62,2313.4319051890343,Low
CUST02402,Organic Search,Tier 3,2.0,1158.35,579.175,57.0,0.8955223880597015,3739.71,2313.247141419548,Low
CUST01840,Email,Tier 2,2.0,1212.1499999999999,606.0749999999999,55.0,1.0714285714285714,2188.98,2313.139534793386,Low
CUST00546,Social Media,Tier 1,5.0,2236.3,447.26000000000005,72.0,0.4823151125401929,4334.17,2312.8278245534357,Low
CUST02466,Organic Search,Tier 1,6.0,3193.8,532.3000000000001,21.0,0.8071748878923767,0.0,2312.4233602363283,Low
CUST02335,Organic Search,Tier 2,3.0,1719.75,573.25,2.0,0.6040268456375839,3918.99,2312.297997995117,Low
CUST02053,Email,Tier 2,4.0,1576.66,394.165,11.0,0.4411764705882353,1396.45,2310.5844661314018,Low
CUST00182,Organic Search,Tier 2,1.0,322.75,322.75,131.0,0.22900763358778625,3471.36,2310.337169363811,Low
CUST00144,Paid Ads,Tier 1,2.0,758.81,379.405,23.0,0.20905923344947736,1556.4,2310.113490260243,Low
CUST01902,Social Media,Tier 1,3.0,1522.01,507.33666666666664,85.0,0.6293706293706294,4724.47,2309.618368700521,Low
CUST01765,Paid Ads,Tier 1,6.0,3282.8199999999997,547.1366666666667,67.0,0.8372093023255813,0.0,2309.376010922431,Low
CUST02595,Social Media,Tier 3,1.0,595.49,595.49,91.0,0.3296703296703297,2280.9,2309.273948959595,Low
CUST00149,Organic Search,Tier 1,2.0,1027.07,513.535,25.0,0.31746031746031744,1331.4499999999998,2309.0862171320223,Low
CUST02144,Social Media,Tier 1,6.0,3372.46,562.0766666666667,12.0,0.9278350515463918,3324.6,2308.4557940390537,Low
CUST02232,Organic Search,Tier 2,2.0,829.27,414.635,32.0,0.5555555555555556,2125.13,2308.0354000283764,Low
CUST01799,Organic Search,Tier 1,5.0,2942.64,588.528,16.0,0.6437768240343348,2013.52,2307.7509456792986,Low
CUST02612,Paid Ads,Tier 3,3.0,1529.73,509.91,38.0,0.5027932960893855,4118.69,2307.5282951053127,Low
CUST00014,Organic Search,Tier 3,4.0,2448.83,612.2075,71.0,0.5581395348837209,1987.12,2307.196707097568,Low
CUST01722,Referral,Tier 2,7.0,4279.6,611.3714285714286,62.0,0.7023411371237458,1086.13,2306.5953119313413,Low
CUST01340,Social Media,Tier 3,5.0,2853.39,570.678,57.0,0.6818181818181819,1826.68,2306.1457908127145,Low
CUST01594,Paid Ads,Tier 1,4.0,2431.27,607.8175,29.0,1.142857142857143,2080.15,2305.744675704638,Low
CUST00503,Social Media,Tier 3,1.0,702.95,702.95,120.0,0.25,1710.53,2305.677410315113,Low
CUST00777,Organic Search,Tier 1,2.0,1174.71,587.355,88.0,0.2654867256637168,2723.49,2305.5666415496953,Low
CUST00901,Organic Search,Tier 2,4.0,2043.79,510.9475,10.0,0.8571428571428571,1360.49,2305.10328578131,Low
CUST00673,Paid Ads,Tier 3,2.0,1032.14,516.07,91.0,0.2912621359223301,3075.76,2304.966818656127,Low
CUST01274,Social Media,Tier 2,3.0,1377.25,459.0833333333333,71.0,0.569620253164557,750.6,2303.1442231683095,Low
CUST01188,Paid Ads,Tier 2,3.0,1683.48,561.16,56.0,0.5882352941176471,1203.81,2302.9132333400808,Low
CUST02408,Paid Ads,Tier 1,2.0,1046.03,523.015,83.0,0.2912621359223301,1254.9,2302.2776339453076,Low
CUST02436,Referral,Tier 1,7.0,3481.4399999999996,497.34857142857135,50.0,0.9859154929577465,2213.98,2301.8593024829797,Low
CUST02421,Organic Search,Tier 3,5.0,1942.04,388.408,50.0,0.7317073170731707,3304.34,2300.4866579957716,Low
CUST00330,Organic Search,Tier 1,2.0,936.73,468.365,149.0,0.37037037037037035,4397.26,2300.0961361666878,Low
CUST02972,Social Media,Tier 1,2.0,1129.01,564.505,68.0,0.3314917127071823,1789.29,2299.320646837291,Low
CUST02895,Email,Tier 2,0.0,0.0,0.0,360.0,0.0,3039.19,2298.5166422444945,Low
CUST02625,Social Media,Tier 1,2.0,1196.17,598.085,25.0,0.17595307917888564,2340.71,2297.494804489513,Low
CUST02014,Email,Tier 3,4.0,1899.81,474.9525,7.0,0.39215686274509803,2653.33,2296.279028053803,Low
CUST02494,Organic Search,Tier 2,3.0,1850.46,616.82,31.0,0.6716417910447761,2722.05,2294.622859920707,Low
CUST00776,Social Media,Tier 3,3.0,1426.92,475.64000000000004,84.0,0.6293706293706294,1857.66,2294.5730335214703,Low
CUST01753,Paid Ads,Tier 3,1.0,411.1,411.1,57.0,0.5263157894736842,1543.57,2294.5526814411764,Low
CUST01505,Paid Ads,Tier 2,3.0,1075.3400000000001,358.4466666666667,76.0,0.36734693877551017,1828.3600000000001,2294.1811347816124,Low
CUST01798,Organic Search,Tier 1,6.0,3518.68,586.4466666666666,0.0,0.5678233438485805,1079.71,2293.6467526772612,Low
CUST00361,Social Media,Tier 1,1.0,526.55,526.55,240.0,0.125,3007.36,2293.338569503636,Low
CUST02653,Email,Tier 2,7.0,3917.55,559.65,53.0,0.813953488372093,3100.45,2292.142752194162,Low
CUST01298,Organic Search,Tier 1,2.0,934.96,467.48,18.0,0.37735849056603776,562.25,2291.9786490573674,Low
CUST02538,Social Media,Tier 2,4.0,2159.69,539.9225,92.0,0.875912408759124,935.3199999999999,2291.9429648047035,Low
CUST01679,Referral,Tier 2,3.0,2034.26,678.0866666666667,35.0,0.3,4360.64,2291.178385500851,Low
CUST01652,Organic Search,Tier 1,4.0,1850.64,462.66,54.0,0.5911330049261084,2757.71,2289.6304816107054,Low
CUST02756,Organic Search,Tier 3,2.0,1079.1399999999999,539.5699999999999,91.0,0.273972602739726,487.48,2288.062514365983,Low
CUST01119,Organic Search,Tier 2,2.0,924.19,462.095,14.0,0.31088082901554404,1969.4299999999998,2287.938592574141,Low
CUST02073,Organic Search,Tier 2,3.0,1576.25,525.4166666666666,87.0,0.5882352941176471,1003.9000000000001,2287.811449073715,Low
CUST02019,Organic Search,Tier 3,5.0,2392.52,478.504,11.0,0.45180722891566266,1389.88,2287.7980772779074,Low
CUST02909,Email,Tier 2,6.0,3477.62,579.6033333333334,26.0,0.8071748878923767,1935.1399999999999,2287.796500984947,Low
CUST00167,Organic Search,Tier 3,1.0,782.3,782.3,240.0,0.125,1332.01,2287.7442847456055,Low
CUST02713,Email,Tier 1,3.0,2034.9699999999998,678.3233333333333,6.0,0.7142857142857142,2292.67,2287.0508915468304,Low
CUST00498,Organic Search,Tier 2,5.0,2301.05,460.21000000000004,23.0,0.6666666666666667,1977.02,2286.8610348731363,Low
CUST00251,Paid Ads,Tier 1,3.0,1520.3799999999999,506.7933333333333,5.0,0.5844155844155844,1667.6799999999998,2286.6087311766705,Low
CUST02912,Paid Ads,Tier 2,4.0,2150.43,537.6075,64.0,0.5454545454545454,4205.360000000001,2286.0450127122144,Low
CUST02412,Email,Tier 1,4.0,2455.71,613.9275,50.0,0.6779661016949152,3030.48,2284.351882558431,Low
CUST00057,Organic Search,Tier 1,6.0,2690.59,448.4316666666667,49.0,0.8490566037735849,5962.36,2284.2630743854493,Low
CUST00324,Email,Tier 3,2.0,637.74,318.87,37.0,0.36585365853658536,1885.96,2283.202457620269,Low
CUST02835,Social Media,Tier 1,4.0,2416.44,604.11,89.0,0.5042016806722689,2085.54,2283.1694647658032,Low
CUST02765,Social Media,Tier 2,4.0,1330.62,332.655,0.0,0.5581395348837209,0.0,2282.321542832469,Low
CUST01254,Social Media,Tier 3,6.0,3474.7200000000003,579.12,43.0,0.7003891050583657,861.92,2282.2387339928496,Low
CUST01082,Organic Search,Tier 1,2.0,306.55,153.275,34.0,0.5504587155963303,3453.16,2281.6513217992433,Low
CUST00371,Referral,Tier 2,1.0,599.28,599.28,61.0,0.49180327868852464,2512.05,2281.5558930514394,Low
CUST00005,Social Media,Tier 3,4.0,2070.86,517.715,74.0,0.9302325581395349,2744.95,2281.3090174324025,Low
CUST01031,Organic Search,Tier 1,6.0,2887.77,481.295,79.0,0.7563025210084033,2623.77,2281.1370152754585,Low
CUST01411,Paid Ads,Tier 1,3.0,1942.51,647.5033333333333,54.0,0.45918367346938777,4444.2300000000005,2279.7096833694886,Low
CUST00376,Social Media,Tier 1,2.0,793.8599999999999,396.92999999999995,33.0,0.33333333333333337,4488.24,2279.455059374266,Low
CUST02708,Organic Search,Tier 1,5.0,2548.27,509.654,64.0,0.7389162561576355,1276.6399999999999,2279.4011892282324,Low
CUST00783,Referral,Tier 2,11.0,5582.68,507.5163636363637,10.0,1.2941176470588236,1878.34,2279.343538457092,Low
CUST02081,Paid Ads,Tier 2,4.0,1674.28,418.57,76.0,0.5150214592274678,2970.76,2278.861616126889,Low
CUST02670,Social Media,Tier 1,4.0,1937.1100000000001,484.27750000000003,20.0,0.9448818897637795,5702.07,2278.7882445301816,Low
CUST01011,Organic Search,Tier 1,2.0,1411.0500000000002,705.5250000000001,51.0,0.25862068965517243,1294.8799999999999,2278.151365557717,Low
CUST01770,Organic Search,Tier 1,3.0,1431.99,477.33,41.0,0.5357142857142857,2239.41,2276.9749427695506,Low
CUST01582,Organic Search,Tier 1,3.0,1628.25,542.75,57.0,0.6666666666666667,2329.29,2276.8629094717753,Low
CUST00888,Paid Ads,Tier 1,0.0,0.0,0.0,360.0,0.0,1956.13,2276.58978599849,Low
CUST00965,Referral,Tier 1,3.0,1267.3400000000001,422.4466666666667,42.0,0.8256880733944955,323.45,2276.510778823383,Low
CUST00006,Organic Search,Tier 2,3.0,1595.3,531.7666666666667,26.0,0.4891304347826087,758.6,2276.307126448335,Low
CUST01127,Email,Tier 1,4.0,2453.58,613.395,71.0,0.5172413793103449,4403.36,2275.8652980892743,Low
CUST01911,Social Media,Tier 1,3.0,1876.23,625.41,53.0,0.5389221556886228,2822.82,2275.285899301784,Low
CUST02840,Social Media,Tier 2,2.0,1267.3000000000002,633.6500000000001,75.0,0.45112781954887216,3958.8199999999997,2275.2212141286664,Low
CUST01846,Referral,Tier 2,4.0,2394.3199999999997,598.5799999999999,1.0,0.4444444444444445,1524.0300000000002,2274.941243501773,Low
CUST00013,Email,Tier 2,20.0,34276.96,1713.848,88.0,2.4691358024691357,0.0,2274.717767500832,Low
CUST01694,Organic Search,Tier 1,0.0,0.0,0.0,360.0,0.0,1870.0700000000002,2274.5960219972767,Low
CUST02137,Organic Search,Tier 2,4.0,2153.57,538.3925,34.0,0.5607476635514018,1512.76,2274.2309520519325,Low
CUST02884,Social Media,Tier 2,4.0,2712.04,678.01,68.0,0.4528301886792453,4396.73,2272.472633839209,Low
CUST02290,Social Media,Tier 1,4.0,2299.0,574.75,54.0,0.45627376425855515,2641.0,2271.92512772247,Low
CUST00209,Paid Ads,Tier 1,3.0,1261.1100000000001,420.37000000000006,67.0,0.3383458646616541,1844.76,2270.7169528520108,Low
CUST02811,Email,Tier 3,3.0,1364.04,454.68,6.0,0.375,3101.38,2269.766452844092,Low
CUST02109,Organic Search,Tier 1,1.0,626.1,626.1,33.0,0.9090909090909092,1814.48,2269.7301424006205,Low
CUST01808,Paid Ads,Tier 1,3.0,1584.0900000000001,528.0300000000001,57.0,0.576923076923077,1798.84,2269.538024508321,Low
CUST02330,Organic Search,Tier 2,2.0,586.01,293.005,46.0,0.46511627906976744,2838.43,2269.0023878797874,Low
CUST00059,Email,Tier 2,4.0,2287.34,571.835,26.0,0.8391608391608392,2645.8900000000003,2268.477169963829,Low
CUST01106,Organic Search,Tier 2,5.0,3037.53,607.5060000000001,6.0,0.5102040816326531,687.08,2268.224874113685,Low
CUST00558,Paid Ads,Tier 1,2.0,747.35,373.675,50.0,0.43478260869565216,3538.97,2267.514504534182,Low
CUST02348,Paid Ads,Tier 2,3.0,1222.4,407.4666666666667,19.0,0.5027932960893855,2115.19,2267.4599310458884,Low
CUST01848,Organic Search,Tier 2,4.0,2453.5,613.375,42.0,0.3669724770642202,3608.4,2267.3556675872846,Low
CUST00217,Organic Search,Tier 1,1.0,405.64,405.64,46.0,0.6521739130434783,1391.52,2267.1744352215624,Low
CUST02200,Referral,Tier 1,2.0,1318.69,659.345,59.0,0.24793388429752067,1359.0700000000002,2266.397028311512,Low
CUST02883,Paid Ads,Tier 1,1.0,306.4,306.4,85.0,0.3529411764705882,2611.86,2265.8629050666777,Low
CUST01748,Organic Search,Tier 1,4.0,1697.98,424.495,33.0,0.9917355371900827,0.0,2264.549424720842,Low
CUST02978,Social Media,Tier 1,7.0,3871.59,553.0842857142858,23.0,0.608695652173913,2227.84,2262.9660989291083,Low
CUST01750,Paid Ads,Tier 1,3.0,1768.6,589.5333333333333,5.0,0.3383458646616541,3160.58,2262.6241072473895,Low
CUST01489,Social Media,Tier 2,3.0,1347.66,449.22,61.0,0.5960264900662252,2565.69,2262.4974448608264,Low
CUST02841,Referral,Tier 3,3.0,1611.2399999999998,537.0799999999999,28.0,0.4205607476635514,959.54,2262.4020640693475,Low
CUST00378,Paid Ads,Tier 1,1.0,629.84,629.84,176.0,0.17045454545454547,0.0,2261.871380967796,Low
CUST00050,Organic Search,Tier 3,3.0,1706.27,568.7566666666667,47.0,0.30927835051546393,4965.84,2261.1756174140814,Low
CUST00761,Paid Ads,Tier 3,3.0,1253.06,417.68666666666667,93.0,0.5454545454545454,1548.12,2260.4100284003216,Low
CUST01908,Organic Search,Tier 2,3.0,1673.1399999999999,557.7133333333333,48.0,0.5172413793103449,0.0,2260.401567638672,Low
CUST00729,Social Media,Tier 2,4.0,1595.82,398.955,26.0,0.410958904109589,2836.88,2260.2931664318457,Low
CUST02113,Organic Search,Tier 2,1.0,791.6,791.6,269.0,0.11152416356877323,0.0,2260.215974504439,Low
CUST00828,Organic Search,Tier 2,1.0,251.95,251.95,64.0,0.46875,1782.6699999999998,2260.0232748828303,Low
CUST02173,Organic Search,Tier 3,7.0,3673.58,524.7971428571428,2.0,0.7291666666666666,3388.7200000000003,2259.796806868496,Low
CUST02240,Email,Tier 3,6.0,3288.96,548.16,10.0,0.9782608695652174,2922.43,2259.02138326357,Low
CUST02768,Organic Search,Tier 1,6.0,3095.33,515.8883333333333,6.0,0.6081081081081081,2379.2799999999997,2258.7783023116335,Low
CUST02398,Email,Tier 1,3.0,2046.8899999999999,682.2966666666666,42.0,0.44334975369458124,1577.22,2258.5430231873966,Low
CUST01290,Referral,Tier 2,4.0,2020.05,505.0125,39.0,0.5405405405405406,1366.6,2257.674699521066,Low
CUST00702,Organic Search,Tier 3,4.0,2240.68,560.17,20.0,0.3870967741935484,1504.27,2257.22826198464,Low
CUST02505,Paid Ads,Tier 3,3.0,1591.06,530.3533333333334,18.0,0.9473684210526316,1344.83,2257.188459552099,Low
CUST01090,Social Media,Tier 1,3.0,1177.65,392.55,47.0,0.6122448979591836,3764.0600000000004,2256.4380196264997,Low
CUST00370,Social Media,Tier 3,6.0,2921.21,486.86833333333334,3.0,0.5056179775280899,2905.2599999999998,2255.631071503548,Low
CUST01867,Organic Search,Tier 1,4.0,2398.77,599.6925,30.0,0.5581395348837209,2095.39,2254.4309670127436,Low
CUST00697,Paid Ads,Tier 2,6.0,3114.58,519.0966666666667,66.0,0.9944751381215469,5512.95,2253.8910275544254,Low
CUST02342,Social Media,Tier 2,4.0,2245.08,561.27,19.0,0.37617554858934166,2695.4700000000003,2253.863667692747,Low
CUST00658,Paid Ads,Tier 1,3.0,1573.27,524.4233333333333,73.0,0.37037037037037035,3503.19,2253.398950682598,Low
CUST01067,Social Media,Tier 2,3.0,1625.1100000000001,541.7033333333334,44.0,0.35019455252918286,2776.2,2253.0064143614077,Low
CUST00894,Referral,Tier 3,2.0,1114.7,557.35,35.0,0.31413612565445026,2056.48,2252.8157154529963,Low
CUST02106,Email,Tier 3,4.0,2618.33,654.5825,82.0,0.449438202247191,3980.38,2252.263822608327,Low
CUST02002,Social Media,Tier 1,7.0,3090.1400000000003,441.4485714285715,39.0,0.5833333333333334,4718.19,2252.2196146642405,Low
CUST00694,Social Media,Tier 3,2.0,962.25,481.125,70.0,0.23904382470119523,3337.82,2251.5474406842172,Low
CUST00444,Organic Search,Tier 1,1.0,281.49,281.49,246.0,0.12195121951219513,2011.0,2251.0404517129336,Low
CUST02036,Social Media,Tier 1,3.0,1598.16,532.72,122.0,0.5844155844155844,4207.51,2250.782265292699,Low
CUST00993,Organic Search,Tier 3,4.0,2110.54,527.635,21.0,0.9756097560975611,4993.13,2250.7127057411076,Low
CUST02754,Organic Search,Tier 1,2.0,1201.58,600.79,60.0,0.5357142857142857,336.15,2250.674401093196,Low
CUST01523,Social Media,Tier 2,2.0,1272.68,636.34,0.0,0.7142857142857142,2913.53,2250.191347815246,Low
CUST02999,Social Media,Tier 1,6.0,2990.55,498.425,3.0,0.8411214953271028,3254.38,2249.9945687859804,Low
CUST01485,Organic Search,Tier 2,3.0,1913.16,637.72,34.0,0.3448275862068966,1919.93,2249.9496223923434,Low
CUST00459,Organic Search,Tier 1,7.0,3929.66,561.38,72.0,0.6666666666666667,6246.97,2249.7956446359412,Low
CUST01220,Paid Ads,Tier 3,5.0,2632.06,526.412,56.0,0.48701298701298695,4186.8099999999995,2249.590896923226,Low
CUST01050,Social Media,Tier 3,1.0,549.23,549.23,138.0,0.21739130434782608,517.79,2249.341592246422,Low
CUST00457,Social Media,Tier 1,3.0,2038.8600000000001,679.62,107.0,0.5590062111801243,1466.8,2248.997758348458,Low
CUST00643,Paid Ads,Tier 3,4.0,2343.32,585.83,62.0,0.7228915662650602,0.0,2248.858152918528,Low
CUST02870,Organic Search,Tier 2,4.0,2792.83,698.2075,3.0,0.37383177570093457,2694.64,2248.708490754657,Low
CUST00737,Organic Search,Tier 2,4.0,2338.05,584.5125,72.0,0.4938271604938272,1019.9100000000001,2248.0679316968967,Low
CUST01827,Paid Ads,Tier 2,1.0,517.96,517.96,70.0,0.42857142857142855,2659.7,2247.9448975398714,Low
CUST00207,Social Media,Tier 3,3.0,1332.38,444.1266666666667,9.0,0.32727272727272727,2066.31,2247.4481781886675,Low
CUST00719,Email,Tier 1,3.0,1329.97,443.3233333333333,66.0,0.6,3465.09,2247.434861455213,Low
CUST01706,Social Media,Tier 2,2.0,1065.97,532.985,12.0,0.3314917127071823,1620.32,2247.365042835339,Low
CUST01847,Social Media,Tier 3,4.0,2229.6,557.4,6.0,0.40540540540540543,0.0,2245.384062154302,Low
CUST02685,Social Media,Tier 2,4.0,2042.57,510.6425,3.0,0.6666666666666667,0.0,2244.852851103338,Low
CUST02778,Organic Search,Tier 1,4.0,2220.23,555.0575,6.0,0.41666666666666663,2019.34,2244.6117750455173,Low
CUST01603,Organic Search,Tier 2,3.0,1750.94,583.6466666666666,79.0,0.3913043478260869,1113.96,2244.2674399284524,Low
CUST01382,Paid Ads,Tier 2,5.0,2226.5,445.3,27.0,0.7246376811594203,764.25,2243.65425102196,Low
CUST00557,Paid Ads,Tier 1,4.0,2417.7599999999998,604.4399999999999,79.0,0.5150214592274678,2341.63,2243.5515065745262,Low
CUST01017,Social Media,Tier 2,4.0,2698.14,674.535,63.0,0.4528301886792453,2102.55,2243.5310578926233,Low
CUST02788,Social Media,Tier 1,2.0,1080.27,540.135,88.0,0.1910828025477707,899.01,2243.3154524846077,Low
CUST02484,Social Media,Tier 1,2.0,916.21,458.105,10.0,0.437956204379562,2832.6,2243.1764541846433,Low
CUST01372,Referral,Tier 2,2.0,962.46,481.23,80.0,0.5714285714285715,5016.37,2242.2804492745545,Low
CUST01370,Paid Ads,Tier 1,0.0,0.0,0.0,360.0,0.0,2752.0,2241.9081894094093,Low
CUST01195,Social Media,Tier 1,3.0,1216.82,405.6066666666666,36.0,0.5454545454545454,4123.21,2241.813643598614,Low
CUST00875,Organic Search,Tier 2,3.0,2280.49,760.1633333333333,66.0,0.3629032258064516,3763.9300000000003,2240.5042934291705,Low
CUST00664,Organic Search,Tier 1,4.0,2005.15,501.2875,45.0,0.5797101449275363,2436.24,2239.928016533497,Low
CUST00405,Paid Ads,Tier 2,4.0,1737.47,434.3675,67.0,0.5825242718446602,1452.49,2239.8001977719678,Low
CUST00058,Organic Search,Tier 1,5.0,2309.48,461.896,72.0,0.5226480836236933,3449.73,2239.5916176997885,Low
CUST00981,Paid Ads,Tier 1,2.0,1109.99,554.995,47.0,0.3508771929824561,0.0,2238.982771795445,Low
CUST00529,Paid Ads,Tier 2,6.0,3014.9700000000003,502.49500000000006,46.0,0.5732484076433121,0.0,2238.937224362695,Low
CUST00773,Referral,Tier 2,5.0,2606.02,521.204,12.0,0.5555555555555556,2258.13,2238.718424113213,Low
CUST02703,Social Media,Tier 3,4.0,1949.44,487.36,45.0,0.9836065573770493,0.0,2238.164809877284,Low
CUST00600,Paid Ads,Tier 3,9.0,5381.78,597.9755555555555,0.0,0.8108108108108109,2239.89,2236.7381558973684,Low
CUST02363,Organic Search,Tier 2,2.0,1035.1,517.55,49.0,0.3191489361702128,4289.82,2236.334408969408,Low
CUST00824,Social Media,Tier 2,3.0,1361.71,453.90333333333336,24.0,0.7563025210084033,977.23,2236.246998883827,Low
CUST01386,Organic Search,Tier 1,4.0,1171.65,292.9125,6.0,0.5714285714285715,3105.17,2236.197648893086,Low
CUST02271,Paid Ads,Tier 1,3.0,1593.41,531.1366666666667,52.0,0.8108108108108109,2491.8599999999997,2236.0950195854703,Low
CUST01100,Organic Search,Tier 3,5.0,2379.24,475.84799999999996,6.0,0.5928853754940712,1733.3700000000001,2236.060168373088,Low
CUST00784,Organic Search,Tier 1,2.0,786.8399999999999,393.41999999999996,79.0,0.218978102189781,0.0,2235.4993243427707,Low
CUST01402,Email,Tier 2,6.0,2966.96,494.49333333333334,31.0,0.7003891050583657,3137.33,2235.325944699439,Low
CUST00471,Organic Search,Tier 2,6.0,3528.2,588.0333333333333,23.0,0.5590062111801243,3378.6,2235.2693392924903,Low
CUST00061,Organic Search,Tier 1,3.0,1807.81,602.6033333333334,37.0,0.4639175257731959,150.0,2234.837425791681,Low
CUST00011,Social Media,Tier 2,1.0,426.39,426.39,65.0,0.46153846153846156,2521.09,2234.41931209953,Low
CUST01423,Email,Tier 1,6.0,3554.88,592.48,44.0,0.7142857142857142,1267.55,2234.347796140871,Low
CUST01526,Paid Ads,Tier 3,0.0,0.0,0.0,360.0,0.0,3610.13,2234.2322136409052,Low
CUST02616,Social Media,Tier 2,3.0,1763.19,587.73,59.0,0.47619047619047616,2224.62,2233.7959409077503,Low
CUST02920,Social Media,Tier 1,4.0,1729.31,432.3275,18.0,0.6382978723404256,475.72,2233.764685677361,Low
CUST00841,Paid Ads,Tier 1,2.0,1133.2,566.6,20.0,1.0909090909090908,2741.43,2233.680117362351,Low
CUST00336,Paid Ads,Tier 1,2.0,1136.88,568.44,20.0,0.9836065573770493,2098.06,2232.963585056734,Low
CUST00573,Organic Search,Tier 1,3.0,1584.7199999999998,528.2399999999999,6.0,0.430622009569378,2627.2299999999996,2232.807234736666,Low
CUST00522,Paid Ads,Tier 1,4.0,2143.53,535.8825,28.0,0.5529953917050692,1854.01,2232.532521782687,Low
CUST02438,Paid Ads,Tier 1,5.0,2635.68,527.136,26.0,0.7537688442211056,3258.66,2231.7521634758673,Low
CUST02418,Organic Search,Tier 3,10.0,5416.87,541.687,43.0,1.2448132780082988,4188.46,2231.1447950121888,Low
CUST01069,Paid Ads,Tier 1,1.0,493.29,493.29,182.0,0.16483516483516486,689.53,2230.752872606583,Low
CUST02116,Social Media,Tier 2,7.0,3450.27,492.8957142857143,6.0,0.8860759493670887,2912.1400000000003,2230.6051040713683,Low
CUST01259,Organic Search,Tier 2,4.0,1926.93,481.7325,3.0,0.4195804195804196,4011.49,2230.5142933861694,Low
CUST01981,Social Media,Tier 2,5.0,2182.19,436.438,101.0,0.9803921568627452,1887.01,2230.2466116268347,Low
CUST01677,Paid Ads,Tier 1,3.0,1345.24,448.41333333333336,23.0,0.72,2701.31,2230.050777835766,Low
CUST00437,Email,Tier 1,5.0,2536.66,507.332,30.0,0.7936507936507936,1862.1599999999999,2229.464484979863,Low
CUST02620,Referral,Tier 1,3.0,1872.6,624.1999999999999,22.0,0.32608695652173914,4234.1900000000005,2228.9928542023513,Low
CUST02239,Paid Ads,Tier 2,4.0,1706.48,426.62,33.0,0.48780487804878053,1858.3400000000001,2228.4900307508465,Low
CUST02195,Email,Tier 3,1.0,372.78,372.78,157.0,0.1910828025477707,2140.51,2228.0508205604146,Low
CUST00774,Organic Search,Tier 1,2.0,927.75,463.875,14.0,0.375,1253.1299999999999,2227.335850454212,Low
CUST00041,Referral,Tier 1,2.0,985.19,492.595,16.0,0.36363636363636365,2129.43,2225.4022070052283,Low
CUST01279,Paid Ads,Tier 2,5.0,2569.5,513.9,37.0,0.7575757575757576,0.0,2225.3632679996126,Low
CUST00286,Paid Ads,Tier 2,6.0,3224.01,537.335,38.0,0.7627118644067797,2191.8199999999997,2224.6099202914943,Low
CUST02338,Social Media,Tier 1,3.0,1486.04,495.34666666666664,55.0,0.33333333333333337,2899.06,2223.3414485115163,Low
CUST00224,Organic Search,Tier 2,3.0,1733.4499999999998,577.8166666666666,147.0,0.5555555555555556,5143.62,2222.7918825778866,Low
CUST00594,Social Media,Tier 2,3.0,1889.32,629.7733333333333,37.0,0.6206896551724138,2275.37,2222.5614699605358,Low
CUST02822,Referral,Tier 1,3.0,1423.5500000000002,474.5166666666667,53.0,0.5732484076433121,1653.07,2222.1044554231676,Low
CUST01487,Paid Ads,Tier 1,5.0,2560.8,512.1600000000001,44.0,1.0204081632653061,1398.64,2221.74630344336,Low
CUST00747,Social Media,Tier 3,6.0,3284.82,547.47,8.0,0.5882352941176471,3100.63,2221.3718506371993,Low
CUST00996,Paid Ads,Tier 3,3.0,1731.04,577.0133333333333,28.0,0.4812834224598931,4150.2300000000005,2220.870600364321,Low
CUST01885,Social Media,Tier 2,8.0,3989.0299999999997,498.62874999999997,47.0,0.7476635514018691,2438.55,2220.8583561245923,Low
CUST00886,Social Media,Tier 1,6.0,2695.46,449.24333333333334,14.0,0.9523809523809523,1151.47,2220.851109659842,Low
CUST02061,Social Media,Tier 1,0.0,0.0,0.0,360.0,0.0,1203.54,2220.41681111198,Low
CUST00185,Referral,Tier 1,1.0,388.98,388.98,147.0,0.20408163265306123,1895.24,2220.397576999728,Low
CUST01265,Email,Tier 1,2.0,1088.27,544.135,52.0,0.7407407407407407,420.78,2219.9128855485446,Low
CUST01276,Paid Ads,Tier 2,3.0,1447.49,482.49666666666667,26.0,0.41860465116279066,1496.81,2218.981262492653,Low
CUST01629,Organic Search,Tier 2,4.0,1633.16,408.29,44.0,0.43636363636363634,4189.09,2218.8577043454884,Low
CUST00872,Email,Tier 1,1.0,575.56,575.56,133.0,0.22556390977443608,0.0,2217.963485705855,Low
CUST00007,Paid Ads,Tier 2,0.0,0.0,0.0,360.0,0.0,622.62,2217.262620853061,Low
CUST02881,Organic Search,Tier 2,4.0,1948.71,487.1775,51.0,0.7843137254901961,2819.57,2217.1719767295135,Low
CUST01653,Organic Search,Tier 2,4.0,2570.88,642.72,7.0,0.5381165919282511,472.61,2216.6012091162393,Low
CUST02103,Paid Ads,Tier 1,2.0,1091.6,545.8,96.0,0.36809815950920244,0.0,2216.0627762302083,Low
CUST00912,Organic Search,Tier 1,2.0,1231.01,615.505,5.0,0.5084745762711864,2078.67,2216.040781383808,Low
CUST00023,Paid Ads,Tier 3,2.0,1329.74,664.87,74.0,0.28436018957345977,3661.28,2215.647637304052,Low
CUST02975,Organic Search,Tier 3,5.0,2928.88,585.7760000000001,72.0,0.8620689655172413,1568.7,2215.632782753924,Low
CUST01654,Email,Tier 1,3.0,1221.54,407.18,44.0,0.6382978723404256,3986.01,2215.4950425079164,Low
CUST01071,Organic Search,Tier 2,2.0,1154.26,577.13,23.0,0.46875,3051.8900000000003,2214.943651283,Low
CUST01869,Social Media,Tier 3,3.0,1576.79,525.5966666666667,29.0,0.9090909090909092,2189.05,2214.583935640322,Low
CUST02282,Paid Ads,Tier 1,7.0,3388.18,484.0257142857143,77.0,0.8433734939759036,763.97,2214.053447510698,Low
CUST02216,Social Media,Tier 1,4.0,2267.25,566.8125,6.0,0.45977011494252873,3666.98,2213.8924839601277,Low
CUST01001,Organic Search,Tier 1,5.0,2289.76,457.95200000000006,15.0,0.6410256410256411,2562.0,2213.0120563021533,Low
CUST02742,Social Media,Tier 3,1.0,437.02,437.02,45.0,0.6666666666666667,2435.08,2212.944985816249,Low
CUST01607,Referral,Tier 2,3.0,1362.58,454.1933333333333,64.0,0.743801652892562,2087.74,2212.378237979414,Low
CUST00270,Paid Ads,Tier 2,3.0,1706.56,568.8533333333334,8.0,0.6666666666666667,1976.73,2212.2135439314966,Low
CUST02820,Organic Search,Tier 3,3.0,1656.05,552.0166666666667,68.0,0.72,2226.7000000000003,2211.708155918308,Low
CUST00657,Organic Search,Tier 2,3.0,1850.58,616.86,13.0,0.3688524590163934,1628.42,2211.582794547442,Low
CUST02959,Organic Search,Tier 1,7.0,3933.04,561.8628571428571,22.0,0.7000000000000001,642.94,2211.4957568106233,Low
CUST00879,Social Media,Tier 1,2.0,980.22,490.11,130.0,0.26200873362445415,3600.6099999999997,2211.1663451570025,Low
CUST00067,Social Media,Tier 1,4.0,1963.75,490.9375,19.0,0.46332046332046334,818.65,2210.8946893167613,Low
CUST02878,Email,Tier 3,6.0,3002.99,500.4983333333333,36.0,0.7086614173228346,1380.48,2210.6223203854524,Low
CUST02930,Organic Search,Tier 1,8.0,3856.06,482.0075,18.0,0.8540925266903914,0.0,2210.6107582316217,Low
CUST01398,Social Media,Tier 3,5.0,2964.48,592.896,45.0,0.6122448979591836,3724.42,2210.1185812585422,Low
CUST00331,Email,Tier 1,3.0,2127.52,709.1733333333333,12.0,0.42857142857142855,1599.0700000000002,2209.1832116045457,Low
CUST02710,Social Media,Tier 2,3.0,2106.95,702.3166666666666,19.0,0.34615384615384615,2554.5,2209.135795865998,Low
CUST02681,Social Media,Tier 3,2.0,943.83,471.915,160.0,0.2643171806167401,3143.2200000000003,2209.105374395462,Low
CUST00308,Paid Ads,Tier 1,3.0,1602.73,534.2433333333333,0.0,0.40909090909090906,1135.1999999999998,2208.7755292264283,Low
CUST02328,Organic Search,Tier 1,4.0,2083.57,520.8925,6.0,0.4858299595141701,399.16,2208.5117865733046,Low
CUST00867,Organic Search,Tier 2,5.0,2951.74,590.348,76.0,0.8241758241758241,3090.05,2208.4058650334578,Low
CUST00639,Paid Ads,Tier 2,4.0,1775.17,443.7925,17.0,0.4938271604938272,1070.4099999999999,2207.7912425757186,Low
CUST00931,Paid Ads,Tier 2,5.0,3159.45,631.89,1.0,0.8241758241758241,2298.2599999999998,2207.2180222928464,Low
CUST00978,Organic Search,Tier 1,7.0,3523.4900000000002,503.3557142857143,52.0,0.7446808510638299,1759.53,2206.2800721982003,Low
CUST01202,Organic Search,Tier 1,2.0,1020.5899999999999,510.29499999999996,34.0,0.3508771929824561,960.83,2206.2634923185656,Low
CUST00494,Organic Search,Tier 1,2.0,883.0699999999999,441.53499999999997,10.0,0.6976744186046512,0.0,2205.738176252416,Low
CUST01941,Paid Ads,Tier 3,3.0,1458.21,486.07,25.0,0.72,2891.52,2205.672329639181,Low
CUST01888,Paid Ads,Tier 1,3.0,1987.1599999999999,662.3866666666667,34.0,0.4545454545454546,1431.3,2204.4958367539366,Low
CUST01348,Social Media,Tier 2,7.0,3761.75,537.3928571428571,17.0,0.8898305084745763,1023.16,2203.905534122888,Low
CUST00515,Organic Search,Tier 2,6.0,3237.73,539.6216666666667,7.0,0.6382978723404256,2566.5699999999997,2203.8490371337048,Low
CUST02227,Social Media,Tier 2,5.0,2859.36,571.8720000000001,12.0,0.5300353356890459,2098.9700000000003,2203.8126967901057,Low
CUST00795,Organic Search,Tier 1,6.0,4113.58,685.5966666666667,81.0,0.6593406593406594,2420.75,2203.5707639062957,Low
CUST01347,Email,Tier 3,0.0,0.0,0.0,360.0,0.0,1506.58,2202.9526554267827,Low
CUST01482,Social Media,Tier 3,8.0,4847.62,605.9525,25.0,0.7142857142857142,2789.59,2202.643758028178,Low
CUST01381,Paid Ads,Tier 1,1.0,598.16,598.16,206.0,0.14563106796116504,635.72,2202.578210245774,Low
CUST00335,Social Media,Tier 2,2.0,1440.65,720.325,137.0,0.23346303501945526,2726.33,2202.3023155862684,Low
CUST02786,Social Media,Tier 3,1.0,629.24,629.24,147.0,0.20408163265306123,3466.42,2202.086650939795,Low
CUST01723,Organic Search,Tier 1,6.0,2943.69,490.615,78.0,0.661764705882353,3736.58,2201.720907940928,Low
CUST01586,Organic Search,Tier 1,3.0,1926.71,642.2366666666667,21.0,0.5142857142857143,1304.0,2201.6532248959134,Low
CUST00611,Paid Ads,Tier 1,6.0,3002.23,500.37166666666667,28.0,0.6896551724137931,2610.66,2201.0012730740823,Low
CUST02676,Email,Tier 2,4.0,2521.29,630.3225,57.0,0.4,3474.41,2200.847132463071,Low
CUST02576,Organic Search,Tier 1,3.0,2287.51,762.5033333333334,101.0,0.4326923076923077,0.0,2200.012339835644,Low
CUST00037,Paid Ads,Tier 1,3.0,1458.14,486.0466666666667,81.0,0.3082191780821918,666.6,2199.9237948229256,Low
CUST00152,Paid Ads,Tier 1,5.0,2266.65,453.33000000000004,56.0,0.5319148936170213,4367.81,2199.7670590638786,Low
CUST02369,Organic Search,Tier 1,6.0,3205.6800000000003,534.2800000000001,27.0,0.6844106463878328,2738.17,2199.5995079850586,Low
CUST02833,Email,Tier 3,3.0,1985.19,661.73,43.0,0.430622009569378,1321.48,2199.0929882732617,Low
CUST02100,Paid Ads,Tier 2,4.0,2509.36,627.34,55.0,0.5882352941176471,1942.42,2199.072545573473,Low
CUST00900,Social Media,Tier 1,2.0,1168.2199999999998,584.1099999999999,65.0,0.39215686274509803,1694.65,2198.292022456659,Low
CUST01170,Organic Search,Tier 2,2.0,1490.0900000000001,745.0450000000001,100.0,0.335195530726257,1101.77,2196.8967539879322,Low
CUST01637,Email,Tier 2,3.0,1901.46,633.82,29.0,0.7142857142857142,0.0,2196.2021734437344,Low
CUST00621,Social Media,Tier 2,4.0,2066.27,516.5675,108.0,0.8450704225352113,2969.89,2194.729281796211,Low
CUST02949,Organic Search,Tier 1,0.0,0.0,0.0,360.0,0.0,1084.5,2194.708703661697,Low
CUST00661,Email,Tier 1,3.0,1384.48,461.49333333333334,26.0,0.6818181818181819,2105.1,2194.322020024014,Low
CUST00032,Organic Search,Tier 2,3.0,1354.26,451.42,64.0,0.5172413793103449,2764.2200000000003,2193.997857981533,Low
CUST00065,Paid Ads,Tier 1,3.0,1370.35,456.7833333333333,64.0,0.32608695652173914,1458.13,2193.488274470301,Low
CUST02602,Organic Search,Tier 2,2.0,812.5999999999999,406.29999999999995,53.0,0.5714285714285715,3595.12,2192.5418148685276,Low
CUST01940,Social Media,Tier 3,2.0,932.8199999999999,466.40999999999997,170.0,0.25,519.46,2192.0595415513876,Low
CUST02630,Organic Search,Tier 1,5.0,2109.93,421.986,24.0,0.6122448979591836,2070.12,2191.2909802963877,Low
CUST02419,Email,Tier 1,6.0,3243.6800000000003,540.6133333333333,61.0,0.5294117647058824,3209.52,2191.1174017326553,Low
CUST01973,Paid Ads,Tier 2,4.0,1078.4099999999999,269.60249999999996,66.0,0.5381165919282511,1626.05,2191.111739898159,Low
CUST00440,Email,Tier 1,4.0,1715.6399999999999,428.90999999999997,35.0,0.547945205479452,3562.06,2190.8398523349592,Low
CUST01113,Social Media,Tier 2,3.0,1423.22,474.4066666666667,36.0,0.33582089552238803,3224.09,2190.819648065392,Low
CUST01910,Email,Tier 1,6.0,3538.2,589.6999999999999,25.0,0.7228915662650602,1864.02,2190.7194684030746,Low
CUST01266,Email,Tier 1,2.0,1209.81,604.905,110.0,0.40540540540540543,1078.01,2190.658578627767,Low
CUST02716,Referral,Tier 1,4.0,2373.25,593.3125,97.0,0.6030150753768845,566.55,2190.1563757687177,Low
CUST00822,Paid Ads,Tier 2,9.0,5725.5,636.1666666666666,19.0,0.8517350157728707,1561.1,2189.069754833801,Low
CUST01435,Social Media,Tier 2,2.0,1301.1100000000001,650.5550000000001,91.0,0.5172413793103449,2615.96,2189.0135386044612,Low
CUST02068,Organic Search,Tier 1,2.0,1365.31,682.655,15.0,0.4195804195804196,1675.63,2188.9544602024025,Low
CUST02555,Referral,Tier 1,5.0,2949.21,589.842,52.0,0.8928571428571428,0.0,2188.949041373275,Low
CUST02376,Referral,Tier 3,3.0,1402.17,467.39000000000004,48.0,0.6569343065693432,0.0,2188.6811634439755,Low
CUST00908,Referral,Tier 1,5.0,2657.45,531.49,0.0,0.7653061224489797,3265.3,2188.655584683307,Low
CUST02550,Email,Tier 3,2.0,1002.91,501.455,25.0,0.5825242718446602,1056.98,2188.0615016980773,Low
CUST01891,Email,Tier 1,5.0,2430.27,486.054,67.0,0.7109004739336492,2299.02,2187.9476163667846,Low
CUST00895,Paid Ads,Tier 1,4.0,4356.18,1089.045,156.0,0.47808764940239046,0.0,2187.8693717801716,Low
CUST02407,Organic Search,Tier 2,7.0,4060.26,580.0371428571428,42.0,0.8536585365853658,1038.11,2187.8343006392474,Low
CUST00178,Social Media,Tier 1,2.0,1298.02,649.01,121.0,0.3076923076923077,0.0,2187.5739897358385,Low
CUST00762,Social Media,Tier 2,6.0,2681.81,446.9683333333333,17.0,0.6691449814126393,1459.3200000000002,2187.371876123616,Low
CUST01549,Organic Search,Tier 2,3.0,1559.8,519.9333333333333,52.0,0.3879310344827586,2943.13,2187.299077856073,Low
CUST00810,Email,Tier 2,5.0,2742.05,548.4100000000001,13.0,0.6048387096774194,3844.87,2187.258030597397,Low
CUST01267,Paid Ads,Tier 1,2.0,709.74,354.87,75.0,0.46875,1273.75,2187.201667756288,Low
CUST02725,Paid Ads,Tier 2,5.0,3030.38,606.076,42.0,0.6276150627615062,1019.9000000000001,2185.957242686618,Low
CUST01337,Email,Tier 1,0.0,0.0,0.0,360.0,0.0,2697.2799999999997,2185.8928187080082,Low
CUST01446,Organic Search,Tier 1,2.0,1096.0500000000002,548.0250000000001,41.0,0.7692307692307692,422.03,2185.3358229300798,Low
CUST00607,Email,Tier 3,2.0,1113.81,556.905,25.0,0.410958904109589,2730.8,2185.1043830347703,Low
CUST02155,Email,Tier 2,3.0,1255.0,418.3333333333333,94.0,0.410958904109589,2261.0,2184.9665983161394,Low
CUST01800,Organic Search,Tier 1,6.0,3506.24,584.3733333333333,57.0,0.6081081081081081,2012.42,2184.778296427271,Low
CUST00802,Organic Search,Tier 1,3.0,1788.65,596.2166666666667,85.0,0.28571428571428575,1469.05,2184.670191254955,Low
CUST00393,Organic Search,Tier 1,1.0,628.02,628.02,157.0,0.1910828025477707,2156.94,2184.4421295477277,Low
CUST01077,Organic Search,Tier 2,3.0,1689.5,563.1666666666666,23.0,0.39823008849557523,1494.15,2184.4018477857626,Low
CUST00112,Organic Search,Tier 1,3.0,1526.39,508.7966666666667,68.0,0.6818181818181819,2404.65,2184.18077518934,Low
CUST00106,Organic Search,Tier 3,2.0,932.2,466.1,86.0,0.3846153846153846,0.0,2184.058718122506,Low
CUST01029,Organic Search,Tier 3,3.0,1631.17,543.7233333333334,56.0,0.8333333333333333,3394.83,2184.026670724938,Low
CUST02297,Social Media,Tier 1,1.0,538.74,538.74,116.0,0.25862068965517243,3674.81,2183.63800194372,Low
CUST02047,Social Media,Tier 3,6.0,2745.62,457.6033333333333,43.0,0.821917808219178,2005.17,2183.5258663163263,Low
CUST02293,Organic Search,Tier 2,4.0,2677.91,669.4775,61.0,0.3592814371257485,1521.83,2183.046137806597,Low
CUST02298,Email,Tier 2,1.0,338.1,338.1,35.0,0.8571428571428571,1756.99,2181.791331215606,Low
CUST00313,Organic Search,Tier 3,4.0,1888.78,472.195,84.0,0.8,3040.5,2181.0942961375927,Low
CUST02471,Organic Search,Tier 2,4.0,2665.48,666.37,90.0,0.4181184668989547,2612.55,2180.0183459418236,Low
CUST02604,Organic Search,Tier 3,5.0,2005.83,401.166,78.0,0.5597014925373134,1065.32,2179.6419308641543,Low
CUST00395,Referral,Tier 3,3.0,1990.29,663.43,19.0,0.5357142857142857,1365.3899999999999,2179.2366457137464,Low
CUST01830,Paid Ads,Tier 3,3.0,1524.3899999999999,508.12999999999994,38.0,0.743801652892562,2552.22,2179.1488678891083,Low
CUST01841,Social Media,Tier 1,4.0,2108.82,527.205,179.0,0.5429864253393666,1895.85,2178.851245123193,Low
CUST01321,Paid Ads,Tier 1,6.0,3705.58,617.5966666666667,17.0,0.5217391304347826,3616.44,2178.6376784093695,Low
CUST01417,Email,Tier 1,4.0,1678.19,419.5475,41.0,0.6741573033707865,1018.02,2177.77910049447,Low
CUST00538,Paid Ads,Tier 3,7.0,3911.55,558.7928571428572,59.0,0.693069306930693,0.0,2176.589195498122,Low
CUST01296,Referral,Tier 1,3.0,1679.53,559.8433333333334,41.0,0.3103448275862069,1931.62,2176.351563915949,Low
CUST01263,Paid Ads,Tier 2,5.0,2063.57,412.71400000000006,83.0,0.7537688442211056,2309.98,2175.1902911185116,Low
CUST01872,Social Media,Tier 1,4.0,2190.37,547.5925,47.0,0.5263157894736842,2773.48,2174.275349226965,Low
CUST00255,Paid Ads,Tier 3,4.0,2106.13,526.5325,46.0,0.5381165919282511,4419.82,2172.6428212585333,Low
CUST01521,Email,Tier 2,2.0,1279.1,639.55,25.0,0.19801980198019803,2315.46,2172.606355599682,Low
CUST01647,Social Media,Tier 2,6.0,3325.33,554.2216666666667,50.0,0.6164383561643836,2209.96,2172.2502803800116,Low
CUST01240,Social Media,Tier 1,4.0,2034.39,508.5975,53.0,1.0909090909090908,322.72,2171.5650691063433,Low
CUST00618,Paid Ads,Tier 1,4.0,2563.38,640.845,39.0,0.5970149253731343,0.0,2170.9196537646967,Low
CUST01248,Email,Tier 1,3.0,1132.65,377.55,93.0,0.38626609442060084,4148.75,2170.8349561871564,Low
CUST02191,Organic Search,Tier 1,4.0,1547.7,386.925,0.0,0.4669260700389105,641.26,2170.7959220801727,Low
CUST00699,Paid Ads,Tier 3,3.0,1653.01,551.0033333333333,9.0,0.4545454545454546,3127.67,2170.3798922393444,Low
CUST02687,Paid Ads,Tier 1,3.0,1627.06,542.3533333333334,32.0,0.5421686746987951,2972.7,2170.139650598601,Low
CUST00735,Organic Search,Tier 2,2.0,1191.73,595.865,72.0,0.3870967741935484,1141.51,2170.006593538296,Low
CUST02163,Paid Ads,Tier 2,1.0,411.66,411.66,41.0,0.7317073170731707,1225.93,2169.7353624401394,Low
CUST02686,Email,Tier 1,2.0,890.3,445.15,49.0,0.6060606060606061,1841.3400000000001,2168.8446261413296,Low
CUST01327,Paid Ads,Tier 1,0.0,0.0,0.0,360.0,0.0,0.0,2168.4649374734927,Low
CUST00062,Paid Ads,Tier 3,3.0,1769.06,589.6866666666666,18.0,0.37656903765690375,1165.9,2168.21229469165,Low
CUST02963,Organic Search,Tier 1,2.0,1332.08,666.04,71.0,0.30927835051546393,984.9,2167.97689705622,Low
CUST00703,Organic Search,Tier 1,5.0,2566.83,513.366,46.0,0.6410256410256411,1345.67,2167.9014533512145,Low
CUST00617,Organic Search,Tier 2,2.0,868.84,434.42,109.0,0.47244094488188976,1502.6599999999999,2167.4124535800647,Low
CUST02672,Paid Ads,Tier 2,2.0,852.4300000000001,426.21500000000003,58.0,0.7792207792207793,1844.95,2166.83672847664,Low
CUST01191,Referral,Tier 1,5.0,2930.7799999999997,586.156,1.0,0.8426966292134831,5480.54,2165.506660049314,Low
CUST01459,Referral,Tier 1,3.0,2054.34,684.7800000000001,56.0,0.4368932038834952,1636.42,2164.888429221878,Low
CUST00975,Paid Ads,Tier 1,2.0,903.98,451.99,26.0,0.425531914893617,0.0,2163.1350463480744,Low
CUST02850,Social Media,Tier 2,4.0,1860.32,465.08,47.0,0.6185567010309279,2574.83,2162.7882898722933,Low
CUST02247,Paid Ads,Tier 1,9.0,5410.73,601.1922222222222,2.0,0.967741935483871,2049.23,2161.9028795333834,Low
CUST02634,Organic Search,Tier 1,4.0,1943.5900000000001,485.89750000000004,76.0,0.4013377926421405,4580.09,2160.8566503010998,Low
CUST01708,Organic Search,Tier 1,6.0,3075.04,512.5066666666667,81.0,0.8490566037735849,0.0,2160.5323522046006,Low
CUST00871,Social Media,Tier 1,3.0,1653.59,551.1966666666666,95.0,0.3515625,2912.1800000000003,2160.3096704097816,Low
CUST02070,Email,Tier 2,9.0,4325.49,480.60999999999996,38.0,0.84375,2813.1,2160.0503714565934,Low
CUST02994,Referral,Tier 1,2.0,1143.66,571.83,56.0,0.7317073170731707,2751.56,2159.3004267569195,Low
CUST01804,Organic Search,Tier 2,1.0,343.28,343.28,212.0,0.14150943396226415,0.0,2158.348442406786,Low
CUST00348,Paid Ads,Tier 3,2.0,1306.81,653.405,140.0,0.31413612565445026,531.68,2158.1584947680894,Low
CUST02558,Social Media,Tier 1,2.0,1266.44,633.22,102.0,0.3529411764705882,2546.93,2156.919840415679,Low
CUST02573,Social Media,Tier 3,4.0,2017.3200000000002,504.33000000000004,4.0,0.6666666666666667,4048.89,2155.595830546536,Low
CUST01039,Referral,Tier 2,1.0,552.91,552.91,60.0,0.5,898.37,2154.850790235411,Low
CUST01863,Email,Tier 2,5.0,2384.1,476.82,70.0,0.4807692307692307,3040.43,2154.1108401391525,Low
CUST00228,Organic Search,Tier 2,3.0,1118.23,372.74333333333334,32.0,0.33333333333333337,1985.03,2153.875574973484,Low
CUST02168,Organic Search,Tier 1,4.0,2523.44,630.86,43.0,0.5042016806722689,804.44,2153.494956546301,Low
CUST02547,Organic Search,Tier 1,4.0,1630.92,407.73,21.0,0.5042016806722689,2994.1000000000004,2153.0724064868155,Low
CUST02608,Organic Search,Tier 1,1.0,553.71,553.71,124.0,0.24193548387096775,1858.02,2153.0465166327303,Low
CUST02814,Email,Tier 1,4.0,1966.04,491.51,57.0,0.375,1911.35,2152.8012870198495,Low
CUST01597,Referral,Tier 2,7.0,3959.01,565.5728571428572,48.0,0.8467741935483871,2232.69,2152.439530486825,Low
CUST02976,Paid Ads,Tier 2,5.0,2352.59,470.51800000000003,51.0,0.6048387096774194,2696.01,2152.422616342868,Low
CUST01145,Organic Search,Tier 1,2.0,1032.12,516.06,151.0,0.36585365853658536,2480.03,2151.620127062995,Low
CUST02067,Organic Search,Tier 1,5.0,2325.25,465.05,43.0,0.4672897196261682,4297.55,2150.9612334417966,Low
CUST00343,Paid Ads,Tier 1,5.0,3305.06,661.012,114.0,0.6666666666666667,2256.75,2150.7659928797907,Low
CUST00989,Social Media,Tier 1,0.0,0.0,0.0,360.0,0.0,1666.03,2150.1563388304867,Low
CUST01577,Social Media,Tier 1,3.0,1320.74,440.24666666666667,114.0,0.4205607476635514,2196.4,2149.9584528490927,Low
CUST02039,Paid Ads,Tier 2,2.0,841.0600000000001,420.53000000000003,78.0,0.2727272727272727,1330.77,2149.01054720657,Low
CUST02567,Organic Search,Tier 1,1.0,420.1,420.1,148.0,0.20270270270270271,0.0,2148.857216761377,Low
CUST00983,Organic Search,Tier 1,5.0,1597.1299999999999,319.426,87.0,0.8287292817679558,1378.8400000000001,2148.463632569263,Low
CUST00868,Organic Search,Tier 3,2.0,954.6999999999999,477.34999999999997,111.0,0.3157894736842105,1927.8700000000001,2148.3678910705767,Low
CUST02332,Paid Ads,Tier 2,2.0,880.23,440.115,202.0,0.2912621359223301,1106.1100000000001,2148.2633132626875,Low
CUST02627,Organic Search,Tier 1,3.0,2078.11,692.7033333333334,26.0,0.5960264900662252,2707.3500000000004,2148.166545285707,Low
CUST00295,Paid Ads,Tier 1,1.0,420.16,420.16,51.0,0.5882352941176471,655.52,2147.2280522700153,Low
CUST01615,Organic Search,Tier 1,6.0,2758.84,459.8066666666667,76.0,0.7058823529411764,1766.01,2146.3282739530227,Low
CUST02853,Email,Tier 2,4.0,2393.21,598.3025,45.0,0.489795918367347,1378.83,2146.070103493112,Low
CUST02587,Referral,Tier 2,5.0,3145.15,629.03,92.0,0.5,4164.9,2145.878702603901,Low
CUST02908,Paid Ads,Tier 2,2.0,1367.52,683.76,0.0,0.45112781954887216,1650.36,2144.909765997307,Low
CUST02961,Paid Ads,Tier 1,6.0,3549.6,591.6,18.0,0.6949806949806949,1970.58,2144.733308326986,Low
CUST02943,Organic Search,Tier 2,6.0,3818.63,636.4383333333334,75.0,1.1111111111111112,1813.23,2144.5413842463613,Low
CUST01544,Email,Tier 2,1.0,476.2,476.2,52.0,0.576923076923077,2413.06,2141.2000926373435,Low
CUST01691,Paid Ads,Tier 1,3.0,2003.3,667.7666666666667,39.0,0.9473684210526316,1179.28,2141.017828447531,Low
CUST02310,Organic Search,Tier 1,5.0,3450.37,690.074,24.0,0.5514705882352942,1894.4699999999998,2140.692163066325,Low
CUST00695,Social Media,Tier 2,2.0,1296.83,648.415,9.0,0.4580152671755725,2063.42,2140.045691689241,Low
CUST00889,Email,Tier 1,3.0,2037.16,679.0533333333334,95.0,0.410958904109589,2440.96,2140.0043904509735,Low
CUST02885,Paid Ads,Tier 3,3.0,1809.12,603.04,95.0,0.4812834224598931,1238.07,2139.0956128589937,Low
CUST00111,Organic Search,Tier 2,4.0,2234.99,558.7475,81.0,0.4858299595141701,2683.65,2138.152266956157,Low
CUST00430,Social Media,Tier 3,5.0,3233.61,646.722,7.0,0.6607929515418502,1239.1599999999999,2137.967363595268,Low
CUST02449,Organic Search,Tier 1,1.0,456.26,456.26,53.0,0.5660377358490566,2251.84,2137.815447275115,Low
CUST00771,Paid Ads,Tier 1,4.0,2598.12,649.53,25.0,0.8450704225352113,2163.72,2137.321174390374,Low
CUST00926,Email,Tier 3,1.0,579.26,579.26,116.0,0.25862068965517243,2616.39,2137.0102443375813,Low
CUST00129,Paid Ads,Tier 3,2.0,803.23,401.615,120.0,0.4580152671755725,1388.29,2136.737034046835,Low
CUST02846,Referral,Tier 1,6.0,3817.71,636.285,12.0,0.594059405940594,1215.52,2136.429944463206,Low
CUST00030,Email,Tier 3,4.0,2407.1499999999996,601.7874999999999,156.0,0.4979253112033195,507.22,2136.024659118253,Low
CUST00669,Organic Search,Tier 1,7.0,3831.7,547.3857142857142,60.0,0.711864406779661,2137.74,2133.672756308729,Low
CUST00516,Referral,Tier 1,1.0,268.41,268.41,221.0,0.13574660633484165,917.61,2133.622779135109,Low
CUST02971,Email,Tier 2,5.0,2018.8799999999999,403.77599999999995,18.0,0.5016722408026756,2048.02,2133.5621045450966,Low
CUST02642,Referral,Tier 2,3.0,1746.5,582.1666666666666,124.0,0.5294117647058824,4795.76,2132.2562291179697,Low
CUST02442,Organic Search,Tier 2,3.0,1963.8600000000001,654.62,66.0,0.6428571428571429,7216.4,2131.3882618238263,Low
CUST02533,Paid Ads,Tier 1,4.0,1853.26,463.315,22.0,0.6486486486486487,3141.02,2130.6962431274524,Low
CUST00060,Paid Ads,Tier 3,5.0,2626.25,525.25,81.0,0.5813953488372093,2014.4,2130.145688149197,Low
CUST00345,Paid Ads,Tier 2,6.0,3771.83,628.6383333333333,12.0,0.7317073170731707,551.38,2129.6334953754645,Low
CUST01599,Referral,Tier 2,2.0,816.76,408.38,56.0,0.375,3211.82,2129.159916737983,Low
CUST01303,Referral,Tier 1,3.0,1705.22,568.4066666666666,7.0,0.3688524590163934,891.63,2128.8933549461663,Low
CUST02678,Paid Ads,Tier 2,4.0,2253.55,563.3875,9.0,0.46153846153846156,2055.87,2128.62099199384,Low
CUST01070,Referral,Tier 2,4.0,2684.9,671.225,33.0,0.46875,682.65,2128.5917086436807,Low
CUST01810,Organic Search,Tier 3,4.0,1945.5500000000002,486.38750000000005,19.0,0.4411764705882353,2854.02,2128.4369811382394,Low
CUST02437,Organic Search,Tier 2,7.0,3725.08,532.1542857142857,77.0,0.8433734939759036,517.41,2127.8326377211615,Low
CUST00180,Social Media,Tier 1,3.0,1693.37,564.4566666666666,84.0,0.5294117647058824,1163.0900000000001,2126.2237644422053,Low
CUST02284,Organic Search,Tier 1,4.0,2350.2200000000003,587.5550000000001,93.0,0.7741935483870968,2975.71,2124.671253177408,Low
CUST00493,Paid Ads,Tier 2,1.0,741.47,741.47,232.0,0.12931034482758622,3516.71,2124.3907482065842,Low
CUST02090,Email,Tier 2,4.0,2585.95,646.4875,17.0,1.1650485436893203,4174.78,2123.878450118839,Low
CUST00855,Organic Search,Tier 1,3.0,1059.4299999999998,353.14333333333326,49.0,0.42654028436018954,738.36,2123.7163980835753,Low
CUST00851,Social Media,Tier 3,1.0,531.22,531.22,107.0,0.2803738317757009,2724.0,2121.970436028792,Low
CUST01536,Social Media,Tier 1,3.0,1497.36,499.11999999999995,38.0,0.33333333333333337,1636.44,2120.9328841193433,Low
CUST01948,Paid Ads,Tier 2,3.0,1419.49,473.16333333333336,48.0,0.8490566037735849,2988.34,2120.4559374437586,Low
CUST00763,Organic Search,Tier 1,3.0,1476.63,492.21000000000004,22.0,0.4147465437788019,1515.96,2119.3505153362016,Low
CUST00016,Organic Search,Tier 3,3.0,1620.3200000000002,540.1066666666667,138.0,0.4368932038834952,633.89,2118.1294659165123,Low
CUST01562,Social Media,Tier 1,1.0,379.78,379.78,331.0,0.09063444108761329,4406.09,2117.9098171017067,Low
CUST00956,Email,Tier 1,2.0,803.46,401.73,69.0,0.8695652173913043,1476.36,2117.774263618905,Low
CUST02962,Paid Ads,Tier 2,5.0,2958.3,591.6600000000001,105.0,0.46153846153846156,3495.31,2117.6025782448996,Low
CUST02506,Organic Search,Tier 2,4.0,1922.6499999999999,480.66249999999997,62.0,0.46511627906976744,0.0,2117.454972555449,Low
CUST02615,Social Media,Tier 1,1.0,422.9,422.9,137.0,0.218978102189781,1601.5900000000001,2117.4532768262075,Low
CUST02396,Referral,Tier 2,3.0,1424.25,474.75,39.0,1.3846153846153846,0.0,2117.2457938928505,Low
CUST01703,Organic Search,Tier 2,1.0,648.92,648.92,35.0,0.8571428571428571,2953.3199999999997,2116.4641826097254,Low
CUST01189,Organic Search,Tier 1,5.0,2956.21,591.242,1.0,0.47619047619047616,450.81,2116.425380247966,Low
CUST00998,Email,Tier 1,3.0,1944.79,648.2633333333333,29.0,0.5625,956.39,2115.959760702761,Low
CUST00668,Organic Search,Tier 2,1.0,524.18,524.18,54.0,0.5555555555555556,2276.7200000000003,2115.83475285196,Low
CUST00086,Social Media,Tier 1,2.0,1404.79,702.395,44.0,0.21978021978021978,701.45,2114.8751449934025,Low
CUST01779,Social Media,Tier 1,1.0,596.64,596.64,30.0,1.0,1998.56,2113.2424486042796,Low
CUST01418,Social Media,Tier 2,3.0,1694.56,564.8533333333334,145.0,0.40909090909090906,1636.23,2113.1777298424277,Low
CUST02563,Social Media,Tier 2,1.0,596.57,596.57,106.0,0.2830188679245283,0.0,2112.5939794067726,Low
CUST01894,Referral,Tier 3,1.0,696.48,696.48,47.0,0.6382978723404256,2103.7599999999998,2112.503901454727,Low
CUST00958,Paid Ads,Tier 2,4.0,1937.42,484.355,41.0,0.7272727272727273,3038.21,2111.781665312797,Low
CUST01961,Organic Search,Tier 2,3.0,1663.17,554.39,58.0,0.32374100719424465,1164.18,2110.7467002639296,Low
CUST00223,Organic Search,Tier 3,3.0,1569.85,523.2833333333333,46.0,0.34749034749034746,2792.49,2110.004490753793,Low
CUST00487,Email,Tier 1,5.0,2262.29,452.45799999999997,78.0,0.5905511811023622,2511.67,2109.9826531470485,Low
CUST00731,Organic Search,Tier 2,5.0,2564.36,512.8720000000001,31.0,0.43988269794721413,514.54,2109.1976573833276,Low
CUST00284,Social Media,Tier 1,2.0,921.73,460.865,31.0,0.6382978723404256,3028.66,2109.010619908774,Low
CUST02666,Social Media,Tier 3,6.0,3230.05,538.3416666666667,48.0,0.6338028169014085,1172.1100000000001,2108.9784757746856,Low
CUST01233,Email,Tier 1,2.0,1287.82,643.91,45.0,0.2054794520547945,3021.15,2108.6193455454713,Low
CUST02011,Email,Tier 3,4.0,2075.41,518.8525,12.0,0.4210526315789474,2883.7,2107.9740625760674,Low
CUST02004,Organic Search,Tier 2,2.0,913.97,456.985,73.0,0.6666666666666667,467.44,2106.1819032986928,Low
CUST02800,Email,Tier 1,4.0,2666.09,666.5225,46.0,0.625,806.63,2105.409364593243,Low
CUST01213,Paid Ads,Tier 2,3.0,1558.99,519.6633333333333,49.0,0.5921052631578947,0.0,2105.2668579609094,Low
CUST00387,Referral,Tier 1,2.0,979.4200000000001,489.71000000000004,42.0,0.75,720.39,2105.239357591286,Low
CUST00375,Paid Ads,Tier 1,4.0,2127.9700000000003,531.9925000000001,105.0,0.5194805194805194,2026.57,2105.2374249123104,Low
CUST02361,Paid Ads,Tier 1,4.0,2197.36,549.34,87.0,0.3883495145631068,5503.8,2105.1593397309784,Low
CUST01491,Organic Search,Tier 3,4.0,2430.74,607.685,31.0,0.49586776859504134,2981.54,2104.591486227916,Low
CUST02213,Paid Ads,Tier 1,2.0,909.51,454.755,74.0,0.46875,0.0,2104.4047457167644,Low
CUST02288,Organic Search,Tier 1,5.0,2776.8500000000004,555.3700000000001,66.0,0.8064516129032259,1057.39,2102.8846527436704,Low
CUST02317,Paid Ads,Tier 1,2.0,964.74,482.37,43.0,1.153846153846154,2253.12,2102.1218954925175,Low
CUST02743,Email,Tier 2,3.0,1284.83,428.27666666666664,159.0,0.4,1736.06,2101.762183669508,Low
CUST00587,Paid Ads,Tier 3,3.0,1675.44,558.48,135.0,0.43478260869565216,2399.13,2100.745508040258,Low
CUST00963,Social Media,Tier 1,5.0,3339.37,667.874,150.0,0.6944444444444444,1101.3400000000001,2099.5022203220897,Low
CUST02936,Paid Ads,Tier 2,4.0,2159.2,539.8,23.0,0.9448818897637795,1734.75,2099.309631867831,Low
CUST01937,Email,Tier 1,4.0,2298.1,574.525,41.0,0.3448275862068966,474.7,2098.942840267683,Low
CUST01359,Paid Ads,Tier 2,1.0,679.58,679.58,147.0,0.20408163265306123,2260.16,2098.379024292093,Low
CUST02434,Referral,Tier 1,2.0,1098.32,549.16,53.0,0.6896551724137931,3013.58,2098.0940652546738,Low
CUST02207,Social Media,Tier 1,8.0,4403.01,550.37625,14.0,1.0714285714285714,150.0,2097.73004561852,Low
CUST01568,Organic Search,Tier 3,5.0,3110.48,622.096,19.0,0.7731958762886597,1719.1599999999999,2097.0730273875497,Low
CUST02139,Paid Ads,Tier 2,1.0,420.08,420.08,120.0,0.25,2738.1000000000004,2095.7585665256097,Low
CUST01287,Organic Search,Tier 3,4.0,2157.04,539.26,41.0,0.39867109634551495,407.31,2094.762124035709,Low
CUST01720,Social Media,Tier 1,2.0,1378.04,689.02,38.0,1.25,0.0,2091.150030471563,Low
CUST02597,Paid Ads,Tier 3,5.0,2147.6099999999997,429.52199999999993,96.0,0.5154639175257733,2522.45,2091.047308096502,Low
CUST01766,Social Media,Tier 3,1.0,628.54,628.54,104.0,0.2884615384615385,2759.63,2088.7759220860385,Low
CUST01247,Organic Search,Tier 3,2.0,1080.56,540.28,154.0,0.22140221402214022,3091.9,2086.8999691596237,Low
CUST00017,Organic Search,Tier 2,2.0,1370.26,685.13,72.0,0.37037037037037035,1431.1100000000001,2086.05835727505,Low
CUST01645,Organic Search,Tier 1,1.0,532.38,532.38,50.0,0.6,904.4499999999999,2084.590666631073,Low
CUST02069,Email,Tier 1,11.0,5856.04,532.3672727272727,8.0,1.0344827586206897,1111.86,2083.0745099629808,Low
CUST02860,Referral,Tier 1,2.0,1227.53,613.765,108.0,0.335195530726257,621.17,2082.78614696452,Low
CUST02181,Organic Search,Tier 2,1.0,530.65,530.65,83.0,0.3614457831325301,1939.7400000000002,2082.487237158889,Low
CUST02617,Paid Ads,Tier 3,6.0,4027.64,671.2733333333333,5.0,0.5187319884726225,961.05,2082.1247813163723,Low
CUST00563,Paid Ads,Tier 1,4.0,2315.46,578.865,46.0,0.48192771084337344,2053.27,2081.2205573543447,Low
CUST02522,Email,Tier 2,1.0,628.59,628.59,103.0,0.2912621359223301,2631.33,2080.9534461745643,Low
CUST01088,Referral,Tier 1,2.0,1241.4,620.7,197.0,0.273972602739726,1953.6000000000001,2080.5584809339707,Low
CUST02575,Paid Ads,Tier 2,3.0,1647.3200000000002,549.1066666666667,20.0,0.4072398190045249,1643.18,2080.472451895282,Low
CUST00142,Organic Search,Tier 2,2.0,636.71,318.355,116.0,0.5,1688.17,2080.299361424114,Low
CUST01711,Email,Tier 1,3.0,1781.17,593.7233333333334,33.0,0.6081081081081081,2713.55,2080.0358242418874,Low
CUST00225,Paid Ads,Tier 1,0.0,0.0,0.0,360.0,0.0,3273.8599999999997,2079.422789630495,Low
CUST01676,Referral,Tier 1,1.0,635.7,635.7,259.0,0.11583011583011583,3398.45,2079.211623191341,Low
CUST00834,Organic Search,Tier 1,4.0,2059.86,514.965,37.0,0.5063291139240506,2956.7200000000003,2077.849600420148,Low
CUST00366,Email,Tier 2,3.0,1918.63,639.5433333333334,96.0,0.4812834224598931,2600.2,2076.0194326210135,Low
CUST01182,Paid Ads,Tier 1,3.0,1672.6499999999999,557.55,202.0,0.38135593220338987,3175.06,2075.9440581437966,Low
CUST01627,Social Media,Tier 1,2.0,645.39,322.695,226.0,0.2469135802469136,0.0,2075.80902289784,Low
CUST00078,Paid Ads,Tier 2,1.0,462.54,462.54,42.0,0.7142857142857142,2873.4,2075.11217376442,Low
CUST00893,Email,Tier 1,17.0,26984.97,1587.3511764705884,150.0,1.5789473684210527,0.0,2074.802757633775,Low
CUST02834,Paid Ads,Tier 1,3.0,1858.7199999999998,619.5733333333333,132.0,0.5056179775280899,3168.85,2074.661057000751,Low
CUST00897,Social Media,Tier 3,5.0,2719.36,543.8720000000001,38.0,0.9740259740259739,1929.15,2072.3431410102976,Low
CUST01437,Email,Tier 3,4.0,2527.3199999999997,631.8299999999999,0.0,0.5084745762711864,1394.88,2072.2775460968633,Low
CUST00298,Referral,Tier 3,3.0,1308.66,436.22,65.0,0.33457249070631967,957.36,2072.2187055900044,Low
CUST01655,Organic Search,Tier 2,5.0,2588.66,517.732,67.0,0.43731778425655976,416.29,2071.860308982288,Low
CUST00813,Paid Ads,Tier 2,2.0,1074.6100000000001,537.3050000000001,137.0,0.31746031746031744,2214.45,2071.234091768204,Low
CUST01899,Email,Tier 3,7.0,3434.93,490.7042857142857,7.0,0.6051873198847262,2151.69,2071.0043107980277,Low
CUST01744,Social Media,Tier 2,2.0,970.75,485.375,38.0,1.3043478260869565,959.65,2070.1404888840016,Low
CUST01879,Email,Tier 1,2.0,1120.35,560.175,115.0,0.46511627906976744,469.62,2069.900521432759,Low
CUST00506,Organic Search,Tier 2,3.0,1871.88,623.96,192.0,0.4225352112676056,416.06,2069.7179902198136,Low
CUST00289,Email,Tier 2,2.0,1124.01,562.005,83.0,0.5128205128205129,1699.12,2067.5023154099786,Low
CUST02599,Referral,Tier 1,4.0,2024.8799999999999,506.21999999999997,1.0,0.5504587155963303,517.72,2067.3876226282696,Low
CUST00937,Referral,Tier 3,3.0,1419.93,473.31,124.0,0.39473684210526316,949.05,2065.8039950569737,Low
CUST00902,Organic Search,Tier 1,5.0,2551.11,510.22200000000004,132.0,0.5836575875486382,0.0,2065.389006658456,Low
CUST00125,Social Media,Tier 1,1.0,496.97,496.97,281.0,0.10676156583629892,2137.11,2064.3256397569794,Low
CUST02607,Organic Search,Tier 2,2.0,882.37,441.185,148.0,0.2608695652173913,2706.7599999999998,2064.185611285232,Low
CUST01174,Social Media,Tier 3,4.0,1815.22,453.805,122.0,0.5853658536585366,1180.93,2063.977827433712,Low
CUST00939,Email,Tier 3,2.0,1059.26,529.63,180.0,0.2777777777777778,2377.51,2061.587410014286,Low
CUST01622,Referral,Tier 3,3.0,2061.17,687.0566666666667,47.0,0.6382978723404256,1965.98,2061.4118626020972,Low
CUST01384,Organic Search,Tier 1,3.0,1397.6799999999998,465.89333333333326,223.0,0.38135593220338987,3284.62,2061.2758487134247,Low
CUST02318,Referral,Tier 3,3.0,2055.11,685.0366666666667,32.0,0.7258064516129032,2409.25,2060.9132494860874,Low
CUST00876,Social Media,Tier 1,1.0,645.15,645.15,99.0,0.30303030303030304,1452.1,2060.865250702467,Low
CUST00935,Social Media,Tier 2,2.0,844.42,422.21,166.0,0.218978102189781,3237.75,2060.021410117559,Low
CUST01072,Referral,Tier 1,2.0,1117.19,558.595,103.0,0.3125,900.3199999999999,2059.708248749742,Low
CUST02012,Paid Ads,Tier 3,6.0,2737.06,456.1766666666667,77.0,0.5202312138728323,2495.08,2057.8676418786067,Low
CUST00881,Organic Search,Tier 1,3.0,1488.76,496.25333333333333,216.0,0.3829787234042553,0.0,2056.945818917405,Low
CUST00588,Paid Ads,Tier 1,4.0,1932.48,483.12,177.0,0.5333333333333333,2013.6399999999999,2056.7439342033686,Low
CUST01602,Email,Tier 2,2.0,1259.08,629.54,164.0,0.32786885245901637,3287.59,2055.8320202005893,Low
CUST01685,Organic Search,Tier 1,2.0,953.39,476.695,24.0,0.6122448979591836,1418.5,2055.7959227486554,Low
CUST00467,Organic Search,Tier 2,7.0,4125.98,589.4257142857142,94.0,0.7865168539325843,1583.55,2055.2440070810244,Low
CUST00079,Paid Ads,Tier 3,8.0,4807.66,600.9575,82.0,0.7894736842105263,2757.03,2055.0354230801554,Low
CUST01681,Paid Ads,Tier 1,1.0,414.25,414.25,136.0,0.22058823529411764,2455.78,2052.42365273685,Low
CUST01514,Social Media,Tier 1,1.0,442.77,442.77,60.0,0.5,2862.33,2051.5753389232336,Low
CUST01924,Paid Ads,Tier 1,2.0,1135.88,567.94,154.0,0.37037037037037035,3211.84,2050.518331641287,Low
CUST01109,Email,Tier 1,7.0,7808.39,1115.4842857142858,154.0,0.6840390879478827,0.0,2049.0153861467757,Low
CUST02017,Social Media,Tier 2,6.0,3252.9300000000003,542.1550000000001,2.0,0.7725321888412017,1388.1,2047.394992566028,Low
CUST00043,Email,Tier 1,1.0,646.61,646.61,55.0,0.5454545454545454,1675.67,2046.2289934143553,Low
CUST00906,Paid Ads,Tier 2,22.0,37887.42,1722.1554545454544,122.0,1.8803418803418805,0.0,2045.9240234343154,Low
CUST00671,Social Media,Tier 1,3.0,1656.37,552.1233333333333,155.0,0.33457249070631967,2895.08,2045.756746564459,Low
CUST02933,Organic Search,Tier 1,10.0,4777.2300000000005,477.72300000000007,14.0,1.3761467889908259,0.0,2044.2793081881648,Low
CUST02477,Email,Tier 2,2.0,1489.21,744.605,42.0,0.4411764705882353,2096.3399999999997,2044.0558922526302,Low
CUST02204,Email,Tier 2,3.0,2091.3199999999997,697.1066666666666,31.0,0.6206896551724138,0.0,2043.877183862456,Low
CUST01292,Email,Tier 1,2.0,1046.39,523.195,41.0,0.8450704225352113,373.08,2043.7154210011793,Low
CUST02663,Paid Ads,Tier 1,3.0,1053.82,351.2733333333333,85.0,0.4864864864864865,2387.98,2043.5393531816167,Low
CUST02119,Paid Ads,Tier 2,4.0,2439.75,609.9375,104.0,0.5504587155963303,0.0,2043.3185724369557,Low
CUST01326,Paid Ads,Tier 3,3.0,1151.1,383.7,128.0,0.4326923076923077,1275.8500000000001,2042.4366926574592,Low
CUST00626,Paid Ads,Tier 1,2.0,1308.48,654.24,110.0,0.28436018957345977,2810.06,2042.0177850904809,Low
CUST01322,Organic Search,Tier 1,6.0,3278.11,546.3516666666667,89.0,0.6666666666666667,1125.1,2041.5294289044507,Low
CUST01291,Organic Search,Tier 1,7.0,4068.14,581.1628571428571,18.0,0.7046979865771812,2156.58,2041.1577974017275,Low
CUST00269,Social Media,Tier 1,5.0,3456.06,691.212,30.0,0.7425742574257426,0.0,2040.360533084091,Low
CUST01696,Referral,Tier 1,6.0,2387.88,397.98,62.0,0.6271777003484321,677.59,2040.0516465653661,Low
CUST00853,Paid Ads,Tier 3,6.0,3123.4,520.5666666666667,8.0,0.6338028169014085,860.6,2039.65911280389,Low
CUST02229,Email,Tier 2,3.0,1910.83,636.9433333333333,138.0,0.41284403669724773,1800.93,2039.4752642503702,Low
CUST02534,Social Media,Tier 1,5.0,2814.29,562.858,73.0,0.46439628482972134,1137.1,2037.0691864182256,Low
CUST01697,Paid Ads,Tier 1,5.0,3039.1899999999996,607.838,39.0,0.5376344086021505,974.8699999999999,2036.7637862735223,Low
CUST01712,Paid Ads,Tier 1,4.0,2604.7799999999997,651.1949999999999,2.0,0.5240174672489083,2344.76,2036.1736492014377,Low
CUST00629,Paid Ads,Tier 2,5.0,2384.9,476.98,9.0,0.5681818181818182,981.74,2035.12905151589,Low
CUST02900,Email,Tier 3,4.0,2615.22,653.805,49.0,0.6153846153846154,1445.1499999999999,2035.0317647085171,Low
CUST00254,Organic Search,Tier 1,2.0,1292.97,646.485,44.0,0.3614457831325301,2741.7,2034.4881504872722,Low
CUST01971,Paid Ads,Tier 2,1.0,543.36,543.36,113.0,0.2654867256637168,1273.44,2034.2783621963165,Low
CUST01311,Referral,Tier 1,1.0,379.31,379.31,167.0,0.17964071856287425,0.0,2033.0925070034698,Low
CUST02306,Paid Ads,Tier 2,1.0,532.07,532.07,153.0,0.19607843137254902,1265.5500000000002,2032.6360066352315,Low
CUST00641,Social Media,Tier 1,5.0,3479.83,695.966,17.0,0.5226480836236933,2762.1,2031.8833497981468,Low
CUST00751,Organic Search,Tier 2,5.0,2517.82,503.564,49.0,0.5703422053231939,3264.3900000000003,2031.5087124476186,Low
CUST01763,Organic Search,Tier 1,2.0,1395.13,697.565,31.0,0.7407407407407407,1975.97,2031.0627321780232,Low
CUST02633,Organic Search,Tier 1,5.0,2873.99,574.798,72.0,0.5190311418685122,2978.8599999999997,2030.412649110869,Low
CUST02177,Organic Search,Tier 2,6.0,2926.77,487.795,55.0,0.5263157894736842,2114.81,2029.8612002462494,Low
CUST00408,Paid Ads,Tier 1,7.0,3530.9900000000002,504.4271428571429,11.0,0.8823529411764706,3297.66,2029.7548141072998,Low
CUST02429,Organic Search,Tier 2,2.0,1342.9099999999999,671.4549999999999,140.0,0.24,2457.48,2029.0488638222143,Low
CUST02674,Referral,Tier 2,3.0,1376.95,458.98333333333335,113.0,0.3571428571428571,3790.67,2027.813516636053,Low
CUST02245,Paid Ads,Tier 1,20.0,33712.29,1685.6145000000001,79.0,2.3904382470119523,0.0,2027.7783163607078,Low
CUST01033,Referral,Tier 1,2.0,1292.6100000000001,646.3050000000001,173.0,0.2542372881355932,3455.86,2027.7044664468938,Low
CUST02709,Social Media,Tier 2,2.0,1255.78,627.89,195.0,0.23255813953488372,3682.53,2026.9783401040306,Low
CUST01967,Organic Search,Tier 1,5.0,2984.48,596.896,80.0,0.47770700636942676,0.0,2026.9648070014396,Low
CUST01739,Email,Tier 1,3.0,1364.59,454.8633333333333,137.0,0.6040268456375839,0.0,2025.9712519397556,Low
CUST02910,Paid Ads,Tier 1,1.0,661.54,661.54,306.0,0.09803921568627451,0.0,2025.9175406968811,Low
CUST00318,Organic Search,Tier 1,8.0,4092.79,511.59875,27.0,0.8921933085501859,1067.93,2025.535099501537,Low
CUST00202,Email,Tier 1,2.0,937.46,468.73,99.0,0.5660377358490566,0.0,2024.6674777040125,Low
CUST02921,Email,Tier 1,4.0,2598.67,649.6675,52.0,0.4669260700389105,1724.7200000000003,2024.4539264399943,Low
CUST01169,Social Media,Tier 3,2.0,824.94,412.47,231.0,0.24,3034.2,2022.8376308432396,Low
CUST02589,Email,Tier 1,1.0,528.29,528.29,130.0,0.23076923076923078,430.63,2022.6817895580355,Low
CUST00197,Email,Tier 1,3.0,4074.3599999999997,1358.12,78.0,0.5084745762711864,0.0,2022.462500851267,Low
CUST02280,Paid Ads,Tier 1,2.0,968.78,484.39,65.0,0.594059405940594,3143.19,2022.198866473928,Low
CUST01809,Paid Ads,Tier 2,2.0,1344.79,672.395,72.0,0.46153846153846156,0.0,2021.8761525297086,Low
CUST00291,Referral,Tier 1,2.0,1257.31,628.655,100.0,0.594059405940594,2851.61,2021.460168034115,Low
CUST02740,Paid Ads,Tier 1,7.0,3532.63,504.6614285714286,2.0,0.7420494699646643,909.5699999999999,2019.3402025988412,Low
CUST01985,Social Media,Tier 2,2.0,1172.53,586.265,133.0,0.24096385542168672,1158.08,2018.1726895310132,Low
CUST01868,Paid Ads,Tier 1,2.0,1280.17,640.085,109.0,0.5454545454545454,2700.78,2017.0704268932373,Low
CUST01037,Organic Search,Tier 1,7.0,4038.03,576.8614285714286,65.0,0.7636363636363637,1381.52,2016.7997638158197,Low
CUST00283,Paid Ads,Tier 2,7.0,3543.02,506.1457142857143,19.0,0.6796116504854369,5146.9400000000005,2015.855132720191,Low
CUST02679,Social Media,Tier 1,1.0,701.7,701.7,148.0,0.20270270270270271,4277.38,2015.4344219625477,Low
CUST01813,Organic Search,Tier 1,4.0,2723.2200000000003,680.8050000000001,44.0,0.5194805194805194,2712.99,2014.1706522300817,Low
CUST00240,Social Media,Tier 2,2.0,1051.12,525.56,97.0,0.28708133971291866,3554.31,2012.5941341109528,Low
CUST02667,Organic Search,Tier 2,2.0,1374.26,687.13,70.0,0.5714285714285715,490.6,2012.1986555960689,Low
CUST02392,Email,Tier 3,6.0,2982.72,497.11999999999995,154.0,0.6,3529.6,2011.380618931078,Low
CUST00927,Organic Search,Tier 1,4.0,2342.23,585.5575,125.0,0.48192771084337344,3823.65,2011.047935812773,Low
CUST01576,Social Media,Tier 2,5.0,3169.13,633.826,17.0,0.5172413793103449,1125.7,2010.084664337311,Low
CUST02693,Social Media,Tier 2,2.0,1117.56,558.78,202.0,0.25862068965517243,1573.04,2008.6209700826935,Low
CUST00820,Organic Search,Tier 1,6.0,3357.68,559.6133333333333,55.0,0.5678233438485805,1531.02,2006.273139883663,Low
CUST02220,Social Media,Tier 1,1.0,685.87,685.87,310.0,0.0967741935483871,1602.38,2005.1663024112186,Low
CUST00974,Organic Search,Tier 2,4.0,2451.88,612.97,127.0,0.46511627906976744,1680.84,2004.9276371719338,Low
CUST01581,Referral,Tier 2,5.0,2931.46,586.292,27.0,0.6976744186046512,0.0,2003.8678632829085,Low
CUST02545,Organic Search,Tier 2,1.0,640.79,640.79,86.0,0.3488372093023256,0.0,2003.2245596438709,Low
CUST00320,Email,Tier 2,1.0,502.52,502.52,44.0,0.6818181818181819,1090.8600000000001,2001.5505217959376,Low
CUST01098,Paid Ads,Tier 1,5.0,2540.91,508.18199999999996,86.0,0.4601226993865031,947.74,2000.4175124753647,Low
CUST01493,Email,Tier 1,6.0,2983.75,497.2916666666667,67.0,0.8530805687203791,2006.82,2000.2553105218533,Low
CUST01638,Referral,Tier 1,1.0,293.52,293.52,249.0,0.12048192771084336,1151.75,1999.320091222263,Low
CUST00843,Organic Search,Tier 1,2.0,1135.86,567.93,202.0,0.26905829596412556,2201.17,1998.8286291476875,Low
CUST02490,Email,Tier 2,3.0,1841.51,613.8366666666667,93.0,0.9375,0.0,1998.1069246533373,Low
CUST00562,Organic Search,Tier 1,4.0,2244.2200000000003,561.0550000000001,132.0,0.425531914893617,2990.37,1998.0197470884668,Low
CUST02170,Referral,Tier 1,2.0,934.3299999999999,467.16499999999996,105.0,0.5128205128205129,3451.19,1997.3487765575178,Low
CUST02564,Social Media,Tier 2,1.0,582.55,582.55,287.0,0.10452961672473868,2654.18,1996.3794719023738,Low
CUST00033,Referral,Tier 1,3.0,1977.13,659.0433333333334,83.0,0.371900826446281,1224.38,1995.1345591245515,Low
CUST01598,Email,Tier 2,5.0,3042.42,608.484,102.0,0.4807692307692307,3161.87,1995.08008827938,Low
CUST01236,Social Media,Tier 3,1.0,691.17,691.17,287.0,0.10452961672473868,2542.68,1993.4174743430697,Low
CUST02479,Social Media,Tier 1,8.0,3847.33,480.91625,39.0,0.9125475285171103,1000.01,1990.9001328338597,Low
CUST02940,Organic Search,Tier 1,7.0,3989.05,569.8642857142858,9.0,0.6976744186046512,739.98,1987.6176222210859,Low
CUST02880,Email,Tier 2,5.0,2701.14,540.228,22.0,0.5859375,436.72,1987.4200187676365,Low
CUST02819,Organic Search,Tier 1,7.0,3431.75,490.25,62.0,0.7749077490774908,1683.99,1986.7631979982432,Low
CUST00520,Paid Ads,Tier 2,7.0,3286.2,469.45714285714286,19.0,0.6752411575562701,1337.25,1984.4545630332323,Low
CUST01414,Email,Tier 1,2.0,1323.01,661.505,66.0,0.7228915662650602,1262.98,1984.3117095387881,Low
CUST00567,Email,Tier 1,3.0,1467.63,489.21000000000004,114.0,0.3643724696356275,0.0,1984.0888474509659,Low
CUST02397,Social Media,Tier 3,3.0,2074.06,691.3533333333334,38.0,0.5027932960893855,739.62,1983.1392843081842,Low
CUST02037,Paid Ads,Tier 1,7.0,3678.5,525.5,18.0,0.9170305676855894,1434.71,1983.032651058922,Low
CUST01952,Organic Search,Tier 1,5.0,2867.45,573.49,126.0,0.5905511811023622,1086.16,1982.8554263980873,Low
CUST01234,Email,Tier 2,7.0,3691.08,527.2971428571428,69.0,0.6287425149700598,1626.83,1980.7931429787745,Low
CUST01309,Email,Tier 1,8.0,3532.11,441.51375,23.0,0.7894736842105263,692.78,1979.9598483848154,Low
CUST00651,Referral,Tier 2,2.0,1309.39,654.695,59.0,0.5217391304347826,297.93,1977.5861621644592,Low
CUST00715,Paid Ads,Tier 1,2.0,1354.24,677.12,97.0,0.6060606060606061,0.0,1976.3046807953292,Low
CUST00110,Organic Search,Tier 2,11.0,5536.05,503.27727272727276,74.0,1.1,436.34,1976.255234748773,Low
CUST01975,Paid Ads,Tier 1,5.0,3372.35,674.47,74.0,0.6122448979591836,0.0,1975.8348200108642,Low
CUST00109,Social Media,Tier 1,5.0,3189.38,637.876,17.0,0.5434782608695652,5059.33,1975.35211945665,Low
CUST02946,Referral,Tier 1,5.0,2841.13,568.226,20.0,0.6382978723404256,1012.9,1972.4184384988396,Low
CUST01695,Social Media,Tier 1,6.0,3379.0299999999997,563.1716666666666,67.0,0.6185567010309279,2371.2400000000002,1972.040417974275,Low
CUST01134,Social Media,Tier 1,3.0,2031.43,677.1433333333333,57.0,0.3879310344827586,0.0,1971.4417688653064,Low
CUST02995,Paid Ads,Tier 1,6.0,3536.79,589.465,21.0,0.8108108108108109,584.87,1969.3221921384936,Low
CUST00460,Organic Search,Tier 3,0.0,0.0,0.0,360.0,0.0,4140.71,1969.2486981106422,Low
CUST01439,Email,Tier 2,6.0,3931.71,655.285,65.0,0.547112462006079,690.88,1967.8260970979484,Low
CUST02610,Referral,Tier 2,1.0,150.0,150.0,111.0,0.2702702702702703,291.36,1967.5205649091254,Low
CUST00785,Organic Search,Tier 2,6.0,3045.41,507.5683333333333,44.0,0.5980066445182723,0.0,1967.4739536955149,Low
CUST01671,Email,Tier 2,2.0,1392.15,696.075,65.0,0.7792207792207793,1898.1100000000001,1967.4065914593882,Low
CUST01815,Organic Search,Tier 1,2.0,1395.2800000000002,697.6400000000001,207.0,0.22988505747126436,2770.32,1965.794171927834,Low
CUST02941,Email,Tier 2,4.0,2580.77,645.1925,54.0,0.6936416184971098,0.0,1965.221926027664,Low
CUST02781,Social Media,Tier 1,6.0,3732.69,622.115,6.0,0.6642066420664207,0.0,1963.5027044730268,Low
CUST01185,Organic Search,Tier 3,6.0,3333.29,555.5483333333333,28.0,0.6081081081081081,1412.1299999999999,1962.464241072274,Low
CUST02727,Email,Tier 3,1.0,393.49,393.49,225.0,0.13333333333333333,885.13,1958.3566650130313,Low
CUST01461,Email,Tier 1,6.0,3668.9700000000003,611.495,52.0,0.6474820143884893,2381.3500000000004,1958.2186183683202,Low
CUST00118,Social Media,Tier 1,3.0,1212.08,404.02666666666664,191.0,0.3284671532846716,1693.41,1954.7798376149565,Low
CUST01516,Social Media,Tier 1,7.0,3934.2799999999997,562.04,64.0,0.7216494845360825,924.19,1945.0770507586378,Low
CUST02728,Organic Search,Tier 1,8.0,4526.0599999999995,565.7574999999999,61.0,1.00418410041841,0.0,1943.8196811298358,Low
CUST00100,Email,Tier 1,3.0,2066.65,688.8833333333333,83.0,0.4,0.0,1943.7584614066088,Low
CUST01478,Organic Search,Tier 1,18.0,25736.75,1429.8194444444443,76.0,2.195121951219512,0.0,1943.5254681633246,Low
CUST02652,Organic Search,Tier 1,5.0,2455.8999999999996,491.17999999999995,115.0,0.5263157894736842,5301.43,1942.7885260599505,Low
CUST01324,Referral,Tier 2,4.0,2088.9,522.225,93.0,0.7058823529411764,3248.71,1942.4595694756565,Low
CUST00340,Social Media,Tier 3,3.0,1580.4700000000003,526.8233333333334,115.0,0.297029702970297,3935.31,1941.6258082740221,Low
CUST00723,Email,Tier 2,5.0,2994.48,598.896,57.0,0.5357142857142857,0.0,1941.3993695978324,Low
CUST01531,Organic Search,Tier 2,3.0,1539.02,513.0066666666667,147.0,0.31690140845070425,2960.99,1941.368625767966,Low
CUST02148,Social Media,Tier 1,4.0,2516.04,629.01,106.0,0.4545454545454546,2619.33,1939.8653071552988,Low
CUST00683,Social Media,Tier 3,4.0,2147.62,536.905,185.0,0.44280442804428044,2074.37,1936.4562990415934,Low
CUST00410,Organic Search,Tier 2,3.0,2005.2599999999998,668.42,193.0,0.32608695652173914,4762.53,1936.300414922735,Low
CUST00547,Organic Search,Tier 1,7.0,3550.88,507.2685714285714,87.0,0.8015267175572519,1887.1399999999999,1935.6515756152648,Low
CUST01424,Paid Ads,Tier 1,7.0,4059.12,579.8742857142857,51.0,0.7000000000000001,0.0,1934.2650843588597,Low
CUST00292,Organic Search,Tier 2,3.0,1598.95,532.9833333333333,110.0,0.32727272727272727,0.0,1933.7921289027931,Low
CUST02132,Social Media,Tier 2,3.0,1208.1599999999999,402.71999999999997,179.0,0.28125,1706.63,1931.10031611583,Low
CUST02824,Paid Ads,Tier 2,4.0,2723.42,680.855,173.0,0.4669260700389105,1693.82,1929.5588500524623,Low
CUST01200,Organic Search,Tier 3,0.0,0.0,0.0,360.0,0.0,0.0,1928.9459984572452,Low
CUST01519,Organic Search,Tier 2,2.0,1286.85,643.425,151.0,0.25641025641025644,0.0,1928.6735054069893,Low
CUST00172,Paid Ads,Tier 1,2.0,1348.17,674.085,83.0,0.594059405940594,0.0,1927.558880216067,Low
CUST00380,Organic Search,Tier 1,5.0,2802.37,560.4739999999999,108.0,0.9554140127388535,677.58,1924.9385093696183,Low
CUST01970,Paid Ads,Tier 1,6.0,2855.27,475.87833333333333,82.0,0.5921052631578947,2460.7,1924.1060329544487,Low
CUST00917,Paid Ads,Tier 2,4.0,2294.23,573.5575,99.0,0.3821656050955414,803.26,1923.7392195953619,Low
CUST00688,Paid Ads,Tier 1,7.0,3365.8199999999997,480.83142857142855,40.0,0.711864406779661,2244.2799999999997,1923.6635849968616,Low
CUST00709,Social Media,Tier 3,6.0,3379.61,563.2683333333333,57.0,0.6474820143884893,0.0,1923.475338289636,Low
CUST02859,Email,Tier 2,4.0,1674.94,418.735,93.0,0.40268456375838924,0.0,1920.2846774148907,Low
CUST01433,Organic Search,Tier 1,5.0,4379.36,875.872,210.0,0.43988269794721413,0.0,1919.6212067816275,Low
CUST01379,Paid Ads,Tier 3,0.0,0.0,0.0,360.0,0.0,1793.3000000000002,1918.3386005141094,Low
CUST00235,Organic Search,Tier 2,2.0,1499.6599999999999,749.8299999999999,213.0,0.18072289156626506,1425.4,1912.2563717981545,Low
CUST01930,Paid Ads,Tier 3,5.0,2775.91,555.182,85.0,0.7246376811594203,2674.7,1911.89442429685,Low
CUST01014,Social Media,Tier 2,5.0,3434.7799999999997,686.9559999999999,52.0,0.5535055350553506,1432.3799999999999,1910.795216036592,Low
CUST02915,Email,Tier 1,7.0,3774.8900000000003,539.2700000000001,45.0,0.6687898089171974,1439.4,1910.6160032930895,Low
CUST01232,Email,Tier 2,2.0,1003.56,501.78,166.0,0.297029702970297,0.0,1906.6567181378057,Low
CUST02869,Social Media,Tier 1,3.0,964.53,321.51,241.0,0.3308823529411765,1426.58,1906.3663899235626,Low
CUST00441,Email,Tier 3,4.0,2609.38,652.345,134.0,0.4669260700389105,1238.09,1904.490893226413,Low
CUST00640,Organic Search,Tier 1,1.0,645.69,645.69,148.0,0.20270270270270271,507.99,1903.917094448465,Low
CUST01401,Organic Search,Tier 1,4.0,2158.73,539.6825,206.0,0.37037037037037035,4359.03,1903.3803585058574,Low
CUST01056,Organic Search,Tier 3,6.0,4048.15,674.6916666666667,107.0,0.7563025210084033,1699.03,1900.0999456314828,Low
CUST00064,Paid Ads,Tier 2,7.0,3848.98,549.8542857142858,87.0,0.8203125,2712.56,1900.0581320633164,Low
CUST02450,Organic Search,Tier 3,3.0,1425.38,475.1266666666667,166.0,0.31358885017421606,2671.46,1900.0313882833595,Low
CUST02336,Social Media,Tier 2,1.0,684.77,684.77,167.0,0.17964071856287425,0.0,1899.3821973873462,Low
CUST00590,Email,Tier 1,6.0,3062.01,510.33500000000004,83.0,0.6338028169014085,794.1899999999999,1894.7452186434668,Low
CUST00819,Paid Ads,Tier 1,0.0,0.0,0.0,360.0,0.0,0.0,1892.8543995584341,Low
CUST00206,Referral,Tier 2,2.0,890.35,445.175,129.0,0.4545454545454546,1661.95,1891.0342329435284,Low
CUST02997,Paid Ads,Tier 1,2.0,1369.5,684.75,98.0,0.5454545454545454,4390.42,1889.867518709989,Low
CUST00845,Email,Tier 2,3.0,1788.19,596.0633333333334,108.0,0.29605263157894735,2923.65,1881.4685280069787,Low
CUST01593,Social Media,Tier 2,2.0,853.27,426.635,227.0,0.22900763358778625,0.0,1881.244150462892,Low
CUST00092,Paid Ads,Tier 2,7.0,7006.7,1000.9571428571428,209.0,0.7046979865771812,0.0,1880.4958207470597,Low
CUST01341,Paid Ads,Tier 2,3.0,1575.3600000000001,525.12,102.0,0.2875399361022364,473.86,1873.2708983832172,Low
CUST00238,Paid Ads,Tier 2,1.0,330.4,330.4,114.0,0.2631578947368421,2264.99,1872.1910351244064,Low
CUST02467,Email,Tier 2,3.0,1757.29,585.7633333333333,147.0,0.4787234042553191,2460.49,1871.2258218038762,Low
CUST00847,Organic Search,Tier 3,3.0,1716.83,572.2766666666666,141.0,0.32142857142857145,1758.83,1870.4109426409593,Low
CUST00411,Referral,Tier 1,4.0,2183.26,545.815,131.0,0.437956204379562,0.0,1869.9277729407022,Low
CUST00570,Email,Tier 2,3.0,1304.88,434.96000000000004,166.0,0.3643724696356275,1637.53,1867.8489656287206,Low
CUST02492,Social Media,Tier 2,2.0,1100.48,550.24,189.0,0.18292682926829268,2273.47,1867.3270323618851,Low
CUST02446,Social Media,Tier 1,4.0,1661.3600000000001,415.34000000000003,195.0,0.3448275862068966,2285.24,1867.047027540652,Low
CUST01455,Referral,Tier 1,1.0,693.92,693.92,27.0,1.1111111111111112,0.0,1866.4118190877714,Low
CUST00388,Email,Tier 3,4.0,2101.33,525.3325,136.0,0.5309734513274336,1821.8600000000001,1863.5424410039434,Low
CUST01043,Organic Search,Tier 3,5.0,2317.33,463.466,190.0,0.4658385093167702,0.0,1863.4359871661454,Low
CUST01288,Organic Search,Tier 2,4.0,2101.8,525.45,103.0,0.5240174672489083,0.0,1863.0857152350413,Low
CUST01466,Organic Search,Tier 2,2.0,1020.51,510.255,185.0,0.22556390977443608,2089.68,1858.7987197638133,Low
CUST00730,Social Media,Tier 3,2.0,1311.07,655.535,217.0,0.20833333333333331,0.0,1858.762019857471,Low
CUST02425,Organic Search,Tier 2,4.0,2577.9700000000003,644.4925000000001,246.0,0.3498542274052478,2657.77,1858.6709274710122,Low
CUST01542,Organic Search,Tier 1,3.0,1857.42,619.14,229.0,0.2786377708978328,1742.99,1857.7278961672585,Low
CUST02771,Referral,Tier 2,2.0,1352.74,676.37,250.0,0.20761245674740486,3410.47,1855.9943577813924,Low
CUST02309,Social Media,Tier 2,5.0,2827.21,565.442,166.0,0.495049504950495,2896.6099999999997,1851.6884019512224,Low
CUST02230,Paid Ads,Tier 3,2.0,827.9300000000001,413.96500000000003,113.0,0.32085561497326204,853.28,1851.293644611023,Low
CUST02526,Social Media,Tier 3,4.0,2288.31,572.0775,166.0,0.37974683544303794,1950.0500000000002,1850.4001051467699,Low
CUST01821,Organic Search,Tier 1,2.0,1146.47,573.235,184.0,0.2247191011235955,412.67,1848.975229358004,Low
CUST00181,Organic Search,Tier 1,2.0,792.4300000000001,396.21500000000003,228.0,0.21978021978021978,4721.87,1847.0842237061572,Low
CUST01160,Social Media,Tier 1,5.0,2763.48,552.696,109.0,0.5154639175257733,1644.57,1845.2837793219232,Low
CUST01253,Organic Search,Tier 2,0.0,0.0,0.0,360.0,0.0,2522.5,1844.1010792980424,Low
CUST01339,Organic Search,Tier 2,3.0,2016.47,672.1566666666666,150.0,0.4072398190045249,3029.26,1840.965974190842,Low
CUST01564,Paid Ads,Tier 3,2.0,1169.78,584.89,99.0,0.2531645569620253,2097.09,1837.0247615074486,Low
CUST00310,Organic Search,Tier 1,3.0,2086.6800000000003,695.5600000000001,112.0,0.41284403669724773,3001.8199999999997,1834.7041607529527,Low
CUST02677,Social Media,Tier 2,4.0,2495.92,623.98,151.0,0.42857142857142855,1486.4,1833.244848993509,Low
CUST02684,Organic Search,Tier 1,2.0,1008.9,504.45,166.0,0.26200873362445415,3406.11,1831.019237442378,Low
CUST00827,Organic Search,Tier 2,5.0,2003.1399999999999,400.628,141.0,0.5859375,0.0,1829.0284026536167,Low
CUST01110,Referral,Tier 1,3.0,1122.5900000000001,374.1966666666667,150.0,0.2702702702702703,0.0,1828.6239406175655,Low
CUST02156,Paid Ads,Tier 2,4.0,2247.45,561.8625,151.0,0.42402826855123676,2548.27,1826.366916956607,Low
CUST01919,Referral,Tier 1,4.0,1890.16,472.54,145.0,0.3529411764705882,1640.87,1823.783672878746,Low
CUST01020,Referral,Tier 1,2.0,769.77,384.885,232.0,0.17391304347826086,1421.23,1823.5413919973516,Low
CUST00604,Email,Tier 3,0.0,0.0,0.0,360.0,0.0,0.0,1819.6986480945325,Low
CUST00210,Organic Search,Tier 2,4.0,1956.12,489.03,167.0,0.437956204379562,0.0,1819.3961683370546,Low
CUST00020,Email,Tier 3,3.0,1232.3899999999999,410.7966666666666,237.0,0.2777777777777778,1924.52,1819.006161794047,Low
CUST02299,Social Media,Tier 2,2.0,672.5699999999999,336.28499999999997,217.0,0.21978021978021978,2628.71,1816.8301848862177,Low
CUST02511,Paid Ads,Tier 1,4.0,2365.8199999999997,591.4549999999999,142.0,0.41666666666666663,2789.26,1813.548140830755,Low
CUST00605,Organic Search,Tier 2,9.0,5043.4,560.3777777777777,137.0,0.8517350157728707,1920.1399999999999,1811.6830458061618,Low
CUST00133,Social Media,Tier 1,2.0,616.79,308.395,156.0,0.27906976744186046,0.0,1810.702703476978,Low
CUST02891,Referral,Tier 2,5.0,2086.12,417.224,129.0,0.5016722408026756,1845.25,1808.4643476434933,Low
CUST02286,Organic Search,Tier 1,1.0,574.24,574.24,225.0,0.13333333333333333,406.41,1807.0926318838033,Low
CUST00418,Referral,Tier 1,5.0,2625.94,525.188,108.0,0.48701298701298695,1535.9,1806.6605960573763,Low
CUST02925,Paid Ads,Tier 1,2.0,1747.62,873.81,142.0,0.20761245674740486,1928.77,1805.886552040211,Low
CUST00857,Email,Tier 1,2.0,1121.68,560.84,165.0,0.17964071856287425,889.32,1805.7077625669267,Low
CUST01333,Organic Search,Tier 2,2.0,1195.95,597.975,145.0,0.25862068965517243,2450.0299999999997,1801.4502503586739,Low
CUST01006,Organic Search,Tier 2,7.0,3815.5699999999997,545.0814285714285,189.0,0.6422018348623852,0.0,1797.881489432586,Low
CUST01503,Paid Ads,Tier 3,5.0,2763.48,552.696,147.0,0.5376344086021505,5078.73,1796.1157386493012,Low
CUST01986,Paid Ads,Tier 2,1.0,612.29,612.29,177.0,0.1694915254237288,2183.17,1794.5090198549624,Low
CUST02987,Email,Tier 3,3.0,1781.8400000000001,593.9466666666667,125.0,0.36585365853658536,2342.02,1794.466261271997,Low
CUST01284,Paid Ads,Tier 3,2.0,1510.35,755.175,173.0,0.2,0.0,1792.3938251857676,Low
CUST00369,Paid Ads,Tier 2,0.0,0.0,0.0,360.0,0.0,2215.33,1789.9916274177513,Low
CUST02600,Organic Search,Tier 3,3.0,1698.99,566.33,154.0,0.33962264150943394,0.0,1787.0489488675128,Low
CUST01968,Paid Ads,Tier 1,2.0,1375.6,687.8,265.0,0.19480519480519481,3531.6,1783.180333673249,Low
CUST00678,Organic Search,Tier 3,2.0,1198.35,599.175,152.0,0.21739130434782608,0.0,1782.9830915341104,Low
CUST00589,Paid Ads,Tier 1,1.0,626.49,626.49,334.0,0.08982035928143713,1548.8,1781.4280777870413,Low
CUST01436,Referral,Tier 2,2.0,784.3199999999999,392.15999999999997,126.0,0.19736842105263158,0.0,1780.0969476127668,Low
CUST02551,Paid Ads,Tier 1,2.0,1229.5,614.75,224.0,0.22556390977443608,0.0,1776.2972042123301,Low
CUST00910,Organic Search,Tier 2,4.0,2515.33,628.8325,221.0,0.3973509933774834,0.0,1775.8818278423223,Low
CUST01747,Paid Ads,Tier 3,1.0,639.26,639.26,137.0,0.218978102189781,4380.04,1774.6855123028092,Low
CUST01998,Email,Tier 1,3.0,1318.65,439.55,185.0,0.26011560693641617,0.0,1773.6347719046846,Low
CUST00833,Organic Search,Tier 1,2.0,736.52,368.26,261.0,0.22556390977443608,0.0,1769.2770947521253,Low
CUST00196,Paid Ads,Tier 2,4.0,2594.27,648.5675,120.0,0.3785488958990536,0.0,1769.180384752613,Low
CUST01922,Organic Search,Tier 2,6.0,3289.12,548.1866666666666,130.0,0.6020066889632107,4647.05,1767.4916928960806,Low
CUST01781,Paid Ads,Tier 2,3.0,2057.68,685.8933333333333,136.0,0.31141868512110726,4217.84,1763.115732568469,Low
CUST02225,Paid Ads,Tier 1,4.0,2443.41,610.8525,101.0,0.5797101449275363,1049.71,1757.888893423143,Low
CUST02761,Paid Ads,Tier 1,2.0,1175.6399999999999,587.8199999999999,212.0,0.2608695652173913,806.4,1756.8456593998164,Low
CUST00417,Paid Ads,Tier 1,2.0,1139.46,569.73,195.0,0.218978102189781,3274.66,1750.3327891982374,Low
CUST02641,Social Media,Tier 3,1.0,882.68,882.68,178.0,0.16853932584269662,0.0,1747.042171194101,Low
CUST00936,Organic Search,Tier 2,4.0,2634.39,658.5975,166.0,0.43010752688172044,0.0,1747.0351267701176,Low
CUST02698,Organic Search,Tier 1,6.0,3049.61,508.2683333333334,115.0,0.6498194945848376,1984.91,1746.4770306650837,Low
CUST01492,Paid Ads,Tier 1,4.0,2532.58,633.145,140.0,0.36923076923076925,2133.66,1740.1448796610268,Low
CUST02568,Paid Ads,Tier 2,4.0,2398.08,599.52,162.0,0.39215686274509803,0.0,1733.719841561748,Low
CUST02468,Paid Ads,Tier 2,2.0,973.26,486.63,277.0,0.21505376344086022,0.0,1719.2619880466548,Low
CUST02772,Paid Ads,Tier 1,1.0,626.85,626.85,223.0,0.13452914798206278,1338.16,1712.927629235553,Low
CUST00425,Social Media,Tier 3,6.0,3864.79,644.1316666666667,102.0,0.5732484076433121,1141.21,1708.9050442587527,Low
CUST02440,Paid Ads,Tier 2,5.0,3020.45,604.0899999999999,121.0,0.5300353356890459,0.0,1705.3340767859017,Low
CUST00301,Paid Ads,Tier 2,2.0,971.05,485.525,325.0,0.18018018018018017,2285.8399999999997,1705.2213697408806,Low
CUST00085,Paid Ads,Tier 2,2.0,1284.0900000000001,642.0450000000001,251.0,0.19933554817275748,1516.92,1700.052461338441,Low
CUST02152,Paid Ads,Tier 3,2.0,1201.12,600.56,228.0,0.2631578947368421,3922.67,1699.6266516324918,Low
CUST01047,Paid Ads,Tier 1,2.0,1176.26,588.13,299.0,0.19801980198019803,0.0,1695.642534848372,Low
CUST02082,Paid Ads,Tier 1,2.0,1132.95,566.475,161.0,0.17191977077363896,0.0,1690.6877777162565,Low
CUST00083,Social Media,Tier 1,6.0,3487.09,581.1816666666667,152.0,0.527859237536657,469.42,1648.7359658915345,Low
CUST02849,Social Media,Tier 2,8.0,9066.66,1133.3325,162.0,0.7058823529411764,0.0,1639.0489568577823,Low
CUST02559,Email,Tier 3,5.0,3027.2,605.4399999999999,254.0,0.5263157894736842,0.0,1601.9501292560408,Low
CUST02212,Social Media,Tier 1,16.0,24388.22,1524.26375,139.0,1.4501510574018126,0.0,1591.0590947501778,Low
CUST00635,Paid Ads,Tier 3,6.0,2672.69,445.4483333333333,189.0,0.5607476635514018,1048.6299999999999,1572.9514757463567,Low
CUST01096,Paid Ads,Tier 1,7.0,3959.95,565.7071428571428,109.0,0.726643598615917,0.0,1571.5440183422184,Low
CUST00593,Paid Ads,Tier 2,6.0,3255.76,542.6266666666667,112.0,0.5572755417956656,0.0,1561.7231494529249,Low
CUST01209,Paid Ads,Tier 2,6.0,2144.17,357.3616666666667,201.0,0.5538461538461539,0.0,1554.9351286166157,Low
CUST02301,Referral,Tier 3,18.0,29735.8,1651.9888888888888,104.0,2.1011673151750974,0.0,1457.1868098553282,Low
CUST00649,Paid Ads,Tier 1,12.0,20459.53,1704.9608333333333,175.0,1.1009174311926606,0.0,1428.773603453212,Low
CUST02381,Paid Ads,Tier 2,16.0,26266.61,1641.663125,120.0,1.5335463258785942,0.0,1406.259246998185,Low
CUST00775,Social Media,Tier 3,15.0,25089.45,1672.63,81.0,1.40625,0.0,1373.3007324036873,Low
CUST01003,Paid Ads,Tier 2,15.0,26428.52,1761.9013333333335,170.0,1.4657980456026058,0.0,1319.4505412839,Low
CUST00281,Organic Search,Tier 2,16.0,26976.97,1686.060625,94.0,2.096069868995633,0.0,1244.3557066618291,Low
CUST01104,Social Media,Tier 1,14.0,23143.47,1653.105,92.0,1.3375796178343948,0.0,971.0385417733173,Low
CUST01025,Organic Search,Tier 1,14.0,25011.309999999998,1786.5221428571426,111.0,1.3680781758957654,0.0,772.3496234210871,Low
CUST00352,Referral,Tier 1,14.0,24434.5,1745.3214285714287,117.0,1.5384615384615383,0.0,764.612859220407,Low
